record_id,score_af,predicted_af
A0001,0.005520092813,0
A0002,0.0001487821124,0
A0003,0.9966069042,1
A0004,0.9975533178,1
A0005,0.003583735134,0
A0006,0.01886428726,0
A0007,0.9480932842,1
A0008,0.0005522967448,0
A0009,0.9900183615,1
A0010,0.0003569411564,0
A0011,0.1710952275,0
A0012,0.0001761261126,0
A0013,8.339550118e-05,0
A0014,0.0008288272726,0
A0015,0.01242046147,0
A0016,0.0002851371429,0
A0017,0.9812744378,1
A0018,0.004773273026,0
A0019,0.9938750831,1
A0020,0.0002626931321,0
A0021,0.0004914540005,0
A0022,0.3256150149,0
A0023,0.9853399204,1
A0024,0.01124646753,0
A0025,0.002206269331,0
A0026,0.05085842873,0
A0027,0.001191838346,0
A0028,9.571368069e-05,0
A0029,0.000655612928,0
A0030,3.993204023e-05,0
A0031,0.0003351942218,0
A0032,5.531336461e-05,0
A0033,0.00112374419,0
A0034,0.001310237013,0
A0035,0.0005158434763,0
A0036,0.001443465001,0
A0037,0.0001138766588,0
A0038,2.428431435e-05,0
A0039,0.0002939244773,0
A0040,0.01587164189,0
A0041,0.0001078308793,0
A0042,0.00377072551,0
A0043,0.004569684555,0
A0044,0.0002249777902,0
A0045,0.006795761498,0
A0046,0.000230604714,0
A0047,0.1380897386,0
A0048,5.141385785e-05,0
A0049,0.0001925307988,0
A0050,0.000676787952,0
A0051,0.0001018709373,0
A0052,0.000297126463,0
A0053,0.02644815879,0
A0054,4.529076896e-05,0
A0055,0.0003993696894,0
A0056,2.462463917e-05,0
A0057,0.002080847141,0
A0058,0.01131373969,0
A0059,7.816468255e-05,0
A0060,3.719737882e-05,0
A0061,0.9866066045,1
A0062,0.02911273959,0
A0063,0.0001708266664,0
A0064,0.9988171589,1
A0065,0.9989265554,1
A0066,0.001888489565,0
A0067,0.002572726107,0
A0068,0.03521761211,0
A0069,0.04212056758,0
A0070,0.001988249978,0
A0071,0.01886543412,0
A0072,0.0002407124708,0
A0073,0.001871764548,0
A0074,0.0001901280358,0
A0075,0.0001970924446,0
A0076,6.920571921e-05,0
A0077,0.0001912836844,0
A0078,0.0652942643,0
A0079,0.9895493174,1
A0080,0.002102751367,0
A0081,0.01886033402,0
A0082,0.008453075868,0
A0083,0.002562671354,0
A0084,0.0004251181063,0
A0085,0.0003008001537,0
A0086,0.9977714281,1
A0087,0.0001189446603,0
A0088,0.001804198995,0
A0089,4.016764046e-05,0
A0090,2.102143811e-05,0
A0091,0.001145761543,0
A0092,0.003843524571,0
A0093,0.003728449176,0
A0094,9.920275228e-05,0
A0095,0.00229929592,0
A0096,0.000458079389,0
A0097,0.1285035437,0
A0098,0.0001531823735,0
A0099,0.004307299057,0
A0100,8.942825811e-05,0
A0101,0.629025339,0
A0102,0.0002632705834,0
A0103,7.250168962e-05,0
A0104,6.69514946e-05,0
A0105,0.007291406892,0
A0106,0.0001630010964,0
A0107,0.0001168653417,0
A0108,0.03326920341,0
A0109,0.9146045057,1
A0110,4.875279971e-05,0
A0111,0.0001047700782,0
A0112,0.8720828479,1
A0113,0.02891535958,0
A0114,0.01064485731,0
A0115,0.007400668429,0
A0116,0.0001808266717,0
A0117,0.9875631561,1
A0118,4.503665372e-05,0
A0119,0.0005304640577,0
A0120,0.0001246937862,0
A0121,0.8566465435,1
A0122,0.9694774767,1
A0123,0.0008536125331,0
A0124,0.06920065242,0
A0125,0.0001416456822,0
A0126,0.9913107584,1
A0127,0.000861379811,0
A0128,4.461058207e-05,0
A0129,0.2820650235,0
A0130,0.00327635076,0
A0131,0.0001122395172,0
A0132,0.0001090518521,0
A0133,0.0002627843465,0
A0134,0.0003308402138,0
A0135,7.768445438e-05,0
A0136,4.684352357e-05,0
A0137,3.998117826e-05,0
A0138,0.003042468531,0
A0139,6.688563081e-05,0
A0140,0.0001020008293,0
A0141,0.0001836862419,0
A0142,0.0001347060596,0
A0143,0.002427853667,0
A0144,0.008739028541,0
A0145,0.4440231007,0
A0146,0.7902494004,0
A0147,2.641004329e-05,0
A0148,0.0008532616142,0
A0149,0.002919449544,0
A0150,0.9970497261,1
A0151,0.00111129633,0
A0152,0.0007742846801,0
A0153,0.9978859186,1
A0154,0.0001787059044,0
A0155,0.001504033241,0
A0156,0.0006797059056,0
A0157,0.0007925421258,0
A0158,0.01240451075,0
A0159,0.0002993925876,0
A0160,0.0008144247228,0
A0161,0.6978294394,0
A0162,0.0002037297696,0
A0163,0.0002953727755,0
A0164,2.24879461e-05,0
A0165,7.761012571e-05,0
A0166,2.701792133e-05,0
A0167,0.3674655424,0
A0168,9.276485518e-05,0
A0169,3.137255822e-05,0
A0170,0.00140554017,0
A0171,0.003473555972,0
A0172,0.0002075321834,0
A0173,0.0005353876194,0
A0174,0.0004491553564,0
A0175,6.234196086e-05,0
A0176,8.69245021e-05,0
A0177,0.000168616833,0
A0178,0.0006065251179,0
A0179,0.0001176735608,0
A0180,0.0002845927246,0
A0181,0.000350080373,0
A0182,0.1170642826,0
A0183,0.08896135912,0
A0184,0.9542375897,1
A0185,0.0001741368731,0
A0186,0.997030679,1
A0187,6.497500632e-05,0
A0188,0.06183753852,0
A0189,0.0003578895727,0
A0190,0.004143614837,0
A0191,0.0001142635962,0
A0192,0.001269504289,0
A0193,0.0002032079655,0
A0194,0.178899718,0
A0195,0.0003230741446,0
A0196,2.506856216e-05,0
A0197,0.0001769177619,0
A0198,0.5012810702,0
A0199,0.000122525343,0
A0200,0.001050637317,0
A0201,0.0004629607498,0
A0202,0.09257582594,0
A0203,0.9963593175,1
A0204,0.05619276273,0
A0205,0.9214314855,1
A0206,0.005372600646,0
A0207,0.869300368,1
A0208,0.0001131494539,0
A0209,0.0009026486704,0
A0210,2.66760105e-05,0
A0211,0.0002772516913,0
A0212,4.376571445e-05,0
A0213,0.998772331,1
A0214,0.4622417338,0
A0215,0.0008248257294,0
A0216,0.002228043753,0
A0217,0.9778016088,1
A0218,0.03096446417,0
A0219,0.0001860576232,0
A0220,0.9971148646,1
A0221,0.0008307263089,0
A0222,0.2460278134,0
A0223,9.183549086e-05,0
A0224,0.005486075505,0
A0225,0.03863182882,0
A0226,0.001024830798,0
A0227,0.00400013688,0
A0228,0.001750880383,0
A0229,0.0008152028853,0
A0230,0.005555344103,0
A0231,0.9982524191,1
A0232,5.366023396e-05,0
A0233,0.0006656489645,0
A0234,0.0003294187001,0
A0235,0.0046421186,0
A0236,0.0001745661909,0
A0237,0.1000260027,0
A0238,0.0006945133152,0
A0239,0.0002169122962,0
A0240,0.0002751475192,0
A0241,9.098355104e-05,0
A0242,5.204174534e-05,0
A0243,0.0002336212874,0
A0244,0.002991102904,0
A0245,0.004224824201,0
A0246,0.007274873395,0
A0247,0.9758796812,1
A0248,0.0009832465774,0
A0249,0.0003015601274,0
A0250,0.002105412264,0
A0251,0.01155185445,0
A0252,0.1125345055,0
A0253,0.001241410662,0
A0254,0.0001669188278,0
A0255,0.001599648745,0
A0256,0.0009663362895,0
A0257,0.9695818388,1
A0258,0.0003500689034,0
A0259,0.002216349519,0
A0260,0.9994602789,1
A0261,0.006484394863,0
A0262,0.0006579601113,0
A0263,0.001468747475,0
A0264,7.675004459e-05,0
A0265,0.001977135326,0
A0266,6.296978963e-05,0
A0267,0.9879668606,1
A0268,0.01068205177,0
A0269,0.02080255894,0
A0270,0.007560181181,0
A0271,0.9648980178,1
A0272,0.9076905174,1
A0273,0.0002302829849,0
A0274,0.8731579885,1
A0275,0.09172204461,0
A0276,0.9810914478,1
A0277,0.01029587039,0
A0278,0.001323743593,0
A0279,0.9939540686,1
A0280,0.1708114414,0
A0281,0.0001079003856,0
A0282,0.0004583239685,0
A0283,0.001598350077,0
A0284,0.01325589801,0
A0285,9.230608307e-05,0
A0286,0.0001877797033,0
A0287,0.03639168068,0
A0288,3.971478723e-05,0
A0289,0.6272830308,0
A0290,0.9942571493,1
A0291,0.0006148697062,0
A0292,0.0001634447333,0
A0293,0.0001456721475,0
A0294,6.60264166e-05,0
A0295,2.367150153e-05,0
A0296,0.0001672932259,0
A0297,8.588483437e-05,0
A0298,0.001887554305,0
A0299,0.0003960985171,0
A0300,0.08473177466,0
A0301,0.0001965562633,0
A0302,0.0006135612185,0
A0303,9.429774112e-05,0
A0304,0.008717087946,0
A0305,0.006772152324,0
A0306,0.9596799302,1
A0307,7.471138571e-05,0
A0308,0.02212626354,0
A0309,8.213515074e-05,0
A0310,0.02318489537,0
A0311,0.0006541625585,0
A0312,0.0003883696902,0
A0313,0.001807280193,0
A0314,0.02476626536,0
A0315,0.02583079255,0
A0316,0.9727919985,1
A0317,0.5970535134,0
A0318,0.0001337894053,0
A0319,0.005196913807,0
A0320,0.003068365205,0
A0321,0.009573276923,0
A0322,0.0001628044538,0
A0323,0.00108223629,0
A0324,0.08056120928,0
A0325,5.795876115e-05,0
A0326,0.0006907523734,0
A0327,7.474916614e-05,0
A0328,2.340813196e-05,0
A0329,0.1649230941,0
A0330,0.000173894414,0
A0331,0.09729400068,0
A0332,0.03243741579,0
A0333,0.001161142553,0
A0334,7.963043413e-05,0
A0335,0.0008605852336,0
A0336,3.202792e-05,0
A0337,9.336538533e-05,0
A0338,0.001051443896,0
A0339,0.001233590355,0
A0340,0.001997048209,0
A0341,6.225413038e-05,0
A0342,3.867108626e-05,0
A0343,0.0001790051893,0
A0344,0.0002148543657,0
A0345,0.0002734658219,0
A0346,0.005670057059,0
A0347,0.002855703854,0
A0348,7.414836973e-05,0
A0349,0.0009984427296,0
A0350,0.006420741537,0
A0351,0.819185769,1
A0352,9.060609162e-05,0
A0353,0.01388758597,0
A0354,0.003001918732,0
A0355,0.001193834844,0
A0356,0.973153789,1
A0357,0.07370846405,0
A0358,0.9469471121,1
A0359,0.02542384799,0
A0360,0.0002763394019,0
A0361,0.0003814198782,0
A0362,0.001239705058,0
A0363,0.7974850877,0
A0364,0.0004110370286,0
A0365,0.0001582694,0
A0366,5.249541448e-05,0
A0367,0.2410960628,0
A0368,8.997415138e-05,0
A0369,0.0001369965449,0
A0370,0.9724547897,1
A0371,6.650080592e-05,0
A0372,0.002294969909,0
A0373,0.00137237897,0
A0374,0.1708113235,0
A0375,0.9680821749,1
A0376,0.9865791814,1
A0377,0.01785186916,0
A0378,0.01304878442,0
A0379,0.0001608135305,0
A0380,0.005196002826,0
A0381,4.986173258e-05,0
A0382,0.002095278549,0
A0383,0.7641227062,0
A0384,0.07986742274,0
A0385,0.1100794629,0
A0386,5.196300176e-05,0
A0387,5.161550874e-05,0
A0388,0.001709199766,0
A0389,0.01321881101,0
A0390,0.9955670077,1
A0391,0.002481293875,0
A0392,0.9955877416,1
A0393,0.0001446586642,0
A0394,0.01355015412,0
A0395,4.504320862e-05,0
A0396,3.396264169e-05,0
A0397,0.0002433235722,0
A0398,0.0003162517543,0
A0399,0.9781610486,1
A0400,4.194687544e-05,0
A0401,0.002504011783,0
A0402,0.002434821967,0
A0403,0.002159329142,0
A0404,0.0001086204815,0
A0405,0.4222089958,0
A0406,0.9976054576,1
A0407,0.0002166254781,0
A0408,0.2725755134,0
A0409,2.550477871e-05,0
A0410,0.0003758300316,0
A0411,5.309293185e-05,0
A0412,0.989209986,1
A0413,0.001920700624,0
A0414,0.005982913065,0
A0415,0.9794837863,1
A0416,0.0001297786882,0
A0417,9.820806614e-05,0
A0418,0.0470089257,0
A0419,7.623961837e-05,0
A0420,0.0005420754847,0
A0421,0.9938565278,1
A0422,2.778956992e-05,0
A0423,0.0002609856929,0
A0424,0.9992735111,1
A0425,0.0004549037488,0
A0426,0.001095605749,0
A0427,0.00468680289,0
A0428,0.0003321930032,0
A0429,0.002680229157,0
A0430,1.614883777e-05,0
A0431,0.0007106093999,0
A0432,5.768318358e-05,0
A0433,6.413334714e-05,0
A0434,0.0001413070359,0
A0435,0.9973057258,1
A0436,0.0004175780944,0
A0437,0.0001950553321,0
A0438,0.9903705829,1
A0439,0.3989653103,0
A0440,0.09744166461,0
A0441,0.0001637022579,0
A0442,0.9709121658,1
A0443,0.08341866683,0
A0444,0.003134430552,0
A0445,0.7320723993,0
A0446,0.18159773,0
A0447,0.01841203058,0
A0448,3.266976569e-05,0
A0449,3.620720273e-05,0
A0450,0.0003097636876,0
A0451,0.0007691440977,0
A0452,0.4261649453,0
A0453,0.007122682256,0
A0454,0.1515309793,0
A0455,0.0002106085759,0
A0456,0.296081271,0
A0457,0.000172916971,0
A0458,0.0006890361673,0
A0459,0.008495916234,0
A0460,0.001879639329,0
A0461,8.340101568e-05,0
A0462,0.02749185189,0
A0463,0.666162573,0
A0464,0.7358064595,0
A0465,0.9241339855,1
A0466,0.01153988033,0
A0467,0.000652679837,0
A0468,0.1860058473,0
A0469,0.001108246293,0
A0470,0.7837039909,0
A0471,0.9983977662,1
A0472,0.3940762648,0
A0473,2.55700884e-05,0
A0474,0.01199313178,0
A0475,0.002557941269,0
A0476,0.0006182035038,0
A0477,0.01495164048,0
A0478,0.04955418067,0
A0479,0.006772735993,0
A0480,1.545248206e-05,0
A0481,0.001063952589,0
A0482,2.961125201e-05,0
A0483,0.9274581841,1
A0484,0.9959418528,1
A0485,0.006937874898,0
A0486,0.264169091,0
A0487,2.9609706e-05,0
A0488,0.0002428995069,0
A0489,0.0001053493617,0
A0490,0.0002222954925,0
A0491,0.3424608977,0
A0492,0.001173861261,0
A0493,0.0001380860047,0
A0494,0.004996601017,0
A0495,0.9925455016,1
A0496,0.002151104086,0
A0497,7.031651126e-05,0
A0498,0.9083841256,1
A0499,0.0001559326832,0
A0500,0.000308679086,0
A0501,5.971760714e-05,0
A0502,0.6250890463,0
A0503,0.9931294746,1
A0504,0.9922523808,1
A0505,0.007644578501,0
A0506,0.01376140362,0
A0507,0.0004472724406,0
A0508,0.004073101124,0
A0509,0.0003273392414,0
A0510,2.338281002e-05,0
A0511,0.0001995655063,0
A0512,7.715031701e-05,0
A0513,0.9770822969,1
A0514,0.9948150363,1
A0515,0.134068305,0
A0516,2.789470944e-05,0
A0517,0.0009249142077,0
A0518,0.9977982278,1
A0519,0.6826558681,0
A0520,8.961220434e-05,0
A0521,0.3496277117,0
A0522,0.0009035803672,0
A0523,3.106461438e-05,0
A0524,0.0006536263232,0
A0525,0.9961357999,1
A0526,5.880127918e-05,0
A0527,0.001346996502,0
A0528,0.02240255594,0
A0529,0.0002424881546,0
A0530,0.9871361708,1
A0531,0.9940825404,1
A0532,0.0005672282602,0
A0533,0.009532818214,0
A0534,0.005913959399,0
A0535,0.0002379476238,0
A0536,0.0004568637332,0
A0537,0.9951707925,1
A0538,0.0001328086208,0
A0539,0.00101897826,0
A0540,0.003164736496,0
A0541,0.0001521259538,0
A0542,0.0002611574182,0
A0543,0.9982453186,1
A0544,0.002932810206,0
A0545,0.9916524616,1
A0546,0.4260798339,0
A0547,0.9919953704,1
A0548,0.763647618,0
A0549,0.9887692467,1
A0550,2.340081888e-05,0
A0551,0.4981730877,0
A0552,0.0001284367074,0
A0553,8.014356578e-05,0
A0554,0.03198688947,0
A0555,0.000628021452,0
A0556,0.005636331849,0
A0557,0.3168163652,0
A0558,0.0001862395045,0
A0559,0.257887841,0
A0560,0.04014007443,0
A0561,0.001543792655,0
A0562,8.778181927e-05,0
A0563,0.9133147693,1
A0564,0.7199813749,0
A0565,0.001818936207,0
A0566,0.9966967739,1
A0567,0.0001071074034,0
A0568,0.4254718715,0
A0569,0.0005340197638,0
A0570,0.000942048134,0
A0571,0.02174518249,0
A0572,0.06776476158,0
A0573,7.10056251e-05,0
A0574,0.005695310734,0
A0575,0.9585182555,1
A0576,0.001257390873,0
A0577,0.1762371295,0
A0578,7.25199159e-05,0
A0579,0.003185362494,0
A0580,7.517039945e-05,0
A0581,3.929598428e-05,0
A0582,0.9447053791,1
A0583,2.886169144e-05,0
A0584,0.9874327808,1
A0585,0.0002032143993,0
A0586,0.9973273065,1
A0587,0.001912576165,0
A0588,0.0002319646194,0
A0589,0.001688199197,0
A0590,0.0001535213823,0
A0591,0.06959181494,0
A0592,0.156387537,0
A0593,0.784550395,0
A0594,0.0004322196776,0
A0595,0.9981648388,1
A0596,9.994104877e-05,0
A0597,0.0007675773475,0
A0598,0.9964597188,1
A0599,0.0002035176037,0
A0600,0.0003961427384,0
A0601,0.9919657003,1
A0602,0.05946818257,0
A0603,0.2717778033,0
A0604,0.0008433092826,0
A0605,0.0770224556,0
A0606,0.0004461597303,0
A0607,0.8603096695,1
A0608,0.6824386686,0
A0609,0.9881518966,1
A0610,0.07282432576,0
A0611,0.3177663545,0
A0612,6.419261147e-05,0
A0613,0.9222767434,1
A0614,0.0002491827561,0
A0615,0.0009473495547,0
A0616,0.01661588996,0
A0617,0.0001732070385,0
A0618,0.001252746469,0
A0619,5.719505294e-05,0
A0620,2.53817815e-05,0
A0621,1.427349692e-05,0
A0622,0.0003020688541,0
A0623,1.428919344e-05,0
A0624,0.003138481094,0
A0625,6.576723532e-05,0
A0626,0.1304518428,0
A0627,4.890663082e-05,0
A0628,0.002661102127,0
A0629,0.03028151241,0
A0630,0.0002051362106,0
A0631,0.001204688012,0
A0632,0.0005875170838,0
A0633,0.0001070442597,0
A0634,0.0009724361884,0
A0635,0.9988250243,1
A0636,0.0001100933444,0
A0637,0.007316954926,0
A0638,0.00049943412,0
A0639,0.9574860855,1
A0640,2.731260088e-05,0
A0641,0.003242766328,0
A0642,0.005750096556,0
A0643,0.9974877138,1
A0644,0.0001451237726,0
A0645,7.057667153e-05,0
A0646,0.2351164093,0
A0647,0.001516764756,0
A0648,0.0001062763289,0
A0649,0.3783543836,0
A0650,0.0004005244697,0
A0651,0.005117739945,0
A0652,3.547087848e-05,0
A0653,0.00688801829,0
A0654,0.00253563736,0
A0655,0.0001422074887,0
A0656,0.9947260373,1
A0657,0.03501909233,0
A0658,0.02212626354,0
A0659,4.690623807e-05,0
A0660,0.0004519139788,0
A0661,0.02681334503,0
A0662,0.0009358876207,0
A0663,0.9944887984,1
A0664,0.978898872,1
A0665,5.786868663e-05,0
A0666,0.005278096923,0
A0667,0.9424227059,1
A0668,0.0003749940462,0
A0669,0.0002247043347,0
A0670,0.3512177562,0
A0671,0.008074749362,0
A0672,0.902600897,1
A0673,0.0007352484045,0
A0674,0.0005756321155,0
A0675,0.05033833633,0
A0676,0.0001837644328,0
A0677,0.0001483477451,0
A0678,0.1171190076,0
A0679,0.002868460539,0
A0680,0.06050473713,0
A0681,0.000855101683,0
A0682,0.002466017811,0
A0683,3.320278029e-05,0
A0684,0.9901750192,1
A0685,2.63918527e-05,0
A0686,0.9924389141,1
A0687,0.001467639664,0
A0688,0.0002053112014,0
A0689,0.9762566184,1
A0690,0.001274900231,0
A0691,3.0351606e-05,0
A0692,0.001093635171,0
A0693,0.004748549834,0
A0694,0.6308394049,0
A0695,0.004569684555,0
A0696,0.002575866225,0
A0697,0.7916904642,0
A0698,0.001885194581,0
A0699,0.9793523658,1
A0700,0.9373393661,1
A0701,0.9662538675,1
A0702,0.04406838508,0
A0703,8.501828318e-05,0
A0704,0.0001543772263,0
A0705,8.449322798e-05,0
A0706,0.5649758131,0
A0707,0.9986623733,1
A0708,0.0001148443539,0
A0709,0.0005813439052,0
A0710,0.4485585932,0
A0711,2.961241824e-05,0
A0712,0.0001858654484,0
A0713,0.9572743493,1
A0714,0.0003637820379,0
A0715,0.8982150125,1
A0716,0.0001887826681,0
A0717,0.0001175542343,0
A0718,0.01686597789,0
A0719,0.9980003915,1
A0720,0.002676659964,0
A0721,3.571454926e-05,0
A0722,0.02521440107,0
A0723,8.703556975e-05,0
A0724,0.5270103034,0
A0725,0.001491149602,0
A0726,0.000826241797,0
A0727,5.698595843e-05,0
A0728,0.009240560347,0
A0729,0.0001704393308,0
A0730,0.001826373379,0
A0731,0.9790839822,1
A0732,0.0003698945169,0
A0733,0.003171462702,0
A0734,0.004640683922,0
A0735,3.45013224e-05,0
A0736,5.2893269e-05,0
A0737,0.4257347193,0
A0738,0.0005467149193,0
A0739,0.0007815618987,0
A0740,0.007492546821,0
A0741,0.0002433809639,0
A0742,0.1765251419,0
A0743,0.001228917812,0
A0744,0.02263956263,0
A0745,0.5092665641,0
A0746,0.000492772205,0
A0747,0.9969075576,1
A0748,0.0006317274502,0
A0749,0.001952713383,0
A0750,4.807567214e-05,0
A0751,0.9980050718,1
A0752,9.185537784e-05,0
A0753,0.0001310679568,0
A0754,0.0001061446931,0
A0755,0.0001415318146,0
A0756,0.0001311588508,0
A0757,0.006478991127,0
A0758,6.304817924e-05,0
A0759,0.05690739075,0
A0760,0.005148249158,0
A0761,0.001085683746,0
A0762,0.01103415031,0
A0763,0.9923817526,1
A0764,0.05687944635,0
A0765,0.0004201153945,0
A0766,0.0378381904,0
A0767,0.3368614758,0
A0768,0.0005111682723,0
A0769,0.9805580949,1
A0770,8.12636124e-05,0
A0771,0.0006240565806,0
A0772,4.207758452e-05,0
A0773,0.885268935,1
A0774,4.456967791e-05,0
A0775,9.205615479e-05,0
A0776,0.1128351263,0
A0777,0.003740221762,0
A0778,0.0005779488638,0
A0779,0.001542857714,0
A0780,0.003299118964,0
A0781,0.9009796502,1
A0782,0.9786911412,1
A0783,0.1732584683,0
A0784,0.04824933496,0
A0785,0.0002039192037,0
A0786,0.0007754499782,0
A0787,0.0003366314391,0
A0788,0.9303659112,1
A0789,0.003667448742,0
A0790,0.001668707371,0
A0791,0.0004817819698,0
A0792,4.676576606e-05,0
A0793,0.02768249151,0
A0794,6.011573244e-05,0
A0795,0.5812230885,0
A0796,0.4192653591,0
A0797,7.434043273e-05,0
A0798,0.0007044945379,0
A0799,0.8977652795,1
A0800,0.0005462149061,0
A0801,0.0004585179991,0
A0802,0.002493457614,0
A0803,0.1483418255,0
A0804,0.1785111942,0
A0805,3.350809209e-05,0
A0806,0.01110312916,0
A0807,0.001817171575,0
A0808,0.001650303982,0
A0809,0.000441043159,0
A0810,0.007795926921,0
A0811,0.001347710116,0
A0812,0.01848040752,0
A0813,0.05391723767,0
A0814,5.530950377e-05,0
A0815,0.003516803447,0
A0816,0.0001025594808,0
A0817,0.0003352501636,0
A0818,5.847280722e-05,0
A0819,2.067554925e-05,0
A0820,0.00489580076,0
A0821,0.0001235954997,0
A0822,0.01266737751,0
A0823,0.0003537315811,0
A0824,0.0001119901097,0
A0825,7.849637745e-05,0
A0826,0.03198500593,0
A0827,0.006770271025,0
A0828,0.07277316814,0
A0829,0.0002034731771,0
A0830,5.166438835e-05,0
A0831,0.0006875473991,0
A0832,0.00162938433,0
A0833,0.9931294746,1
A0834,0.003927417768,0
A0835,0.2268847682,0
A0836,0.9788638881,1
A0837,0.003569241532,0
A0838,0.000799527709,0
A0839,8.395556221e-05,0
A0840,0.1773481735,0
A0841,0.0005889288981,0
A0842,0.0004088395615,0
A0843,0.01195567901,0
A0844,0.0004518244573,0
A0845,0.003109309748,0
A0846,0.006694537025,0
A0847,0.0093503445,0
A0848,0.9932096968,1
A0849,0.998245494,1
A0850,0.9962201033,1
A0851,0.016437355,0
A0852,0.0001332703988,0
A0853,8.426694919e-05,0
A0854,0.2281871058,0
A0855,1.483245154e-05,0
A0856,0.0007032339342,0
A0857,0.5981238624,0
A0858,0.003767465162,0
A0859,0.000750215082,0
A0860,0.001844025591,0
A0861,0.001025270042,0
A0862,0.01963509279,0
A0863,0.001497276168,0
A0864,0.0001088660516,0
A0865,0.004192402312,0
A0866,4.60347295e-05,0
A0867,0.0002871695764,0
A0868,8.100522824e-05,0
A0869,0.0001144374337,0
A0870,0.06798533674,0
A0871,8.989228286e-05,0
A0872,0.04102607768,0
A0873,0.005413240626,0
A0874,8.388198615e-05,0
A0875,0.003098923916,0
A0876,0.0003450457507,0
A0877,0.04734937703,0
A0878,0.3106058492,0
A0879,0.0002970185591,0
A0880,0.5110683775,0
A0881,0.1675745442,0
A0882,0.0159906704,0
A0883,0.9247257201,1
A0884,0.09656810681,0
A0885,0.0005280508955,0
A0886,0.0019050591,0
A0887,0.997242887,1
A0888,0.0001264453278,0
A0889,0.9948922927,1
A0890,0.9980478514,1
A0891,7.70508475e-05,0
A0892,0.0005857009885,0
A0893,0.0004252545983,0
A0894,0.0001443737454,0
A0895,0.0002329546343,0
A0896,0.01006812636,0
A0897,0.001488668467,0
A0898,0.8794271164,1
A0899,0.000373926705,0
A0900,0.001096209393,0
A0901,0.0003065813641,0
A0902,0.3067951768,0
A0903,3.038388157e-05,0
A0904,0.0004818480826,0
A0905,0.005412874625,0
A0906,0.0005710154616,0
A0907,0.3234803342,0
A0908,1.719209919e-05,0
A0909,6.739840959e-05,0
A0910,0.0004715121695,0
A0911,0.0001596871118,0
A0912,0.9896289221,1
A0913,0.0003815626769,0
A0914,3.233504417e-05,0
A0915,0.0005763162872,0
A0916,0.002110480611,0
A0917,0.0001904257151,0
A0918,0.0003578704904,0
A0919,0.00438773292,0
A0920,0.003330292081,0
A0921,0.01635799765,0
A0922,0.02407401756,0
A0923,0.9982103292,1
A0924,0.001720990105,0
A0925,0.9004260209,1
A0926,0.0005861883199,0
A0927,0.9981066007,1
A0928,0.0001908999974,0
A0929,0.0001047327492,0
A0930,4.353437532e-05,0
A0931,0.891186128,1
A0932,0.9769570416,1
A0933,0.9792903832,1
A0934,0.0001274498898,0
A0935,0.0004951831678,0
A0936,0.0005227248507,0
A0937,0.0005274744087,0
A0938,0.005776361484,0
A0939,0.1406795864,0
A0940,0.0006527295447,0
A0941,0.9163843888,1
A0942,0.001179749096,0
A0943,0.2050808195,0
A0944,0.07967851083,0
A0945,0.02180331006,0
A0946,3.911869432e-05,0
A0947,0.02020279934,0
A0948,0.9976508027,1
A0949,0.002057220399,0
A0950,0.0004596156377,0
A0951,0.0005106126369,0
A0952,0.006379078657,0
A0953,0.0004845054912,0
A0954,0.01623518089,0
A0955,3.829601501e-05,0
A0956,0.02788320493,0
A0957,0.0003101134995,0
A0958,0.3724912751,0
A0959,0.03039171794,0
A0960,0.04385053761,0
A0961,0.01088138185,0
A0962,0.02023432101,0
A0963,0.9947715284,1
A0964,0.9907435822,1
A0965,0.06514290661,0
A0966,0.1829803979,0
A0967,0.2979343286,0
A0968,2.636069487e-05,0
A0969,0.9494303701,1
A0970,0.00280579005,0
A0971,0.083740187,0
A0972,0.004513555964,0
A0973,3.834678385e-05,0
A0974,2.170205787e-05,0
A0975,3.565841092e-05,0
A0976,0.0001078396413,0
A0977,0.001068867111,0
A0978,7.100046305e-05,0
A0979,0.9874919161,1
A0980,0.1119903326,0
A0981,0.00531020098,0
A0982,7.686682647e-05,0
A0983,0.0001729930889,0
A0984,0.0003562743128,0
A0985,4.688351656e-05,0
A0986,0.0001301828013,0
A0987,3.840348762e-05,0
A0988,4.356680753e-05,0
A0989,0.8816419303,1
A0990,0.00204230304,0
A0991,0.0005716264003,0
A0992,0.004155919187,0
A0993,0.9287629402,1
A0994,0.9870126952,1
A0995,0.9891298855,1
A0996,0.001502451132,0
A0997,0.0579551908,0
A0998,0.0001268532794,0
A0999,5.651535142e-05,0
A1000,0.0001096931914,0
A1001,0.006270972089,0
A1002,0.9825128535,1
A1003,0.005828546253,0
A1004,4.013220626e-05,0
A1005,0.1540282188,0
A1006,7.220773784e-05,0
A1007,0.9854807619,1
A1008,0.9985954645,1
A1009,7.999663556e-05,0
A1010,0.7841073252,0
A1011,2.645951053e-05,0
A1012,0.001339741443,0
A1013,0.01464270643,0
A1014,0.001050357636,0
A1015,0.008708775375,0
A1016,0.3625709249,0
A1017,0.4958088282,0
A1018,0.0007847727566,0
A1019,0.9936681879,1
A1020,3.399050247e-05,0
A1021,0.0001632484362,0
A1022,0.9756219485,1
A1023,0.05888507763,0
A1024,0.0001061226311,0
A1025,0.9871828959,1
A1026,0.2179358719,0
A1027,0.8719546037,1
A1028,0.0001673033924,0
A1029,0.4016199115,0
A1030,0.8547726424,1
A1031,9.207759885e-05,0
A1032,0.01748975837,0
A1033,0.0001953886523,0
A1034,0.0007225152829,0
A1035,0.002290631967,0
A1036,6.195026428e-05,0
A1037,0.001289945175,0
A1038,0.1686456191,0
A1039,0.0001686842402,0
A1040,0.005381971959,0
A1041,0.9044306965,1
A1042,2.307569565e-05,0
A1043,0.08730689594,0
A1044,0.9937974256,1
A1045,0.02234242969,0
A1046,5.376927567e-05,0
A1047,0.0001628044538,0
A1048,5.680737609e-05,0
A1049,0.0073004929,0
A1050,0.0001644466346,0
A1051,0.001497460886,0
A1052,0.0002556284702,0
A1053,0.9908937151,1
A1054,0.8503160747,1
A1055,0.0001909164073,0
A1056,0.0007252803792,0
A1057,0.0005109735441,0
A1058,0.0001080798027,0
A1059,0.9251508087,1
A1060,0.0001454791129,0
A1061,0.8851036107,1
A1062,0.0001522397564,0
A1063,0.0003940773494,0
A1064,0.08427362855,0
A1065,0.0001979344118,0
A1066,0.873708139,1
A1067,0.9594278658,1
A1068,0.002287747521,0
A1069,0.007014320503,0
A1070,0.5891853152,0
A1071,0.008164185132,0
A1072,0.7421431748,0
A1073,2.003168199e-05,0
A1074,0.01050905053,0
A1075,3.02267071e-05,0
A1076,0.9990749394,1
A1077,0.0351403238,0
A1078,0.4455432264,0
A1079,0.002080644954,0
A1080,0.0002111025776,0
A1081,0.000105773124,0
A1082,3.213489973e-05,0
A1083,0.2232972148,0
A1084,0.001295036944,0
A1085,0.8635637027,1
A1086,0.000646214112,0
A1087,0.0003139407664,0
A1088,0.0002411140475,0
A1089,0.003875799633,0
A1090,0.0005442449631,0
A1091,0.001441379164,0
A1092,0.0001110680927,0
A1093,0.9956108496,1
A1094,0.9133147693,1
A1095,0.0001739938242,0
A1096,0.0004604753842,0
A1097,9.581415443e-05,0
A1098,0.9987579371,1
A1099,6.420616892e-05,0
A1100,0.02202588691,0
A1101,0.01088510729,0
A1102,0.001405364762,0
A1103,6.233389429e-05,0
A1104,0.01062919047,0
A1105,0.0003993592168,0
A1106,5.742930682e-05,0
A1107,0.000346772445,0
A1108,0.1785111942,0
A1109,0.0001376965897,0
A1110,0.0004617548166,0
A1111,0.0003545995995,0
A1112,2.486159733e-05,0
A1113,0.004441752368,0
A1114,0.0008546866271,0
A1115,0.000103562897,0
A1116,0.003359007499,0
A1117,6.309258194e-05,0
A1118,0.00587092957,0
A1119,0.0004519824291,0
A1120,0.0001608165477,0
A1121,0.0006683638549,0
A1122,0.002630332563,0
A1123,2.977105502e-05,0
A1124,0.9946471318,1
A1125,0.003422918914,0
A1126,0.0004370214192,0
A1127,8.550555761e-05,0
A1128,0.0002645997024,0
A1129,0.0006653702548,0
A1130,0.0001059223854,0
A1131,0.0006228020556,0
A1132,0.0001182745332,0
A1133,0.001654598501,0
A1134,4.632446938e-05,0
A1135,0.01036374837,0
A1136,0.9944147152,1
A1137,0.000155495614,0
A1138,0.01757835714,0
A1139,0.0489587145,0
A1140,0.2599929481,0
A1141,0.0130474541,0
A1142,0.9887406317,1
A1143,0.000105773124,0
A1144,0.0003522120222,0
A1145,0.0006515761617,0
A1146,6.405565551e-05,0
A1147,0.00811943015,0
A1148,2.854130501e-05,0
A1149,0.9597374145,1
A1150,8.082316376e-05,0
A1151,0.001156113881,0
A1152,0.005791935289,0
A1153,0.0008347372507,0
A1154,0.9736130047,1
A1155,0.7768168023,0
A1156,0.6456205001,0
A1157,0.0168742393,0
A1158,0.7562368872,0
A1159,0.6661131915,0
A1160,0.00030180355,0
A1161,0.01172826822,0
A1162,0.0002823191554,0
A1163,0.9979906289,1
A1164,0.971727741,1
A1165,0.9893368364,1
A1166,7.796596084e-05,0
A1167,0.1699058316,0
A1168,3.778632305e-05,0
A1169,0.06463307312,0
A1170,0.0003868265453,0
A1171,0.0003313770579,0
A1172,0.0006139580384,0
A1173,0.0003745355825,0
A1174,0.09600470177,0
A1175,0.000221025539,0
A1176,5.880017301e-05,0
A1177,0.000434349263,0
A1178,0.005233492873,0
A1179,0.3257765072,0
A1180,0.8021551335,1
A1181,0.3256821,0
A1182,0.9783755692,1
A1183,0.904644607,1
A1184,0.9922962126,1
A1185,0.08730689594,0
A1186,0.0002933996003,0
A1187,0.0001573910939,0
A1188,0.03243670741,0
A1189,0.0001788092569,0
A1190,0.001774868248,0
A1191,0.01043042838,0
A1192,0.01595129958,0
A1193,0.8366573589,1
A1194,0.003101005841,0
A1195,0.000110261542,0
A1196,0.01015015107,0
A1197,0.005371692707,0
A1198,0.0003887084063,0
A1199,0.8108066135,1
A1200,7.256775477e-05,0
A1201,0.6997708733,0
A1202,0.005239798311,0
A1203,0.0002282233192,0
A1204,0.0008266544163,0
A1205,0.002625035006,0
A1206,0.0001654134352,0
A1207,0.000936515799,0
A1208,0.0002028203909,0
A1209,0.0006981475906,0
A1210,0.0001739944174,0
A1211,0.9025507052,1
A1212,8.537479708e-05,0
A1213,0.02599008472,0
A1214,7.85933689e-05,0
A1215,0.9773670644,1
A1216,0.9959646223,1
A1217,0.05866724781,0
A1218,0.0002620718185,0
A1219,0.0007599569189,0
A1220,4.268902625e-05,0
A1221,0.0007423456908,0
A1222,0.1845971419,0
A1223,0.0005533570535,0
A1224,0.9934952942,1
A1225,0.000408097064,0
A1226,4.032039177e-05,0
A1227,0.01272767076,0
A1228,0.3733961374,0
A1229,4.456700924e-05,0
A1230,0.0001645015755,0
A1231,0.002338086521,0
A1232,0.999044395,1
A1233,0.9912142891,1
A1234,0.0001140329091,0
A1235,0.02925841715,0
A1236,0.0001840093585,0
A1237,0.00190387065,0
A1238,0.9736528692,1
A1239,0.1829614406,0
A1240,0.002461245655,0
A1241,0.0005340016984,0
A1242,0.002708976803,0
A1243,4.593671778e-05,0
A1244,0.0001209136301,0
A1245,0.2245275367,0
A1246,0.0001890065442,0
A1247,0.006591222695,0
A1248,0.0007005954555,0
A1249,0.0006463541401,0
A1250,0.0001197998864,0
A1251,0.02110400361,0
A1252,0.9904162009,1
A1253,3.79202798e-05,0
A1254,0.008542246703,0
A1255,0.9304379629,1
A1256,0.5748890996,0
A1257,0.0002337789524,0
A1258,0.003442630848,0
A1259,0.0001623772852,0
A1260,0.9745650381,1
A1261,0.0001206611603,0
A1262,0.0001270133718,0
A1263,4.572253611e-05,0
A1264,0.1285286729,0
A1265,0.0009871653529,0
A1266,0.0003467544634,0
A1267,1.633838068e-05,0
A1268,5.450515242e-05,0
A1269,0.001483950879,0
A1270,0.02692685422,0
A1271,0.006717391628,0
A1272,3.256543125e-05,0
A1273,0.01418910152,0
A1274,0.01693886581,0
A1275,6.782962017e-05,0
A1276,4.771424359e-05,0
A1277,0.0003207079708,0
A1278,0.0004571629574,0
A1279,0.0001183851292,0
A1280,0.03086435229,0
A1281,0.002288180944,0
A1282,0.0001578084459,0
A1283,0.0001975640614,0
A1284,0.3716695038,0
A1285,0.01425330134,0
A1286,5.475200316e-05,0
A1287,0.9571741647,1
A1288,9.626620268e-05,0
A1289,0.003601817899,0
A1290,0.0004895560118,0
A1291,0.9146057615,1
A1292,0.7459782842,0
A1293,0.000847185204,0
A1294,0.0002088760459,0
A1295,0.0029182164,0
A1296,4.979494126e-05,0
A1297,0.9863467953,1
A1298,0.009012879153,0
A1299,0.9992421361,1
A1300,0.9954758567,1
A1301,0.004586145619,0
A1302,2.35276103e-05,0
A1303,0.0002340640629,0
A1304,6.62936851e-05,0
A1305,0.00492439903,0
A1306,0.9917126418,1
A1307,0.000357432759,0
A1308,0.002603142589,0
A1309,3.047041851e-05,0
A1310,0.01968805272,0
A1311,0.00557151152,0
A1312,0.0008615974674,0
A1313,0.01073754904,0
A1314,0.001194547234,0
A1315,0.8740847244,1
A1316,3.009075371e-05,0
A1317,0.9890519265,1
A1318,0.001328061589,0
A1319,0.02254378366,0
A1320,0.01222867507,0
A1321,0.003526720814,0
A1322,0.3402756042,0
A1323,0.9903069881,1
A1324,0.9983432606,1
A1325,0.0004185236823,0
A1326,0.2632693707,0
A1327,0.0002064462095,0
A1328,0.03608876624,0
A1329,0.8388499664,1
A1330,0.0001355030178,0
A1331,0.001097829591,0
A1332,0.0002766775767,0
A1333,0.1775985741,0
A1334,0.0001687227963,0
A1335,0.005757335194,0
A1336,0.0001068821813,0
A1337,0.011538719,0
A1338,0.0003538711506,0
A1339,0.002489555951,0
A1340,0.0003850603497,0
A1341,0.002499539086,0
A1342,0.002490595554,0
A1343,0.1237002787,0
A1344,0.9418296239,1
A1345,0.0004375908915,0
A1346,0.00107468426,0
A1347,0.5696937126,0
A1348,0.005144460773,0
A1349,4.013943231e-05,0
A1350,0.0001218441145,0
A1351,0.00118244903,0
A1352,1.534426512e-05,0
A1353,2.614518417e-05,0
A1354,0.1002475538,0
A1355,0.005798121338,0
A1356,0.0005150025128,0
A1357,0.0005083260506,0
A1358,6.232247927e-05,0
A1359,0.0001952803479,0
A1360,6.501806668e-05,0
A1361,0.5432617823,0
A1362,0.0240977794,0
A1363,4.339558144e-05,0
A1364,0.002165152815,0
A1365,6.827453763e-05,0
A1366,0.996538345,1
A1367,0.00146071255,0
A1368,0.109188419,0
A1369,0.838258735,1
A1370,3.545781444e-05,0
A1371,0.9919485733,1
A1372,0.9164400989,1
A1373,0.001242669151,0
A1374,0.9421531477,1
A1375,0.003716315877,0
A1376,0.005320920448,0
A1377,0.9967288705,1
A1378,0.9824332031,1
A1379,0.0009942406769,0
A1380,0.6682049697,0
A1381,0.0009306238834,0
A1382,0.03117324585,0
A1383,2.061694347e-05,0
A1384,0.003085922037,0
A1385,0.0003607414488,0
A1386,0.0001408915594,0
A1387,0.003067821587,0
A1388,0.948729601,1
A1389,0.9906101732,1
A1390,0.0008367535281,0
A1391,0.5690619387,0
A1392,0.0008669743796,0
A1393,0.001057763997,0
A1394,0.00630224879,0
A1395,0.0001348387587,0
A1396,0.0001787350761,0
A1397,0.774106951,0
A1398,0.006234978324,0
A1399,0.01265405782,0
A1400,0.001647245161,0
A1401,7.743803577e-05,0
A1402,0.0006338419087,0
A1403,1.876178179e-05,0
A1404,0.0002857579259,0
A1405,2.077383533e-05,0
A1406,0.001056421439,0
A1407,5.581349612e-05,0
A1408,0.04734937703,0
A1409,0.6819785169,0
A1410,0.9146045057,1
A1411,0.9287604233,1
A1412,0.06022373657,0
A1413,2.6302352e-05,0
A1414,0.002720666994,0
A1415,0.0004743681968,0
A1416,9.850698145e-05,0
A1417,0.001365345301,0
A1418,0.375296756,0
A1419,0.001529419602,0
A1420,0.002311427146,0
A1421,0.001394132056,0
A1422,0.0003482561957,0
A1423,0.02101559374,0
A1424,0.979352097,1
A1425,0.01887108932,0
A1426,0.0002579163838,0
A1427,0.8419870074,1
A1428,0.1916271182,0
A1429,0.005513396562,0
A1430,0.0009189584461,0
A1431,0.0001948555826,0
A1432,0.1811706432,0
A1433,5.440947753e-05,0
A1434,0.000508346335,0
A1435,0.0004199054416,0
A1436,0.1373556512,0
A1437,5.265119474e-05,0
A1438,0.6681494032,0
A1439,0.995153457,1
A1440,0.9795159646,1
A1441,0.003797479575,0
A1442,0.0008237483212,0
A1443,0.0005615480056,0
A1444,0.003997315737,0
A1445,0.000200214055,0
A1446,0.07448277997,0
A1447,3.820682103e-05,0
A1448,0.000948545864,0
A1449,0.9813309605,1
A1450,0.2729222703,0
A1451,0.0004924563629,0
A1452,0.9585182555,1
A1453,0.09491509464,0
A1454,0.007712226387,0
A1455,0.006325727042,0
A1456,2.062124652e-05,0
A1457,2.2936644e-05,0
A1458,0.9829182214,1
A1459,8.85449151e-05,0
A1460,0.0001295990723,0
A1461,0.0002080915374,0
A1462,0.177210233,0
A1463,0.0006047164879,0
A1464,0.2603192664,0
A1465,0.0001457802671,0
A1466,0.000225092664,0
A1467,0.01768724097,0
A1468,0.9786110929,1
A1469,0.7286212361,0
A1470,6.466184271e-05,0
A1471,0.0002553807722,0
A1472,0.9412817775,1
A1473,0.000419419235,0
A1474,6.430456193e-05,0
A1475,0.0847786121,0
A1476,0.000170276449,0
A1477,6.722634238e-05,0
A1478,3.713448567e-05,0
A1479,0.0002924706117,0
A1480,5.037933302e-05,0
A1481,2.99500039e-05,0
A1482,0.9926853362,1
A1483,0.0003586495228,0
A1484,0.0006331764909,0
A1485,0.9827555873,1
A1486,0.01124963951,0
A1487,0.9845432503,1
A1488,3.953344154e-05,0
A1489,0.0001015702382,0
A1490,0.0001291269209,0
A1491,0.0009142305827,0
A1492,0.0005397551242,0
A1493,0.0005609628616,0
A1494,0.0002205184175,0
A1495,0.05261490275,0
A1496,0.01170807747,0
A1497,0.008948956094,0
A1498,2.051747805e-05,0
A1499,0.0002681257673,0
A1500,0.000167122089,0
A1501,0.001217008762,0
A1502,0.001915565014,0
A1503,0.0005627073306,0
A1504,0.9993463407,1
A1505,9.769169468e-05,0
A1506,0.0007731165046,0
A1507,4.13858353e-05,0
A1508,9.254546844e-05,0
A1509,0.3387158939,0
A1510,0.0006037252978,0
A1511,0.6142791482,0
A1512,0.00178409305,0
A1513,5.407443424e-05,0
A1514,0.5955558683,0
A1515,0.01084072376,0
A1516,0.3278556562,0
A1517,0.0001148511166,0
A1518,0.003994528427,0
A1519,0.03326226054,0
A1520,0.004033389343,0
A1521,3.17549797e-05,0
A1522,0.0971087951,0
A1523,5.832811925e-05,0
A1524,0.9969597136,1
A1525,0.1105256735,0
A1526,0.9884485195,1
A1527,0.0003313770579,0
A1528,0.9980077634,1
A1529,0.0002763302273,0
A1530,0.0003892737628,0
A1531,4.901889138e-05,0
A1532,0.5642863813,0
A1533,4.582392962e-05,0
A1534,3.212972667e-05,0
A1535,0.02634784198,0
A1536,6.385519793e-05,0
A1537,0.0008863740719,0
A1538,0.996266115,1
A1539,0.01715308816,0
A1540,0.0007606966347,0
A1541,0.0006121431522,0
A1542,2.148262828e-05,0
A1543,0.0001073906244,0
A1544,0.0018341824,0
A1545,0.0001593048085,0
A1546,0.0002318343082,0
A1547,0.06179052264,0
A1548,5.80996634e-05,0
A1549,0.004717211251,0
A1550,0.0005247860536,0
A1551,0.02545682628,0
A1552,0.003625896158,0
A1553,0.0007753819244,0
A1554,0.0001093792872,0
A1555,0.0002322083333,0
A1556,0.01149224548,0
A1557,0.003465971531,0
A1558,0.004903636653,0
A1559,0.003445757815,0
A1560,0.001434355851,0
A1561,0.01497388064,0
A1562,0.5920151794,0
A1563,0.001014526067,0
A1564,3.947609816e-05,0
A1565,4.254191443e-05,0
A1566,4.079278837e-05,0
A1567,0.0001127328985,0
A1568,0.0006321505861,0
A1569,0.001788204426,0
A1570,0.002887058448,0
A1571,0.0002932849448,0
A1572,0.0007257643689,0
A1573,0.002908649859,0
A1574,0.01995885188,0
A1575,0.9986367837,1
A1576,0.9610237364,1
A1577,0.0002265697708,0
A1578,0.2770235244,0
A1579,0.001806727237,0
A1580,0.003686656369,0
A1581,0.001228084994,0
A1582,0.0002414695372,0
A1583,0.3548018078,0
A1584,0.01638531005,0
A1585,0.8393882186,1
A1586,0.0003612257376,0
A1587,0.0002483508236,0
A1588,0.02524545849,0
A1589,0.9961540114,1
A1590,5.44742058e-05,0
A1591,5.752597593e-05,0
A1592,0.9769570416,1
A1593,0.00143422496,0
A1594,0.0004359073433,0
A1595,0.009401582811,0
A1596,7.598791866e-05,0
A1597,8.391779547e-05,0
A1598,0.9973691426,1
A1599,3.528682565e-05,0
A1600,3.190267069e-05,0
A1601,0.9833022138,1
A1602,0.0002160355122,0
A1603,0.9883456699,1
A1604,0.9985923569,1
A1605,0.9325064108,1
A1606,0.9926205759,1
A1607,0.9989497233,1
A1608,0.7197514668,0
A1609,4.430058877e-05,0
A1610,6.370662172e-05,0
A1611,0.0001068657323,0
A1612,0.9962706861,1
A1613,0.03146566387,0
A1614,8.659122308e-05,0
A1615,0.0006986287724,0
A1616,0.003637577873,0
A1617,0.00225662916,0
A1618,0.0001424684107,0
A1619,0.000127165184,0
A1620,0.9593276675,1
A1621,0.9937159532,1
A1622,0.0008921659397,0
A1623,4.011397746e-05,0
A1624,0.9247257201,1
A1625,0.02108185168,0
A1626,0.9974931337,1
A1627,0.0004157399886,0
A1628,0.001088290531,0
A1629,0.0001613646158,0
A1630,4.388901289e-05,0
A1631,0.001684332773,0
A1632,0.1364880252,0
A1633,2.460045188e-05,0
A1634,0.001267248892,0
A1635,0.9862340651,1
A1636,0.0002605760212,0
A1637,0.0001910570692,0
A1638,0.009110609901,0
A1639,0.0001214719021,0
A1640,0.003800713828,0
A1641,0.0003806960115,0
A1642,3.359193959e-05,0
A1643,0.000360467391,0
A1644,0.002420196767,0
A1645,0.002114781159,0
A1646,0.004509137314,0
A1647,7.728738048e-05,0
A1648,0.9651649642,1
A1649,5.787657471e-05,0
A1650,0.02549282415,0
A1651,0.0002516239648,0
A1652,6.977773103e-05,0
A1653,0.9958079239,1
A1654,0.458570362,0
A1655,3.20904718e-05,0
A1656,0.9991097706,1
A1657,0.0001520110343,0
A1658,0.01109254363,0
A1659,0.0008316009581,0
A1660,0.0002431147063,0
A1661,0.9172787064,1
A1662,0.0006222533531,0
A1663,0.000796677546,0
A1664,0.5006685147,0
A1665,0.987530834,1
A1666,0.0001840093585,0
A1667,6.495761075e-05,0
A1668,0.0003957527225,0
A1669,0.004096826502,0
A1670,0.07427436001,0
A1671,0.001408069191,0
A1672,0.0007701886132,0
A1673,0.0007006085748,0
A1674,0.0001313682822,0
A1675,0.0006264441168,0
A1676,0.0003660095972,0
A1677,0.01944850235,0
A1678,0.6345411839,0
A1679,0.8312912339,1
A1680,0.0007258602028,0
A1681,0.003576446413,0
A1682,0.0003557678751,0
A1683,0.0004425025654,0
A1684,0.9982391891,1
A1685,0.0006942024262,0
A1686,0.002482842335,0
A1687,0.0005063443329,0
A1688,0.0003389251881,0
A1689,0.0001270133718,0
A1690,0.3569760914,0
A1691,0.0005434002538,0
A1692,0.003444338918,0
A1693,0.001212282587,0
A1694,0.9991177037,1
A1695,0.06098819835,0
A1696,2.008402875e-05,0
A1697,0.0008771753453,0
A1698,0.0006246695009,0
A1699,0.0002394331444,0
A1700,6.490443787e-05,0
A1701,0.0003857641757,0
A1702,4.594941532e-05,0
A1703,6.393424821e-05,0
A1704,0.1739289071,0
A1705,0.0001918312537,0
A1706,0.000176483797,0
A1707,0.002394986735,0
A1708,0.01121507764,0
A1709,0.0001652557469,0
A1710,0.0003096557277,0
A1711,0.004653774666,0
A1712,0.9943649153,1
A1713,0.9972122286,1
A1714,8.504286542e-05,0
A1715,0.00944385078,0
A1716,0.00347972201,0
A1717,0.0002317709045,0
A1718,0.9866734678,1
A1719,6.607371569e-05,0
A1720,0.9810377341,1
A1721,0.001881573604,0
A1722,5.390648044e-05,0
A1723,0.0001533308453,0
A1724,0.0008814087755,0
A1725,0.9648137329,1
A1726,0.0001075486842,0
A1727,0.008948956094,0
A1728,8.891841448e-05,0
A1729,0.8353896374,1
A1730,0.001242593891,0
A1731,0.8581829613,1
A1732,0.5642863813,0
A1733,0.0284700564,0
A1734,0.0001448528782,0
A1735,3.961755092e-05,0
A1736,0.000301972716,0
A1737,0.01688916859,0
A1738,0.0001765429232,0
A1739,0.004442138769,0
A1740,0.9109654602,1
A1741,0.003733544888,0
A1742,0.0008117194477,0
A1743,0.0002058304665,0
A1744,0.0001304779816,0
A1745,0.001259680812,0
A1746,0.0001773992602,0
A1747,3.392456962e-05,0
A1748,0.0007983871889,0
A1749,3.442133273e-05,0
A1750,7.803060727e-05,0
A1751,0.0009432829263,0
A1752,0.004572574557,0
A1753,0.997204687,1
A1754,0.002548109236,0
A1755,0.0001558555366,0
A1756,2.067206801e-05,0
A1757,0.4016525239,0
A1758,0.03113264856,0
A1759,3.112125563e-05,0
A1760,0.0003286484017,0
A1761,0.03869877041,0
A1762,0.7982473123,0
A1763,0.0004610820593,0
A1764,0.6969051055,0
A1765,0.9793526304,1
A1766,4.597649324e-05,0
A1767,0.0005387020391,0
A1768,0.000590712326,0
A1769,4.048514324e-05,0
A1770,0.00403407352,0
A1771,0.08844127486,0
A1772,0.0004630599427,0
A1773,0.000158181328,0
A1774,0.9910021917,1
A1775,0.0005087192316,0
A1776,4.121747697e-05,0
A1777,0.7080474494,0
A1778,0.0002085530381,0
A1779,0.0005359622968,0
A1780,0.1708113235,0
A1781,0.04273550471,0
A1782,0.6733024305,0
A1783,0.00160381592,0
A1784,0.0007860742387,0
A1785,0.04211456375,0
A1786,4.737053258e-05,0
A1787,0.1238108234,0
A1788,9.703796638e-05,0
A1789,0.8497140555,1
A1790,0.002320001807,0
A1791,4.903313015e-05,0
A1792,0.9860803336,1
A1793,0.0001145904579,0
A1794,0.0002818632776,0
A1795,0.9911043131,1
A1796,0.6464857675,0
A1797,0.9952464222,1
A1798,0.5843204669,0
A1799,0.000611979027,0
A1800,0.0002780017805,0
A1801,0.003574772392,0
A1802,0.0001944747443,0
A1803,0.662840789,0
A1804,0.9846596518,1
A1805,0.01511310996,0
A1806,0.0007471600161,0
A1807,0.5114859444,0
A1808,0.0004230408172,0
A1809,0.002147211279,0
A1810,0.01208498594,0
A1811,0.001082037855,0
A1812,0.001037525415,0
A1813,0.0001750186165,0
A1814,3.396264169e-05,0
A1815,0.04440154246,0
A1816,0.7195470135,0
A1817,0.008623417951,0
A1818,0.000975275115,0
A1819,0.0002031284368,0
A1820,0.2084868286,0
A1821,0.002165901101,0
A1822,0.0001710393401,0
A1823,5.910609635e-05,0
A1824,0.001938693607,0
A1825,0.000403123587,0
A1826,0.4799282601,0
A1827,0.0004882542879,0
A1828,9.659702731e-05,0
A1829,0.0001999891067,0
A1830,0.0001256889447,0
A1831,3.975140942e-05,0
A1832,0.1931104707,0
A1833,0.0002022355889,0
A1834,0.1545913672,0
A1835,0.000154715373,0
A1836,0.02175201784,0
A1837,0.0001430055773,0
A1838,0.0001433955583,0
A1839,0.001419443169,0
A1840,0.000658350949,0
A1841,0.5542785162,0
A1842,0.9454204547,1
A1843,0.05970327639,0
A1844,0.0007105299962,0
A1845,0.9967911111,1
A1846,3.964489344e-05,0
A1847,0.5256425513,0
A1848,0.00467711269,0
A1849,0.01600568777,0
A1850,3.758383778e-05,0
A1851,5.758604133e-05,0
A1852,0.8831763994,1
A1853,0.0002121356358,0
A1854,0.001296447889,0
A1855,0.0001255452586,0
A1856,0.9877652547,1
A1857,4.418864709e-05,0
A1858,0.03069655353,0
A1859,0.8287087486,1
A1860,0.1086538984,0
A1861,7.655411706e-05,0
A1862,2.021934922e-05,0
A1863,0.0006930472393,0
A1864,0.0003230829995,0
A1865,0.005366694098,0
A1866,0.001784003354,0
A1867,0.6250499657,0
A1868,0.0001334175774,0
A1869,0.0003865008622,0
A1870,0.9973438889,1
A1871,5.570869113e-05,0
A1872,0.0527087157,0
A1873,8.610913173e-05,0
A1874,0.000802086273,0
A1875,0.009613649753,0
A1876,0.0224240111,0
A1877,8.221969105e-05,0
A1878,0.04547866889,0
A1879,6.537174178e-05,0
A1880,0.0003497116052,0
A1881,2.972360854e-05,0
A1882,0.9950476126,1
A1883,4.60022109e-05,0
A1884,0.0005153104466,0
A1885,0.0004410414403,0
A1886,2.121355123e-05,0
A1887,0.9989533048,1
A1888,0.001858315911,0
A1889,0.9359622109,1
A1890,0.9974877138,1
A1891,5.582340708e-05,0
A1892,2.823305362e-05,0
A1893,0.007272103194,0
A1894,0.9142541016,1
A1895,0.4017686179,0
A1896,0.01937459477,0
A1897,0.002490240933,0
A1898,0.0001315289229,0
A1899,0.0001563829616,0
A1900,0.0003723466789,0
A1901,0.004583557095,0
A1902,0.9747891443,1
A1903,0.2614081654,0
A1904,0.003233468857,0
A1905,0.006733745625,0
A1906,0.001720938285,0
A1907,0.0001339686916,0
A1908,0.2047473386,0
A1909,0.0001096221783,0
A1910,0.001525050348,0
A1911,0.0007341490248,0
A1912,0.0006224527828,0
A1913,0.0001480736402,0
A1914,0.001596627728,0
A1915,0.0006518439525,0
A1916,0.002470167539,0
A1917,0.9949974065,1
A1918,0.0001047388073,0
A1919,0.001103202814,0
A1920,0.08627096414,0
A1921,0.002914742349,0
A1922,6.23970165e-05,0
A1923,0.0006546689993,0
A1924,0.0001680679352,0
A1925,0.05151586607,0
A1926,0.0001301712238,0
A1927,0.9983036965,1
A1928,0.0004158503056,0
A1929,0.01698087145,0
A1930,0.6928946888,0
A1931,0.9798584507,1
A1932,0.9996081563,1
A1933,0.9410532448,1
A1934,0.0001783269653,0
A1935,0.0002251825198,0
A1936,3.159745701e-05,0
A1937,0.01704849302,0
A1938,0.02086101227,0
A1939,0.002800520844,0
A1940,0.03914234855,0
A1941,0.9969003325,1
A1942,0.04935111788,0
A1943,0.001133799691,0
A1944,0.001016631027,0
A1945,0.0001866044166,0
A1946,0.8858888853,1
A1947,0.250906422,0
A1948,0.9650851253,1
A1949,0.0004832411346,0
A1950,0.997726647,1
A1951,0.009104831952,0
A1952,0.0001040158969,0
A1953,0.3923120894,0
A1954,6.762641825e-05,0
A1955,7.206205495e-05,0
A1956,0.00386805806,0
A1957,0.07489896912,0
A1958,0.7829767338,0
A1959,0.3376792832,0
A1960,0.0002073278797,0
A1961,6.646588068e-05,0
A1962,0.002995485854,0
A1963,0.9748212634,1
A1964,0.003953583024,0
A1965,0.996798829,1
A1966,0.001509008181,0
A1967,0.0004895431071,0
A1968,0.001019870146,0
A1969,0.02561161305,0
A1970,0.0002501676065,0
A1971,0.001167456802,0
A1972,9.505771375e-05,0
A1973,0.8754150506,1
A1974,0.0003097817062,0
A1975,0.0001176658724,0
A1976,0.0006061838777,0
A1977,0.2377343438,0
A1978,0.9929250118,1
A1979,0.0002451360187,0
A1980,0.02154241402,0
A1981,4.851078591e-05,0
A1982,5.226670027e-05,0
A1983,2.215492419e-05,0
A1984,0.002225102378,0
A1985,0.0009695842599,0
A1986,0.001686338624,0
A1987,0.006368809994,0
A1988,0.4729542212,0
A1989,4.491241302e-05,0
A1990,0.0006173842103,0
A1991,0.2962716764,0
A1992,0.1449599207,0
A1993,0.009547806523,0
A1994,0.03531039477,0
A1995,0.06537641918,0
A1996,0.001618844931,0
A1997,0.01743194153,0
A1998,7.961158289e-05,0
A1999,3.375640195e-05,0
A2000,0.02404551235,0
A2001,0.0002069153518,0
A2002,0.005913179973,0
A2003,0.01862546938,0
A2004,0.000309919667,0
A2005,5.991654948e-05,0
A2006,0.004168047746,0
A2007,0.0001419214092,0
A2008,0.0008153092412,0
A2009,0.9909398484,1
A2010,0.02208302263,0
A2011,0.6807187471,0
A2012,0.001540607089,0
A2013,0.01404404569,0
A2014,5.373160667e-05,0
A2015,0.001020358134,0
A2016,0.9924526646,1
A2017,0.0005230795656,0
A2018,0.3991271525,0
A2019,0.9214464581,1
A2020,0.4487333898,0
A2021,0.0001268670535,0
A2022,0.0001112296106,0
A2023,0.000628470342,0
A2024,0.0003300168752,0
A2025,0.0002183197255,0
A2026,5.908452788e-05,0
A2027,0.8851036107,1
A2028,0.9379569141,1
A2029,0.0003678306577,0
A2030,0.0004845257863,0
A2031,0.9981842664,1
A2032,0.0112497499,0
A2033,0.0002593259955,0
A2034,0.005507561517,0
A2035,0.5998140053,0
A2036,0.009167429358,0
A2037,0.2399028373,0
A2038,0.0003679404376,0
A2039,0.003934857875,0
A2040,2.139279704e-05,0
A2041,9.841533756e-05,0
A2042,0.002261671404,0
A2043,0.0001614133123,0
A2044,0.0001830466872,0
A2045,4.918056766e-05,0
A2046,2.040996345e-05,0
A2047,8.194031767e-05,0
A2048,0.0004825533589,0
A2049,0.0001229470451,0
A2050,0.01125202662,0
A2051,0.0003106196064,0
A2052,0.0001905960655,0
A2053,4.851500728e-05,0
A2054,0.0006277977966,0
A2055,0.0002276007522,0
A2056,0.0001039315033,0
A2057,0.002762950576,0
A2058,0.01827304246,0
A2059,0.01192850001,0
A2060,0.03142439846,0
A2061,4.657342802e-05,0
A2062,0.0007460760168,0
A2063,0.0002121982909,0
A2064,0.98262984,1
A2065,0.003216564816,0
A2066,0.9088107757,1
A2067,0.002599976262,0
A2068,0.0116107697,0
A2069,0.005486075505,0
A2070,0.0001550017699,0
A2071,4.800597363e-05,0
A2072,0.0008489650121,0
A2073,0.003546291835,0
A2074,0.001023470315,0
A2075,5.277241664e-05,0
A2076,6.275902644e-05,0
A2077,0.0001708157132,0
A2078,0.03608876624,0
A2079,0.0002166254781,0
A2080,0.987663459,1
A2081,0.9996069426,1
A2082,0.03027335057,0
A2083,0.0001347711255,0
A2084,0.9894309301,1
A2085,0.0007089222148,0
A2086,0.0007918437471,0
A2087,0.001113078532,0
A2088,2.060573852e-05,0
A2089,8.777280911e-05,0
A2090,0.2846261416,0
A2091,0.01106183457,0
A2092,0.0002319085887,0
A2093,0.8922487792,1
A2094,6.027478611e-05,0
A2095,0.006053744991,0
A2096,0.0008147598386,0
A2097,0.05251071982,0
A2098,0.0001951885021,0
A2099,0.02330574446,0
A2100,0.9287195752,1
A2101,0.0001197989579,0
A2102,0.0027699312,0
A2103,0.0005220064605,0
A2104,0.002299246734,0
A2105,0.9927211971,1
A2106,0.9937974256,1
A2107,0.0001979344118,0
A2108,9.470167892e-05,0
A2109,0.7349719254,0
A2110,4.695252649e-05,0
A2111,0.8603876754,1
A2112,5.722793664e-05,0
A2113,0.2099747237,0
A2114,0.8155361939,1
A2115,0.006819476573,0
A2116,0.001174392955,0
A2117,0.1665015886,0
A2118,0.9905203248,1
A2119,7.070034013e-05,0
A2120,0.03070535147,0
A2121,0.0001013324598,0
A2122,0.001492781938,0
A2123,0.0009900450714,0
A2124,0.01429387228,0
A2125,7.645806681e-05,0
A2126,0.0005119560294,0
A2127,0.0002985900262,0
A2128,0.006949603537,0
A2129,0.00808618722,0
A2130,0.5756370299,0
A2131,0.000328200306,0
A2132,0.0001651676434,0
A2133,0.0001012296982,0
A2134,0.02787046222,0
A2135,0.001848834389,0
A2136,6.808440427e-05,0
A2137,0.0002087940308,0
A2138,0.009874503958,0
A2139,0.002848947771,0
A2140,0.0001860369517,0
A2141,0.002762949164,0
A2142,7.848009162e-05,0
A2143,6.241811757e-05,0
A2144,0.000110970709,0
A2145,0.4409402807,0
A2146,0.0001018696588,0
A2147,0.0001774061255,0
A2148,0.9979333342,1
A2149,0.001180104178,0
A2150,0.9925223998,1
A2151,0.006363786538,0
A2152,0.06205716003,0
A2153,0.01004560592,0
A2154,0.000161055977,0
A2155,5.657830148e-05,0
A2156,0.001330010826,0
A2157,0.8829255816,1
A2158,0.01754659298,0
A2159,0.9526455146,1
A2160,0.0002624228694,0
A2161,0.9874919161,1
A2162,9.737013975e-05,0
A2163,0.003051033547,0
A2164,0.00056724344,0
A2165,5.915800942e-05,0
A2166,0.1932928511,0
A2167,0.008268374044,0
A2168,0.001828741886,0
A2169,0.7357543578,0
A2170,6.023095988e-05,0
A2171,0.0001607866479,0
A2172,0.0001457973189,0
A2173,0.0018341824,0
A2174,0.0003196464929,0
A2175,0.01704849302,0
A2176,0.9044306965,1
A2177,0.004274122415,0
A2178,5.902531891e-05,0
A2179,0.00124264009,0
A2180,0.9961122922,1
A2181,0.006520898248,0
A2182,0.0002660769072,0
A2183,4.504903183e-05,0
A2184,0.0002036961251,0
A2185,0.00278120495,0
A2186,0.0002604603462,0
A2187,0.0002493394424,0
A2188,0.07236449399,0
A2189,0.5074494401,0
A2190,0.009929149385,0
A2191,0.0001555572153,0
A2192,0.001996069935,0
A2193,0.4024366809,0
A2194,0.0008152767099,0
A2195,0.01888342393,0
A2196,0.0003380280069,0
A2197,0.0001042309295,0
A2198,9.683835572e-05,0
A2199,0.0002122897021,0
A2200,0.00051072925,0
A2201,0.02482758221,0
A2202,0.06781604795,0
A2203,5.221099244e-05,0
A2204,3.569913156e-05,0
A2205,0.0002247470579,0
A2206,0.0006039218411,0
A2207,0.0001817410229,0
A2208,0.1111563081,0
A2209,0.001446761322,0
A2210,0.4369508487,0
A2211,0.8774853054,1
A2212,0.0007242012574,0
A2213,0.0003285242666,0
A2214,0.0007750236497,0
A2215,0.6113151157,0
A2216,0.1546921434,0
A2217,0.001333863731,0
A2218,0.0004223762379,0
A2219,0.0005502771279,0
A2220,0.0008040471882,0
A2221,0.02538651493,0
A2222,0.0002136722963,0
A2223,0.9122132261,1
A2224,0.0002602730277,0
A2225,0.0002491241833,0
A2226,0.0003098516694,0
A2227,0.0009319278107,0
A2228,0.03367944489,0
A2229,0.003078931659,0
A2230,0.9957134316,1
A2231,0.001088660017,0
A2232,0.7358064595,0
A2233,6.810694232e-05,0
A2234,0.001043341802,0
A2235,0.2707373527,0
A2236,0.0001195203664,0
A2237,0.9614623519,1
A2238,0.0004551650368,0
A2239,0.02610767623,0
A2240,0.0006424724711,0
A2241,0.9816893982,1
A2242,0.0001562472999,0
A2243,0.007878779114,0
A2244,2.973696425e-05,0
A2245,2.011808497e-05,0
A2246,0.0004179856165,0
A2247,0.0005800432411,0
A2248,3.597793757e-05,0
A2249,0.996451435,1
A2250,0.0002088273061,0
A2251,0.009935779833,0
A2252,0.000275896502,0
A2253,3.069465656e-05,0
A2254,0.0002557302377,0
A2255,5.826396776e-05,0
A2256,0.8946786832,1
A2257,0.00218036387,0
A2258,0.001025607615,0
A2259,0.4235434457,0
A2260,5.95275077e-05,0
A2261,0.01062579803,0
A2262,0.001728253085,0
A2263,0.0003890739804,0
A2264,0.0008290321095,0
A2265,0.260800261,0
A2266,0.2998012765,0
A2267,0.006314812626,0
A2268,0.218448677,0
A2269,0.000283197531,0
A2270,0.0001800391798,0
A2271,0.0009673279361,0
A2272,0.0205209712,0
A2273,2.606760119e-05,0
A2274,0.001061464753,0
A2275,0.0001216091685,0
A2276,0.0006560714892,0
A2277,0.03120162815,0
A2278,0.1186963185,0
A2279,0.00126769782,0
A2280,9.914702662e-05,0
A2281,7.112438582e-05,0
A2282,0.997726647,1
A2283,0.0007638759549,0
A2284,0.9664071708,1
A2285,0.02081846136,0
A2286,0.003063433653,0
A2287,0.02865747108,0
A2288,0.000133308763,0
A2289,0.9983000615,1
A2290,0.2581921742,0
A2291,0.1556216819,0
A2292,4.036501893e-05,0
A2293,3.638300192e-05,0
A2294,0.08713766128,0
A2295,0.0002432718245,0
A2296,0.00809573323,0
A2297,0.9418296239,1
A2298,0.0004557423702,0
A2299,0.5514988608,0
A2300,0.997065721,1
A2301,5.086826534e-05,0
A2302,0.0004952277569,0
A2303,0.7842927697,0
A2304,5.100171319e-05,0
A2305,6.417530823e-05,0
A2306,4.318546424e-05,0
A2307,9.906646518e-05,0
A2308,0.0004312393086,0
A2309,0.01029587039,0
A2310,0.9937808199,1
A2311,0.0001809475469,0
A2312,0.0002092166447,0
A2313,0.0009501480205,0
A2314,0.007445730598,0
A2315,0.001323577761,0
A2316,5.382998409e-05,0
A2317,0.002291759778,0
A2318,0.0007822877708,0
A2319,0.001199140007,0
A2320,0.002703747981,0
A2321,0.2226354014,0
A2322,0.00254139931,0
A2323,3.056975089e-05,0
A2324,0.9969639773,1
A2325,1.633305053e-05,0
A2326,0.0006551590287,0
A2327,0.9951030691,1
A2328,0.0004722817733,0
A2329,0.0004892152038,0
A2330,0.9989616938,1
A2331,0.0006612516165,0
A2332,0.7055621507,0
A2333,0.0001656225388,0
A2334,0.8292398633,1
A2335,0.0004023722071,0
A2336,0.7469129993,0
A2337,0.00245800405,0
A2338,0.0004402943819,0
A2339,0.8546405571,1
A2340,8.991279359e-05,0
A2341,6.714546607e-05,0
A2342,0.0001297135338,0
A2343,0.05355658391,0
A2344,0.9984119265,1
A2345,0.01758174832,0
A2346,0.07425040783,0
A2347,4.633827056e-05,0
A2348,0.02838245285,0
A2349,0.3769057157,0
A2350,0.0002923030654,0
A2351,0.02510402977,0
A2352,0.01047083983,0
A2353,0.002525819128,0
A2354,0.02592887024,0
A2355,5.791768267e-05,0
A2356,0.0002780108973,0
A2357,0.9917126418,1
A2358,5.427532294e-05,0
A2359,0.07042182251,0
A2360,5.33858756e-05,0
A2361,0.001506599552,0
A2362,0.0006665329229,0
A2363,0.0002238084531,0
A2364,0.01057207422,0
A2365,1.61477613e-05,0
A2366,0.1398162243,0
A2367,4.702403144e-05,0
A2368,0.0001023225888,0
A2369,5.099205088e-05,0
A2370,0.0003749911028,0
A2371,0.002529457142,0
A2372,0.001995209029,0
A2373,0.9858434613,1
A2374,0.0008147598386,0
A2375,0.9892189997,1
A2376,0.02516247777,0
A2377,0.0005141760276,0
A2378,0.105595281,0
A2379,0.02519848456,0
A2380,4.397497738e-05,0
A2381,0.9127417916,1
A2382,0.0001127411429,0
A2383,0.0004412638049,0
A2384,0.001793129283,0
A2385,0.1085316702,0
A2386,0.01029717672,0
A2387,8.483072459e-06,0
A2388,3.808841717e-05,0
A2389,0.9703733585,1
A2390,0.0006178703751,0
A2391,9.635395499e-05,0
A2392,0.8263287564,1
A2393,0.0004367071108,0
A2394,0.0001069602125,0
A2395,0.0004294212955,0
A2396,0.0004682593552,0
A2397,0.01067574504,0
A2398,2.983925031e-05,0
A2399,0.001744996994,0
A2400,2.346874597e-05,0
A2401,9.600706916e-06,0
A2402,0.0005118765627,0
A2403,2.179315582e-05,0
A2404,1.952020798e-05,0
A2405,6.79399912e-05,0
A2406,0.8382130481,1
A2407,0.9975366265,1
A2408,0.01326412254,0
A2409,0.9764834313,1
A2410,0.006126815559,0
A2411,0.005891298658,0
A2412,0.004987004324,0
A2413,3.494346757e-05,0
A2414,0.007960614505,0
A2415,0.001675234542,0
A2416,3.847807527e-05,0
A2417,0.001931744178,0
A2418,0.006155463645,0
A2419,6.880102714e-05,0
A2420,0.001050582817,0
A2421,0.2626571292,0
A2422,0.001444634594,0
A2423,0.0001804645442,0
A2424,0.0007775371159,0
A2425,0.0004917524655,0
A2426,0.0007694932651,0
A2427,0.0005768511859,0
A2428,0.001458037989,0
A2429,0.7973398352,0
A2430,0.02807490832,0
A2431,0.0001931303157,0
A2432,0.02722651664,0
A2433,8.153072628e-05,0
A2434,0.4388872297,0
A2435,0.0008972220135,0
A2436,0.9921597475,1
A2437,0.0002021244943,0
A2438,0.9329744779,1
A2439,0.9521902376,1
A2440,0.0007221013435,0
A2441,6.271932944e-05,0
A2442,0.0001918447643,0
A2443,0.0166834487,0
A2444,0.0006269756623,0
A2445,0.0007438931897,0
A2446,0.8239753181,1
A2447,0.04713134302,0
A2448,0.9256642214,1
A2449,7.286758736e-05,0
A2450,0.06524551783,0
A2451,0.0004986795664,0
A2452,0.0003473038357,0
A2453,0.0007850499275,0
A2454,0.00352179002,0
A2455,0.9929738668,1
A2456,0.0001494477404,0
A2457,0.005918028299,0
A2458,4.783542621e-05,0
A2459,0.9430137221,1
A2460,0.0003139501567,0
A2461,0.0003086555428,0
A2462,5.997931589e-05,0
A2463,0.9953056379,1
A2464,0.008135892904,0
A2465,0.001655678266,0
A2466,0.004093210009,0
A2467,0.0002014563197,0
A2468,0.003750189728,0
A2469,1.901825421e-05,0
A2470,0.1457112293,0
A2471,0.07612162397,0
A2472,0.9987358084,1
A2473,0.0003463564915,0
A2474,0.0002446197921,0
A2475,0.0002569271478,0
A2476,0.001883419771,0
A2477,5.135404028e-05,0
A2478,0.003570379619,0
A2479,0.6572856716,0
A2480,0.01416780605,0
A2481,0.002882715671,0
A2482,0.9900173425,1
A2483,0.0001885922175,0
A2484,0.005028869347,0
A2485,0.02153982743,0
A2486,0.164003924,0
A2487,0.005027256928,0
A2488,0.0009587935779,0
A2489,0.006378019701,0
A2490,0.0006449041277,0
A2491,0.007093939905,0
A2492,6.197836036e-05,0
A2493,0.0003789210901,0
A2494,0.0008951880297,0
A2495,0.01885620915,0
A2496,0.02100971158,0
A2497,0.0008419463179,0
A2498,8.246456192e-05,0
A2499,0.001219240805,0
A2500,0.3738997407,0
A2501,8.146415335e-05,0
A2502,0.0004051623252,0
A2503,0.3372728446,0
A2504,0.002139803396,0
A2505,8.21246267e-05,0
A2506,0.004445446336,0
A2507,0.007543955555,0
A2508,0.0001180791922,0
A2509,6.688241422e-05,0
A2510,8.457078121e-05,0
A2511,0.0600200336,0
A2512,0.03014260243,0
A2513,7.714652189e-05,0
A2514,0.002657819335,0
A2515,0.593827589,0
A2516,0.3818618442,0
A2517,0.996027594,1
A2518,5.79963248e-05,0
A2519,0.006119812657,0
A2520,0.9921970588,1
A2521,0.0004207303056,0
A2522,0.9902638918,1
A2523,0.0005501310909,0
A2524,0.005332653492,0
A2525,0.0002837763334,0
A2526,0.01071370291,0
A2527,0.005165009277,0
A2528,0.00996794036,0
A2529,0.9990062941,1
A2530,0.004850333848,0
A2531,0.1589795623,0
A2532,0.0005348554199,0
A2533,0.0001792960367,0
A2534,0.9428036086,1
A2535,0.9299076155,1
A2536,0.3984187007,0
A2537,0.0003612816358,0
A2538,2.205365931e-05,0
A2539,0.5346490958,0
A2540,0.001477511209,0
A2541,0.00198998987,0
A2542,0.0006858037959,0
A2543,0.0007807841033,0
A2544,0.0002975797516,0
A2545,0.0002313001308,0
A2546,0.000650534724,0
A2547,6.987257943e-05,0
A2548,0.1758926965,0
A2549,4.19740885e-05,0
A2550,8.985324529e-05,0
A2551,0.9987279096,1
A2552,0.002028463656,0
A2553,0.1170642826,0
A2554,0.0002810535558,0
A2555,0.009448477977,0
A2556,0.009540818539,0
A2557,0.04102329543,0
A2558,0.001751829218,0
A2559,0.0007620977926,0
A2560,0.1918119445,0
A2561,0.7825340986,0
A2562,0.008080927457,0
A2563,0.9872240993,1
A2564,0.7661358791,0
A2565,0.9895493174,1
A2566,3.443629873e-05,0
A2567,0.005121480917,0
A2568,0.0007035311236,0
A2569,0.0003061350467,0
A2570,0.003301179509,0
A2571,0.005183666335,0
A2572,0.08473177466,0
A2573,0.9956027646,1
A2574,6.923172079e-05,0
A2575,0.001934962656,0
A2576,0.08169643727,0
A2577,0.0005232134226,0
A2578,0.001770178883,0
A2579,0.000283351277,0
A2580,5.901736589e-05,0
A2581,0.7041993474,0
A2582,3.815703842e-05,0
A2583,0.001010531549,0
A2584,0.0001775701739,0
A2585,3.073681293e-05,0
A2586,0.06107169793,0
A2587,0.001545458102,0
A2588,0.000746931762,0
A2589,0.0005190008932,0
A2590,0.9969122869,1
A2591,9.296496288e-05,0
A2592,0.006252891678,0
A2593,0.06028991065,0
A2594,0.9985648292,1
A2595,0.9709374909,1
A2596,0.0001934925944,0
A2597,0.01662009887,0
A2598,0.8213668398,1
A2599,0.8584777476,1
A2600,0.02885085258,0
A2601,0.007245507428,0
A2602,0.36881436,0
A2603,0.0001230326728,0
A2604,0.01571030012,0
A2605,0.0005616603556,0
A2606,7.748401941e-05,0
A2607,0.9725725061,1
A2608,0.0006707346971,0
A2609,9.847051701e-05,0
A2610,0.9978374272,1
A2611,0.3036976035,0
A2612,0.9986425915,1
A2613,0.4161583733,0
A2614,0.0007707931189,0
A2615,0.002531683852,0
A2616,0.8792187226,1
A2617,0.03453367655,0
A2618,0.01782299597,0
A2619,0.0002114637937,0
A2620,0.9406610083,1
A2621,0.002730097849,0
A2622,0.0003611309699,0
A2623,0.0002163088016,0
A2624,0.01260875063,0
A2625,0.0002041236875,0
A2626,0.0001595465721,0
A2627,0.9968533549,1
A2628,0.0001054044203,0
A2629,0.07055731109,0
A2630,2.650702371e-05,0
A2631,0.08168563447,0
A2632,0.0003202143009,0
A2633,0.0002907298185,0
A2634,0.00396985744,0
A2635,0.02200789505,0
A2636,0.0001013485748,0
A2637,0.0002848744344,0
A2638,0.005379168189,0
A2639,0.9895061824,1
A2640,0.9494145749,1
A2641,0.2099466717,0
A2642,0.976265436,1
A2643,0.9982515728,1
A2644,0.8633808262,1
A2645,0.9337462195,1
A2646,8.937009607e-05,0
A2647,0.8812088354,1
A2648,5.453817565e-05,0
A2649,4.564396004e-05,0
A2650,0.001634253808,0
A2651,0.03559709745,0
A2652,0.2154994604,0
A2653,0.8831763994,1
A2654,0.9573785674,1
A2655,0.01778569724,0
A2656,0.02265842635,0
A2657,0.0004667167108,0
A2658,0.0004842685543,0
A2659,0.02283902572,0
A2660,0.002283877896,0
A2661,0.001277459121,0
A2662,0.09145423217,0
A2663,0.01017826796,0
A2664,0.0001568926657,0
A2665,0.0002857141067,0
A2666,0.0001292386453,0
A2667,4.773432414e-05,0
A2668,0.04187184049,0
A2669,1.403464545e-05,0
A2670,5.566039582e-05,0
A2671,0.005034533594,0
A2672,0.5902638381,0
A2673,0.002256330847,0
A2674,8.617084631e-05,0
A2675,0.0002485608511,0
A2676,0.003233423071,0
A2677,0.0002440335002,0
A2678,0.004153756052,0
A2679,0.000636512711,0
A2680,0.02044016317,0
A2681,0.001697908482,0
A2682,0.9898816922,1
A2683,0.000775801296,0
A2684,0.01589015298,0
A2685,4.344728394e-05,0
A2686,0.001509395307,0
A2687,5.403987601e-05,0
A2688,0.001115305844,0
A2689,0.03131453895,0
A2690,0.001490923578,0
A2691,0.7880239173,0
A2692,0.9787121708,1
A2693,0.001527632258,0
A2694,0.0001365210232,0
A2695,0.1536401592,0
A2696,0.9750770604,1
A2697,0.861687717,1
A2698,0.0003875235424,0
A2699,0.04704404414,0
A2700,1.978767507e-05,0
A2701,0.000526683843,0
A2702,1.276667095e-05,0
A2703,0.9931262701,1
A2704,0.9467395595,1
A2705,0.06323083365,0
A2706,0.5073346921,0
A2707,0.0005900495039,0
A2708,0.0041556837,0
A2709,0.0005082688101,0
A2710,0.0005029154871,0
A2711,0.03160696344,0
A2712,0.9895804955,1
A2713,0.0005187046201,0
A2714,0.5534317679,0
A2715,0.9966973413,1
A2716,0.7820064735,0
A2717,0.00042188905,0
A2718,0.9956576527,1
A2719,0.002166865522,0
A2720,0.007309472502,0
A2721,8.983387489e-05,0
A2722,9.284598123e-05,0
A2723,5.760305439e-05,0
A2724,0.05712144432,0
A2725,0.9713927309,1
A2726,9.434566623e-05,0
A2727,0.0002297556117,0
A2728,0.0001758126507,0
A2729,0.0001261908927,0
A2730,0.7943424326,0
A2731,0.002916625703,0
A2732,0.0003850603497,0
A2733,0.2818938948,0
A2734,0.001247397883,0
A2735,0.001453573817,0
A2736,0.0664295618,0
A2737,0.001074505741,0
A2738,0.3687468792,0
A2739,0.005245353494,0
A2740,0.0005231433859,0
A2741,0.0003457917545,0
A2742,5.292894155e-05,0
A2743,7.504094086e-05,0
A2744,0.008769745037,0
A2745,0.01881343514,0
A2746,6.570187678e-05,0
A2747,0.0007310529513,0
A2748,3.842689823e-05,0
A2749,8.475297823e-05,0
A2750,0.0006349025897,0
A2751,3.810099541e-05,0
A2752,0.0002434684527,0
A2753,0.0009876174352,0
A2754,5.984058389e-05,0
A2755,8.588196769e-05,0
A2756,0.9981057605,1
A2757,0.3246483936,0
A2758,0.03675527949,0
A2759,0.5745469495,0
A2760,0.01329071532,0
A2761,0.001081874954,0
A2762,0.9693369704,1
A2763,0.9538530157,1
A2764,0.9970090043,1
A2765,0.00338956116,0
A2766,0.04171762829,0
A2767,0.0001037382029,0
A2768,0.01524250098,0
A2769,5.108533745e-05,0
A2770,2.296764663e-05,0
A2771,0.0001461220522,0
A2772,0.001667487919,0
A2773,0.001488590045,0
A2774,0.0006572836055,0
A2775,0.4540646676,0
A2776,0.02284729144,0
A2777,0.001765126248,0
A2778,0.0008992589794,0
A2779,0.02178801856,0
A2780,0.001850777656,0
A2781,0.0007419893075,0
A2782,0.005727587853,0
A2783,0.7027411069,0
A2784,0.4052599854,0
A2785,0.0001408286409,0
A2786,0.001671713935,0
A2787,0.0001105501721,0
A2788,0.0001442969214,0
A2789,0.0007000629561,0
A2790,0.001881505086,0
A2791,0.8720828479,1
A2792,0.0005503980328,0
A2793,0.001120242416,0
A2794,0.9746029625,1
A2795,0.001379277364,0
A2796,0.0002616658824,0
A2797,0.001037417761,0
A2798,0.03239543837,0
A2799,0.7399795434,0
A2800,0.8768715407,1
A2801,0.001704081318,0
A2802,6.84700513e-05,0
A2803,0.001194012844,0
A2804,0.0002699425627,0
A2805,6.776967595e-05,0
A2806,0.0001704186381,0
A2807,0.08186131661,0
A2808,0.1735102634,0
A2809,0.0001480790652,0
A2810,3.633809296e-05,0
A2811,5.329337562e-05,0
A2812,0.003148531665,0
A2813,4.3001267e-05,0
A2814,0.001431096068,0
A2815,0.0002633745281,0
A2816,1.608998846e-05,0
A2817,0.0008713302589,0
A2818,0.0002261745877,0
A2819,0.0007170028374,0
A2820,4.264022867e-05,0
A2821,0.9945756131,1
A2822,0.06695383767,0
A2823,0.000176650687,0
A2824,0.001992092643,0
A2825,0.0002094504006,0
A2826,0.0001821624356,0
A2827,0.00686921678,0
A2828,5.205440613e-05,0
A2829,0.002150597851,0
A2830,0.0001599765382,0
A2831,0.00464093404,0
A2832,0.0001463788759,0
A2833,0.991230396,1
A2834,0.002393911271,0
A2835,0.003500579368,0
A2836,0.003016272261,0
A2837,0.4139284494,0
A2838,0.0001493880813,0
A2839,0.9830235394,1
A2840,0.0005372216371,0
A2841,5.345651551e-05,0
A2842,0.0001389747802,0
A2843,0.0001247358684,0
A2844,0.000343341576,0
A2845,0.7192098505,0
A2846,0.0005862274742,0
A2847,0.0007545520557,0
A2848,0.9376502134,1
A2849,0.9968975305,1
A2850,0.8600591821,1
A2851,8.160076546e-05,0
A2852,0.9988896466,1
A2853,0.00172944316,0
A2854,0.1258187468,0
A2855,5.220351906e-05,0
A2856,0.9389302335,1
A2857,0.7740562926,0
A2858,0.0009156839211,0
A2859,0.02141819052,0
A2860,0.0001011280823,0
A2861,0.0001436769256,0
A2862,0.0001221558261,0
A2863,0.992078236,1
A2864,0.0001075062508,0
A2865,5.910286449e-05,0
A2866,8.46999517e-05,0
A2867,0.0002137269574,0
A2868,5.950596001e-05,0
A2869,0.0001121346408,0
A2870,0.0002860162858,0
A2871,0.1245029398,0
A2872,0.2081121757,0
A2873,0.0006207285699,0
A2874,0.006046960004,0
A2875,0.001679457635,0
A2876,0.3270259517,0
A2877,0.02506935847,0
A2878,0.0007750236497,0
A2879,9.570385322e-05,0
A2880,0.1073725288,0
A2881,0.0003375826819,0
A2882,0.9246567991,1
A2883,0.002196062667,0
A2884,0.09453017761,0
A2885,0.6444186553,0
A2886,1.826270481e-05,0
A2887,0.9984015162,1
A2888,0.0002041586459,0
A2889,0.006797702759,0
A2890,5.123067932e-05,0
A2891,0.0008208078833,0
A2892,0.003667478242,0
A2893,0.03180555407,0
A2894,0.002110336524,0
A2895,0.0007523010724,0
A2896,2.424414922e-05,0
A2897,0.0001195288292,0
A2898,0.9287195752,1
A2899,0.9985733066,1
A2900,0.0008088372149,0
A2901,0.9991965648,1
A2902,0.9983402246,1
A2903,0.9980794728,1
A2904,0.001088807365,0
A2905,0.003433800297,0
A2906,0.0002681063839,0
A2907,0.006880522438,0
A2908,0.0003115967877,0
A2909,0.0004924555744,0
A2910,0.006041894963,0
A2911,0.0002538734983,0
A2912,4.221984568e-05,0
A2913,0.0001559314328,0
A2914,0.0003401083576,0
A2915,0.0008089005891,0
A2916,8.357736531e-05,0
A2917,7.329523542e-05,0
A2918,0.0002706814071,0
A2919,0.0001941307028,0
A2920,0.0001133428489,0
A2921,0.0002456904187,0
A2922,0.0002009475754,0
A2923,1.686960519e-05,0
A2924,0.001305542919,0
A2925,0.0001560029533,0
A2926,0.0001142088569,0
A2927,0.008202801107,0
A2928,0.0001363725374,0
A2929,0.9946949292,1
A2930,0.105240263,0
A2931,0.0007912488937,0
A2932,0.00206625168,0
A2933,0.2752112046,0
A2934,0.02451557879,0
A2935,0.02681334503,0
A2936,0.8767513114,1
A2937,0.0006282161441,0
A2938,7.402159123e-05,0
A2939,0.998655936,1
A2940,0.0001469988214,0
A2941,0.0002336680471,0
A2942,0.000790932695,0
A2943,0.002771726273,0
A2944,0.0008183019969,0
A2945,0.0001113113514,0
A2946,0.02909880071,0
A2947,0.9601314943,1
A2948,1.927315421e-05,0
A2949,0.2978617879,0
A2950,0.0002433510069,0
A2951,0.5762473032,0
A2952,0.9940952522,1
A2953,0.002415061321,0
A2954,8.866807654e-05,0
A2955,0.0002708675507,0
A2956,0.0001269280162,0
A2957,0.01869694794,0
A2958,0.6745484632,0
A2959,0.003159729667,0
A2960,0.971431059,1
A2961,0.005363351496,0
A2962,0.9989158089,1
A2963,7.456799864e-05,0
A2964,0.7782823653,0
A2965,0.01510322684,0
A2966,3.213390811e-05,0
A2967,0.7411320185,0
A2968,0.0001792950242,0
A2969,0.0006816126285,0
A2970,0.0005631366584,0
A2971,0.0001323433318,0
A2972,0.0001079424196,0
A2973,0.0006403963647,0
A2974,0.000489268173,0
A2975,0.9942221143,1
A2976,8.407743507e-05,0
A2977,0.0004256138286,0
A2978,0.9981270901,1
A2979,2.997191921e-05,0
A2980,0.0004387248885,0
A2981,0.0001912744167,0
A2982,0.0002101467939,0
A2983,0.0001695946776,0
A2984,0.0005753235686,0
A2985,0.9986561237,1
A2986,0.0002009991699,0
A2987,0.9937956785,1
A2988,0.0001168619888,0
A2989,0.002344893326,0
A2990,6.545048947e-05,0
A2991,8.168135716e-05,0
A2992,0.99222678,1
A2993,0.0001278135813,0
A2994,0.2143949603,0
A2995,0.02279870324,0
A2996,0.4920988241,0
A2997,0.01285463786,0
A2998,0.000317067334,0
A2999,0.0002433486802,0
A3000,0.005471056149,0
A3001,0.0008967844099,0
A3002,7.219699205e-05,0
A3003,0.361364524,0
A3004,0.0009579297377,0
A3005,0.00092527131,0
A3006,0.0004587543419,0
A3007,8.813352169e-05,0
A3008,0.004690351789,0
A3009,0.001964872705,0
A3010,0.08433409503,0
A3011,0.0005929202298,0
A3012,0.01319070794,0
A3013,0.000216169364,0
A3014,0.0006307513048,0
A3015,0.01005064585,0
A3016,0.3820906398,0
A3017,0.0001314577001,0
A3018,0.9990694788,1
A3019,0.0002976610217,0
A3020,0.000270367485,0
A3021,0.001301537302,0
A3022,0.00516464582,0
A3023,4.718653204e-05,0
A3024,0.9571751448,1
A3025,0.01003037528,0
A3026,0.5313487996,0
A3027,0.0619469633,0
A3028,0.001950642347,0
A3029,1.929681188e-05,0
A3030,0.1558363085,0
A3031,4.041765315e-05,0
A3032,0.8871262205,1
A3033,3.953850634e-05,0
A3034,0.007971842133,0
A3035,0.1636290546,0
A3036,0.99441599,1
A3037,3.719693595e-05,0
A3038,7.361517031e-05,0
A3039,0.9955452919,1
A3040,7.4334723e-05,0
A3041,2.24636789e-05,0
A3042,0.003764738438,0
A3043,0.0001071086734,0
A3044,0.001106765616,0
A3045,0.001093891495,0
A3046,0.0151749596,0
A3047,0.9941087964,1
A3048,0.997732265,1
A3049,0.0002301942859,0
A3050,0.004369435842,0
A3051,0.005301798055,0
A3052,0.001699510566,0
A3053,0.0007178809893,0
A3054,0.0008868257308,0
A3055,0.0002313294516,0
A3056,6.076148714e-05,0
A3057,0.0001120512163,0
A3058,0.0002182683083,0
A3059,0.0006513952471,0
A3060,0.002627370918,0
A3061,0.0001205405847,0
A3062,0.009764342985,0
A3063,0.002110025414,0
A3064,0.3577011865,0
A3065,0.0002041236875,0
A3066,0.1347367029,0
A3067,0.002254186053,0
A3068,0.0002369400282,0
A3069,0.0002792784247,0
A3070,0.0003453416339,0
A3071,0.002333528812,0
A3072,0.002474043096,0
A3073,0.0007123340092,0
A3074,0.0002995172299,0
A3075,0.9976935268,1
A3076,3.017385178e-05,0
A3077,0.8465826417,1
A3078,0.3219696081,0
A3079,0.8696593024,1
A3080,0.005347661449,0
A3081,0.0001680555487,0
A3082,0.03945751986,0
A3083,5.938259513e-05,0
A3084,0.862944289,1
A3085,5.186567726e-05,0
A3086,0.0001774907922,0
A3087,0.01142676154,0
A3088,0.9047373274,1
A3089,0.0003233095118,0
A3090,3.195545229e-05,0
A3091,0.002313668189,0
A3092,0.003546027176,0
A3093,0.0009772113264,0
A3094,0.9755974996,1
A3095,0.0001477383407,0
A3096,0.007806122616,0
A3097,0.0001081743899,0
A3098,0.9848316071,1
A3099,0.002048172636,0
A3100,0.005528769323,0
A3101,0.0002592715613,0
A3102,0.1992930435,0
A3103,0.001172944092,0
A3104,0.0003161564843,0
A3105,0.005754445815,0
A3106,0.0005516456416,0
A3107,0.5724969012,0
A3108,0.0007693986815,0
A3109,0.005611850754,0
A3110,0.0001133378739,0
A3111,0.0009314548222,0
A3112,0.9124107246,1
A3113,1.926303586e-05,0
A3114,9.393955242e-05,0
A3115,0.9712053522,1
A3116,9.006015022e-05,0
A3117,3.867144479e-05,0
A3118,0.08959434691,0
A3119,0.5430506396,0
A3120,0.0002734284729,0
A3121,3.197848477e-05,0
A3122,0.0008663645616,0
A3123,0.0875922108,0
A3124,0.004765653623,0
A3125,3.262063358e-05,0
A3126,0.9890519265,1
A3127,0.9831245727,1
A3128,0.0001408330024,0
A3129,0.0001542803731,0
A3130,0.004587251372,0
A3131,0.0003648719337,0
A3132,0.01296636893,0
A3133,2.282024496e-05,0
A3134,2.82501824e-05,0
A3135,0.4780787485,0
A3136,0.0004286899464,0
A3137,0.009074621364,0
A3138,0.0001591531048,0
A3139,2.676838176e-05,0
A3140,0.4997050135,0
A3141,0.000128611745,0
A3142,5.444081105e-05,0
A3143,0.955952885,1
A3144,0.9591498093,1
A3145,0.08830275615,0
A3146,0.007686025584,0
A3147,0.9957919041,1
A3148,0.9929175226,1
A3149,0.0195103346,0
A3150,0.0002961799773,0
A3151,0.003286769629,0
A3152,0.0001179511007,0
A3153,0.0006108375402,0
A3154,0.02182289142,0
A3155,0.03422450054,0
A3156,0.08484278616,0
A3157,0.003688481526,0
A3158,0.9986338643,1
A3159,0.0361086132,0
A3160,0.003561848673,0
A3161,0.01397360659,0
A3162,0.1346788531,0
A3163,0.03211657916,0
A3164,9.618000952e-05,0
A3165,0.0004086359172,0
A3166,0.03107022836,0
A3167,0.5197310519,0
A3168,4.532675363e-05,0
A3169,0.9262952129,1
A3170,0.0006875579625,0
A3171,0.9638340355,1
A3172,5.953525128e-05,0
A3173,0.0007025906789,0
A3174,0.0001338046852,0
A3175,0.0006673735839,0
A3176,0.0002686597396,0
A3177,0.9963044018,1
A3178,6.525351479e-05,0
A3179,3.377254258e-05,0
A3180,0.9976908016,1
A3181,0.0006713665287,0
A3182,0.1551511778,0
A3183,0.9782500524,1
A3184,0.001618058021,0
A3185,0.1356695636,0
A3186,0.8506539336,1
A3187,0.1223466654,0
A3188,0.9926619294,1
A3189,0.9907245591,1
A3190,0.053625437,0
A3191,8.157386311e-05,0
A3192,0.9990436471,1
A3193,0.00183970173,0
A3194,0.004713815829,0
A3195,0.001642376393,0
A3196,0.0006212150326,0
A3197,0.003042084994,0
A3198,0.9640649671,1
A3199,6.278059001e-05,0
A3200,0.00156400717,0
A3201,0.000291301135,0
A3202,0.001048159125,0
A3203,0.000148612436,0
A3204,0.001199601865,0
A3205,0.9912142891,1
A3206,0.09189045141,0
A3207,0.01138286181,0
A3208,5.721001153e-05,0
A3209,0.9415434599,1
A3210,0.01014074521,0
A3211,0.0002227801655,0
A3212,0.01020984497,0
A3213,0.7070261668,0
A3214,0.0007018559337,0
A3215,4.482347402e-05,0
A3216,0.001277816992,0
A3217,0.0006241768923,0
A3218,8.78250161e-05,0
A3219,0.008995097357,0
A3220,1.665855595e-05,0
A3221,0.0004950110066,0
A3222,0.0006813426632,0
A3223,0.9169231645,1
A3224,0.9908697419,1
A3225,0.0001101843631,0
A3226,0.0002134907407,0
A3227,0.3567971893,0
A3228,0.001411047203,0
A3229,0.6945873199,0
A3230,0.004955398709,0
A3231,0.0004571629574,0
A3232,5.513067656e-05,0
A3233,0.0007404699347,0
A3234,0.002889270524,0
A3235,0.002168724746,0
A3236,7.671669662e-05,0
A3237,0.006181261614,0
A3238,0.0001266674735,0
A3239,1.978172449e-05,0
A3240,5.514737742e-05,0
A3241,0.0001417076059,0
A3242,0.002188582023,0
A3243,6.351762035e-05,0
A3244,0.001912648471,0
A3245,3.923509799e-05,0
A3246,0.0001533073809,0
A3247,0.0008197150073,0
A3248,0.004837102557,0
A3249,0.003261901043,0
A3250,3.074457309e-05,0
A3251,3.607382808e-05,0
A3252,0.01036374837,0
A3253,0.9838114384,1
A3254,0.7701551437,0
A3255,0.0005910101601,0
A3256,0.0005026396906,0
A3257,0.001189090114,0
A3258,0.0003140202309,0
A3259,0.9952319722,1
A3260,0.05245356167,0
A3261,0.0002867012006,0
A3262,2.514537138e-05,0
A3263,0.03634490886,0
A3264,0.8157456902,1
A3265,0.0009204997538,0
A3266,2.189100505e-05,0
A3267,0.0003808465983,0
A3268,0.003837516679,0
A3269,0.0001083735591,0
A3270,7.446025383e-05,0
A3271,0.001849938208,0
A3272,1.711642331e-05,0
A3273,0.0001002975992,0
A3274,0.006218275232,0
A3275,0.00162380872,0
A3276,0.001107879554,0
A3277,0.805297678,1
A3278,0.0001457963854,0
A3279,0.9541465128,1
A3280,0.9582752228,1
A3281,0.8080221305,1
A3282,0.9850454325,1
A3283,0.0007560464213,0
A3284,0.001106827495,0
A3285,0.0006608802221,0
A3286,0.1097431282,0
A3287,0.00293140091,0
A3288,0.0001881754974,0
A3289,0.9818813136,1
A3290,0.0001269830002,0
A3291,0.0001046034646,0
A3292,0.0004899496615,0
A3293,0.3449098375,0
A3294,0.9725725061,1
A3295,0.0004137129814,0
A3296,0.0001849142062,0
A3297,0.007481025715,0
A3298,5.257011402e-05,0
A3299,0.2081121757,0
A3300,0.8843939234,1
A3301,0.001375923355,0
A3302,0.0004850494999,0
A3303,0.9946451515,1
A3304,0.009160071407,0
A3305,0.0006307272076,0
A3306,0.0021040036,0
A3307,0.0001723735786,0
A3308,0.8612116457,1
A3309,0.9093733524,1
A3310,0.02480871474,0
A3311,0.0001204127436,0
A3312,0.9566254984,1
A3313,0.0002188218596,0
A3314,0.1065575075,0
A3315,0.9982206346,1
A3316,0.9605137159,1
A3317,0.9806400278,1
A3318,0.0002015624191,0
A3319,0.00044397403,0
A3320,0.9939363451,1
A3321,0.5883389056,0
A3322,0.0003905137031,0
A3323,0.0009336971203,0
A3324,5.570869113e-05,0
A3325,0.01294138659,0
A3326,0.0003318404367,0
A3327,4.99527555e-05,0
A3328,0.02183093935,0
A3329,0.05086751709,0
A3330,0.02807490832,0
A3331,0.001754791559,0
A3332,0.0001608614877,0
A3333,0.9970664563,1
A3334,0.0001743928204,0
A3335,0.2418157451,0
A3336,0.0002972650654,0
A3337,0.0002034404044,0
A3338,0.0005900798308,0
A3339,0.9084357291,1
A3340,0.0001234560443,0
A3341,0.001062995718,0
A3342,0.01144161525,0
A3343,0.9876242021,1
A3344,0.0001663241646,0
A3345,0.0004446179798,0
A3346,0.001927279705,0
A3347,0.0001408046942,0
A3348,7.728378011e-05,0
A3349,0.0002241289382,0
A3350,3.349293523e-05,0
A3351,0.1148162707,0
A3352,0.01327216503,0
A3353,2.455231432e-05,0
A3354,2.421995652e-05,0
A3355,0.04797969473,0
A3356,0.001489352981,0
A3357,0.001782671044,0
A3358,0.003908063113,0
A3359,6.769896239e-05,0
A3360,0.0007000629561,0
A3361,0.01617936372,0
A3362,0.001427176343,0
A3363,0.02037543514,0
A3364,0.0004017877708,0
A3365,0.006284072422,0
A3366,0.0001003100433,0
A3367,0.9985576668,1
A3368,0.0002240099029,0
A3369,0.002514131558,0
A3370,3.414868421e-05,0
A3371,0.9329744779,1
A3372,5.008846595e-05,0
A3373,0.001333664839,0
A3374,0.01144390163,0
A3375,0.0002308539495,0
A3376,0.0006151370632,0
A3377,0.0002748387144,0
A3378,3.53095388e-05,0
A3379,0.5346138432,0
A3380,0.0001456799083,0
A3381,0.0001442228979,0
A3382,1.435440408e-05,0
A3383,0.0006940151938,0
A3384,0.006173860644,0
A3385,2.189539006e-05,0
A3386,0.02789188978,0
A3387,0.4872875666,0
A3388,0.00112625081,0
A3389,0.1790780195,0
A3390,0.003655089572,0
A3391,0.9956794423,1
A3392,0.0004616188271,0
A3393,0.0001784417016,0
A3394,0.0004728255245,0
A3395,0.003672464402,0
A3396,2.083257746e-05,0
A3397,0.2501825552,0
A3398,0.982641816,1
A3399,0.001460982651,0
A3400,0.0006875841063,0
A3401,0.9657002625,1
A3402,0.9965982763,1
A3403,0.9898717048,1
A3404,0.006553275963,0
A3405,0.8903088581,1
A3406,0.03753875698,0
A3407,0.06292524423,0
A3408,0.0005239738219,0
A3409,0.01411949545,0
A3410,0.0005392929564,0
A3411,0.5873794472,0
A3412,3.396264169e-05,0
A3413,1.184018897e-05,0
A3414,0.0001907775413,0
A3415,0.0003760341957,0
A3416,0.0009455117777,0
A3417,0.004697438409,0
A3418,0.9759463474,1
A3419,0.0001567443546,0
A3420,0.0001123039271,0
A3421,0.0009620337607,0
A3422,0.0002295925824,0
A3423,0.00267317249,0
A3424,0.7315171731,0
A3425,0.981173216,1
A3426,0.01689971198,0
A3427,0.0009982330822,0
A3428,0.0004435795868,0
A3429,0.0002325631744,0
A3430,0.0001806353687,0
A3431,0.0006658962247,0
A3432,0.9324981469,1
A3433,0.9923991737,1
A3434,0.0004978111417,0
A3435,3.891594558e-05,0
A3436,0.1439858109,0
A3437,0.9862788544,1
A3438,0.008857864625,0
A3439,0.0001723115808,0
A3440,0.0006444474294,0
A3441,0.0001902384688,0
A3442,0.04468487183,0
A3443,0.001537654381,0
A3444,0.0001006919171,0
A3445,0.0002905679123,0
A3446,0.9452319272,1
A3447,0.1182258346,0
A3448,0.0002414074394,0
A3449,6.295742804e-05,0
A3450,0.04328522758,0
A3451,0.0001631277171,0
A3452,4.119609583e-05,0
A3453,0.0001738403181,0
A3454,0.0004778221539,0
A3455,0.000142510801,0
A3456,0.6191999127,0
A3457,0.001726585296,0
A3458,0.001501553227,0
A3459,0.0002822267951,0
A3460,0.9931132923,1
A3461,0.0001432199954,0
A3462,0.0001727609509,0
A3463,0.0001788010258,0
A3464,0.03571678164,0
A3465,0.01299555064,0
A3466,0.0003112379872,0
A3467,0.0009423948893,0
A3468,0.0004024464705,0
A3469,0.0001600362738,0
A3470,2.544724891e-05,0
A3471,0.0002180502916,0
A3472,0.005579517798,0
A3473,0.2119381754,0
A3474,0.7358135316,0
A3475,0.1995023501,0
A3476,0.06222282377,0
A3477,0.0005148667613,0
A3478,0.4587278419,0
A3479,0.02153944201,0
A3480,0.001291191186,0
A3481,0.01889724585,0
A3482,0.2809743469,0
A3483,0.8287087486,1
A3484,0.5963604,0
A3485,0.0002207633947,0
A3486,0.0003989746294,0
A3487,0.6413315438,0
A3488,0.7869191636,0
A3489,0.7058353088,0
A3490,0.004752373433,0
A3491,0.002110025414,0
A3492,0.1898902382,0
A3493,0.003927417768,0
A3494,0.0003005030883,0
A3495,0.003533669389,0
A3496,0.9893021383,1
A3497,0.0005258410627,0
A3498,0.001081200687,0
A3499,0.08685448967,0
A3500,9.262881794e-05,0
A3501,3.049640733e-05,0
A3502,0.0005620354715,0
A3503,2.124675867e-05,0
A3504,0.1557979367,0
A3505,5.345270959e-05,0
A3506,0.0003615443317,0
A3507,0.7187900407,0
A3508,5.836544459e-05,0
A3509,0.0004896119182,0
A3510,0.4913811685,0
A3511,0.003923182752,0
A3512,2.63918527e-05,0
A3513,8.017409806e-05,0
A3514,0.000624282314,0
A3515,8.018186593e-05,0
A3516,0.009385775592,0
A3517,0.9491641749,1
A3518,0.9229464111,1
A3519,0.01246970425,0
A3520,3.155792795e-05,0
A3521,7.443270054e-05,0
A3522,0.1512831284,0
A3523,0.0007038805748,0
A3524,0.0002626670295,0
A3525,0.001495977136,0
A3526,0.005157931556,0
A3527,0.4615658725,0
A3528,0.0001358793542,0
A3529,0.002718387043,0
A3530,0.0002402419094,0
A3531,0.001433419589,0
A3532,0.0002296030608,0
A3533,0.02608754427,0
A3534,0.5788673641,0
A3535,0.0001013373522,0
A3536,0.8477709053,1
A3537,0.9978291033,1
A3538,0.001192987955,0
A3539,6.434996947e-05,0
A3540,0.1378679596,0
A3541,2.151755137e-05,0
A3542,0.0004637422473,0
A3543,0.9766197976,1
A3544,0.0002383212955,0
A3545,0.0008850258988,0
A3546,0.01134744026,0
A3547,0.002097503048,0
A3548,3.248906949e-05,0
A3549,0.006096839063,0
A3550,0.01973664781,0
A3551,0.0001564512822,0
A3552,8.447595982e-05,0
A3553,6.34144044e-05,0
A3554,0.0004292072885,0
A3555,0.0001872622746,0
A3556,0.03586653957,0
A3557,0.001407293075,0
A3558,0.002191672662,0
A3559,0.001275012605,0
A3560,0.155666205,0
A3561,0.9980525216,1
A3562,0.0006813686141,0
A3563,0.5108331588,0
A3564,0.001044913792,0
A3565,0.00291085552,0
A3566,0.0001928326133,0
A3567,0.9997249477,1
A3568,0.002362429189,0
A3569,0.001919484682,0
A3570,0.9732273261,1
A3571,2.927811947e-05,0
A3572,0.02328024652,0
A3573,0.001515769148,0
A3574,0.5078400284,0
A3575,0.0002737960896,0
A3576,0.6858036918,0
A3577,0.1672293768,0
A3578,0.001803009427,0
A3579,0.0001550464564,0
A3580,0.0004370884764,0
A3581,0.34721341,0
A3582,0.0001288710717,0
A3583,0.0008778982719,0
A3584,0.08731660605,0
A3585,0.1811016947,0
A3586,6.637366514e-05,0
A3587,2.121728711e-05,0
A3588,0.01068139577,0
A3589,0.36881436,0
A3590,3.306776833e-05,0
A3591,5.319150001e-05,0
A3592,3.012041536e-05,0
A3593,6.465287245e-05,0
A3594,0.003371962337,0
A3595,0.0001840093585,0
A3596,0.01164014706,0
A3597,0.9926992604,1
A3598,5.394495198e-05,0
A3599,0.0002609565567,0
A3600,0.0001213018232,0
A3601,3.209264643e-05,0
A3602,9.575066987e-05,0
A3603,0.00046911778,0
A3604,8.663022986e-05,0
A3605,3.196949272e-05,0
A3606,0.9978215738,1
A3607,0.01545811303,0
A3608,0.0001128463829,0
A3609,0.0001179387158,0
A3610,0.0006645635825,0
A3611,0.0002798040822,0
A3612,0.0008266444238,0
A3613,0.0003186813862,0
A3614,0.0006011654578,0
A3615,0.9817154426,1
A3616,3.592205599e-05,0
A3617,8.994178005e-05,0
A3618,0.0007136890526,0
A3619,0.0001680499249,0
A3620,0.0002953727755,0
A3621,0.03787796076,0
A3622,0.9679276994,1
A3623,0.0005755210598,0
A3624,0.0004766218437,0
A3625,5.714712418e-05,0
A3626,0.5197310519,0
A3627,0.2954765763,0
A3628,0.9029640699,1
A3629,4.52492688e-05,0
A3630,0.01509669445,0
A3631,8.206708156e-05,0
A3632,4.436165421e-05,0
A3633,0.0001274348584,0
A3634,0.005127923022,0
A3635,0.1294806446,0
A3636,0.0001728635644,0
A3637,0.0007796268252,0
A3638,0.2688505506,0
A3639,0.00100335013,0
A3640,8.537476523e-05,0
A3641,0.8738977648,1
A3642,0.02616096653,0
A3643,4.459539153e-05,0
A3644,0.4627127594,0
A3645,0.0007402479599,0
A3646,0.001180236591,0
A3647,0.01974751004,0
A3648,0.0002374625802,0
A3649,0.9646870334,1
A3650,0.002279514112,0
A3651,6.607537085e-05,0
A3652,0.0003331559347,0
A3653,2.567567273e-05,0
A3654,0.0006117127982,0
A3655,0.0002945414896,0
A3656,0.004302832623,0
A3657,8.189002939e-05,0
A3658,0.02701029088,0
A3659,0.983225965,1
A3660,0.0002011784785,0
A3661,0.003271255088,0
A3662,0.0003679369596,0
A3663,9.167106567e-05,0
A3664,0.9857042237,1
A3665,0.003960144508,0
A3666,0.9953468855,1
A3667,0.07900572443,0
A3668,0.0004138222012,0
A3669,0.08239745199,0
A3670,0.0002451279542,0
A3671,0.01108177402,0
A3672,0.00104370602,0
A3673,0.002419186399,0
A3674,0.0005178252193,0
A3675,0.0005984388454,0
A3676,0.9973057258,1
A3677,0.9954897055,1
A3678,0.9234956956,1
A3679,0.9581734473,1
A3680,0.0004319536162,0
A3681,0.458570362,0
A3682,0.004165281767,0
A3683,4.740355428e-05,0
A3684,0.02709190974,0
A3685,0.1250962146,0
A3686,0.002883881845,0
A3687,4.047239363e-05,0
A3688,0.03096108972,0
A3689,5.593534559e-05,0
A3690,0.009419848319,0
A3691,0.02640571976,0
A3692,0.05888179919,0
A3693,0.003390252796,0
A3694,0.04209515458,0
A3695,0.001989867029,0
A3696,0.0002153594411,0
A3697,6.129188395e-05,0
A3698,0.01452670936,0
A3699,0.0001966777371,0
A3700,0.001910531531,0
A3701,0.9972299267,1
A3702,0.9753853948,1
A3703,0.001574243878,0
A3704,0.001278467518,0
A3705,7.592955396e-05,0
A3706,0.0008056759888,0
A3707,0.001743426827,0
A3708,3.44054397e-05,0
A3709,0.003247663416,0
A3710,0.03298762433,0
A3711,0.0007441546949,0
A3712,0.007521168311,0
A3713,0.009807790292,0
A3714,0.002206296751,0
A3715,0.9963342535,1
A3716,0.0002041769498,0
A3717,7.270698988e-05,0
A3718,0.001578221135,0
A3719,0.0004293680124,0
A3720,0.002121902715,0
A3721,0.0001830668622,0
A3722,0.1097559846,0
A3723,0.006733964736,0
A3724,0.001961155781,0
A3725,0.2044306244,0
A3726,0.9684120558,1
A3727,0.007109953072,0
A3728,0.001532711855,0
A3729,0.004062427105,0
A3730,0.0652942643,0
A3731,0.9666914073,1
A3732,0.0003826176033,0
A3733,4.314159075e-05,0
A3734,0.998377566,1
A3735,2.40682337e-05,0
A3736,2.353866348e-05,0
A3737,0.4116798189,0
A3738,0.000391261927,0
A3739,0.001191892865,0
A3740,0.0003331559347,0
A3741,0.2632693707,0
A3742,0.0001158963226,0
A3743,0.0001740811755,0
A3744,0.00266280788,0
A3745,0.001243068442,0
A3746,0.00125327962,0
A3747,3.720650374e-05,0
A3748,0.4872260547,0
A3749,0.003666981193,0
A3750,5.474170787e-05,0
A3751,0.0008129434804,0
A3752,0.9849362927,1
A3753,0.2492535642,0
A3754,0.6234173603,0
A3755,0.4572921235,0
A3756,0.0002053773208,0
A3757,0.001984653572,0
A3758,0.1248399725,0
A3759,0.002854038194,0
A3760,0.9824332031,1
A3761,0.01089562632,0
A3762,0.02091268153,0
A3763,0.9825040326,1
A3764,0.2155334086,0
A3765,9.357998485e-05,0
A3766,0.0002178394969,0
A3767,0.0006915675557,0
A3768,0.176586608,0
A3769,4.381003959e-05,0
A3770,0.002365070411,0
A3771,0.0003758096542,0
A3772,0.0001339168871,0
A3773,0.9943966656,1
A3774,0.001517439163,0
A3775,0.02091312318,0
A3776,0.0002776312662,0
A3777,0.0001946825382,0
A3778,6.554774111e-05,0
A3779,0.999511209,1
A3780,0.9597463958,1
A3781,0.228204082,0
A3782,2.49313303e-05,0
A3783,0.000316166487,0
A3784,0.05268879235,0
A3785,5.11486402e-05,0
A3786,0.9394141728,1
A3787,0.3431815016,0
A3788,0.002257667718,0
A3789,0.03016653193,0
A3790,2.588696562e-05,0
A3791,2.164594461e-05,0
A3792,0.04091153781,0
A3793,0.0003658710351,0
A3794,0.001993018191,0
A3795,2.005627701e-05,0
A3796,0.01151595457,0
A3797,0.02417361623,0
A3798,0.96990448,1
A3799,0.0464872152,0
A3800,0.0017566969,0
A3801,3.930449058e-05,0
A3802,3.533844783e-05,0
A3803,0.0007115815918,0
A3804,8.52409045e-05,0
A3805,0.001082769944,0
A3806,4.724106976e-05,0
A3807,8.852615216e-05,0
A3808,0.9989574009,1
A3809,0.0004317857411,0
A3810,0.0002048688614,0
A3811,6.721722106e-05,0
A3812,0.1764651109,0
A3813,0.0003776086745,0
A3814,0.00111401457,0
A3815,0.001965331347,0
A3816,0.0006033963335,0
A3817,0.0001571851642,0
A3818,0.001171603533,0
A3819,0.000435694511,0
A3820,0.9980071904,1
A3821,0.2421715649,0
A3822,0.01434354523,0
A3823,0.0004845054912,0
A3824,0.0001012080985,0
A3825,0.004803441359,0
A3826,0.0004139599632,0
A3827,0.000684757195,0
A3828,0.0003519843796,0
A3829,8.94478397e-05,0
A3830,0.7805531739,0
A3831,0.9229777164,1
A3832,4.567583285e-05,0
A3833,0.0001069033274,0
A3834,6.670950918e-05,0
A3835,0.9968426449,1
A3836,0.001040694305,0
A3837,0.9869100094,1
A3838,0.0002903104683,0
A3839,0.0002535897511,0
A3840,0.9550005964,1
A3841,0.001030755179,0
A3842,0.01251412167,0
A3843,0.003982865293,0
A3844,0.0005426938761,0
A3845,0.8720347953,1
A3846,8.96052439e-05,0
A3847,0.01331472599,0
A3848,0.002155661194,0
A3849,0.9907548443,1
A3850,7.757055416e-05,0
A3851,0.002456226224,0
A3852,9.152109929e-05,0
A3853,0.003037370934,0
A3854,2.447415925e-05,0
A3855,0.9974539825,1
A3856,0.006371376259,0
A3857,0.0001213202013,0
A3858,4.295565346e-05,0
A3859,0.000575991761,0
A3860,0.01515072188,0
A3861,0.9911339647,1
A3862,0.0003382183835,0
A3863,0.0001163141849,0
A3864,0.0004877579153,0
A3865,0.001289392047,0
A3866,0.001167197661,0
A3867,0.5849617795,0
A3868,0.001763650869,0
A3869,0.001414146445,0
A3870,0.0001228906548,0
A3871,0.004859766814,0
A3872,0.0005618962025,0
A3873,0.02763604492,0
A3874,0.0001910735158,0
A3875,0.2060930245,0
A3876,0.9898608263,1
A3877,0.0003986473804,0
A3878,0.002927062161,0
A3879,3.9432635e-05,0
A3880,5.727283489e-05,0
A3881,0.9976526768,1
A3882,0.0004710471517,0
A3883,0.004366765888,0
A3884,0.001563650563,0
A3885,6.611941082e-05,0
A3886,0.0002373912457,0
A3887,0.0002473235906,0
A3888,0.9894684892,1
A3889,0.02971516062,0
A3890,0.0009505577452,0
A3891,0.0001021288574,0
A3892,0.002642939324,0
A3893,6.629285078e-05,0
A3894,0.0001514679121,0
A3895,0.0007136890526,0
A3896,0.01876661317,0
A3897,0.02609435211,0
A3898,0.0001127941742,0
A3899,5.854218764e-05,0
A3900,0.0006574195145,0
A3901,0.0006101377014,0
A3902,0.0003116208346,0
A3903,0.0006997422457,0
A3904,0.008004466378,0
A3905,4.204332441e-05,0
A3906,0.002457388492,0
A3907,0.09401633056,0
A3908,0.0002647884301,0
A3909,0.001613356453,0
A3910,0.0007435879725,0
A3911,0.01656213403,0
A3912,0.002205633654,0
A3913,0.1114600336,0
A3914,0.003372679528,0
A3915,0.001540154933,0
A3916,0.0003760848896,0
A3917,0.9947462147,1
A3918,0.0005303630575,0
A3919,0.002171261957,0
A3920,3.029417858e-05,0
A3921,0.000139039279,0
A3922,4.706077885e-05,0
A3923,0.001087300755,0
A3924,0.0008304772461,0
A3925,6.10863924e-05,0
A3926,0.0001719354137,0
A3927,0.8737388563,1
A3928,0.0002491337836,0
A3929,2.882939731e-05,0
A3930,0.001386985728,0
A3931,0.9506679513,1
A3932,0.006840909057,0
A3933,0.00109495622,0
A3934,4.741182576e-05,0
A3935,0.000414121396,0
A3936,0.0004334412167,0
A3937,0.00142962815,0
A3938,6.521680288e-05,0
A3939,0.01487988826,0
A3940,0.9406154628,1
A3941,0.001343333939,0
A3942,4.298579075e-05,0
A3943,8.875802187e-05,0
A3944,0.3696467698,0
A3945,0.008006190918,0
A3946,5.047391834e-05,0
A3947,0.002338242846,0
A3948,0.008230910557,0
A3949,0.5442080923,0
A3950,0.004721869278,0
A3951,0.9141596479,1
A3952,0.0001278289395,0
A3953,0.02562681605,0
A3954,5.330985943e-05,0
A3955,0.9472818918,1
A3956,0.0008746491696,0
A3957,0.00276193108,0
A3958,0.02514316671,0
A3959,0.005327677054,0
A3960,3.739685534e-05,0
A3961,8.738658486e-05,0
A3962,0.0002216420574,0
A3963,0.0001843860484,0
A3964,0.001158761166,0
A3965,0.0005773100094,0
A3966,0.006583466483,0
A3967,0.009243668856,0
A3968,8.873422447e-05,0
A3969,0.993276381,1
A3970,0.02238655161,0
A3971,0.001123440998,0
A3972,0.0001588728772,0
A3973,0.001456562517,0
A3974,0.07186785392,0
A3975,0.000181742512,0
A3976,4.388287038e-05,0
A3977,0.0264831015,0
A3978,0.1863530361,0
A3979,0.7847254858,0
A3980,0.007907819028,0
A3981,0.01402195374,0
A3982,0.005062795535,0
A3983,0.0001039562547,0
A3984,0.0001049135036,0
A3985,0.6626104628,0
A3986,0.01796052635,0
A3987,3.528373939e-05,0
A3988,6.167740133e-05,0
A3989,0.0001195109415,0
A3990,0.001846870719,0
A3991,0.06446644978,0
A3992,0.0008429071492,0
A3993,4.740802827e-05,0
A3994,0.002158222391,0
A3995,0.7847254858,0
A3996,0.0002749811774,0
A3997,0.001075384459,0
A3998,0.03704282336,0
A3999,0.008112818918,0
A4000,0.01130847346,0
A4001,0.001598409534,0
A4002,0.0001288279981,0
A4003,9.892739088e-05,0
A4004,0.173754298,0
A4005,0.9531434004,1
A4006,0.0006719878283,0
A4007,0.04508338013,0
A4008,8.983114047e-05,0
A4009,0.4546678926,0
A4010,0.0004830257904,0
A4011,0.0001819539087,0
A4012,0.9975414512,1
A4013,0.0002423243383,0
A4014,0.003583145945,0
A4015,0.0001050315005,0
A4016,0.7839728271,0
A4017,0.0003961161103,0
A4018,0.0005640653384,0
A4019,0.0004717355932,0
A4020,0.0005427055066,0
A4021,7.997300455e-05,0
A4022,0.0009270952118,0
A4023,0.2709742635,0
A4024,7.608422127e-05,0
A4025,0.7609055802,0
A4026,0.001165302293,0
A4027,0.0006144649212,0
A4028,0.9983733029,1
A4029,0.0007935874042,0
A4030,5.214460167e-05,0
A4031,0.0001673061232,0
A4032,4.787373685e-05,0
A4033,0.02616824063,0
A4034,0.004262281475,0
A4035,0.9922965213,1
A4036,3.914126376e-05,0
A4037,0.9989798844,1
A4038,0.07267049875,0
A4039,0.9093733524,1
A4040,0.3664830492,0
A4041,0.9901732467,1
A4042,0.008072949653,0
A4043,0.9856426471,1
A4044,0.0009051758348,0
A4045,0.9915211641,1
A4046,6.270797643e-05,0
A4047,0.0001209263081,0
A4048,0.001444747877,0
A4049,0.001150766418,0
A4050,0.005970033671,0
A4051,0.0002361247046,0
A4052,0.05667199139,0
A4053,0.9581148426,1
A4054,0.2760349801,0
A4055,0.003068457671,0
A4056,0.0003508775521,0
A4057,9.07869222e-05,0
A4058,0.0001925083443,0
A4059,0.01101029029,0
A4060,0.0002496140149,0
A4061,0.0001768209271,0
A4062,0.9881054389,1
A4063,0.003073205154,0
A4064,0.02707576256,0
A4065,4.588308648e-05,0
A4066,0.0004317644331,0
A4067,0.0001476521805,0
A4068,0.0001018910928,0
A4069,0.001083512776,0
A4070,2.955602178e-05,0
A4071,0.0004863306179,0
A4072,0.0003949350065,0
A4073,0.9991375968,1
A4074,0.8614095325,1
A4075,0.9573785674,1
A4076,0.601495774,0
A4077,0.08533557056,0
A4078,0.001827264485,0
A4079,0.007533768206,0
A4080,0.3783543836,0
A4081,0.003065282117,0
A4082,0.001021103575,0
A4083,8.157258988e-05,0
A4084,6.512711154e-05,0
A4085,0.002058455519,0
A4086,2.511582531e-05,0
A4087,0.0004746098948,0
A4088,2.407688795e-05,0
A4089,3.703583287e-05,0
A4090,0.0004976846294,0
A4091,0.0227184009,0
A4092,0.0005689482128,0
A4093,0.006191545904,0
A4094,0.99803168,1
A4095,4.548999448e-05,0
A4096,0.004549305324,0
A4097,0.9906536632,1
A4098,3.813678095e-05,0
A4099,0.002440429982,0
A4100,0.000685181876,0
A4101,0.9494222703,1
A4102,0.002441421653,0
A4103,0.001604530474,0
A4104,5.882255198e-05,0
A4105,0.9985459915,1
A4106,0.8903235572,1
A4107,0.9967342975,1
A4108,0.9854899027,1
A4109,0.0003504318752,0
A4110,0.2082836556,0
A4111,0.1580287894,0
A4112,0.9931132923,1
A4113,0.001695581063,0
A4114,2.62131961e-05,0
A4115,0.0007851572756,0
A4116,0.0003803020228,0
A4117,0.0001905202013,0
A4118,0.01655476084,0
A4119,0.09365607512,0
A4120,0.7121474074,0
A4121,0.001147115223,0
A4122,7.964805625e-05,0
A4123,0.8576905096,1
A4124,7.674952375e-05,0
A4125,0.00316602921,0
A4126,0.001122756342,0
A4127,0.0062835495,0
A4128,0.06229826024,0
A4129,0.8851175886,1
A4130,0.0005606861877,0
A4131,0.0001072934668,0
A4132,0.9913905945,1
A4133,0.006819317788,0
A4134,6.31498703e-05,0
A4135,4.588726851e-05,0
A4136,7.458961059e-05,0
A4137,0.3920084682,0
A4138,0.004650090446,0
A4139,0.9989628384,1
A4140,0.0544037752,0
A4141,0.0003528630457,0
A4142,0.5313487996,0
A4143,0.0002343302833,0
A4144,0.001640956765,0
A4145,0.002719090373,0
A4146,0.000933062937,0
A4147,0.0005172498107,0
A4148,5.710430637e-05,0
A4149,0.0005154235935,0
A4150,0.008928724951,0
A4151,0.0006847816561,0
A4152,0.138968983,0
A4153,0.0001864178197,0
A4154,0.001296615228,0
A4155,0.002307252603,0
A4156,0.001390540724,0
A4157,8.504665242e-05,0
A4158,0.5133293491,0
A4159,0.9672473402,1
A4160,0.04043779963,0
A4161,0.005392681724,0
A4162,0.9938353444,1
A4163,0.0007111375983,0
A4164,0.0001816806455,0
A4165,0.0006164514921,0
A4166,0.1098636436,0
A4167,0.04418994895,0
A4168,0.01645124148,0
A4169,0.07529763416,0
A4170,0.0005380176083,0
A4171,0.9689449714,1
A4172,0.0004517526999,0
A4173,3.560810999e-05,0
A4174,3.749502997e-05,0
A4175,0.0004552292251,0
A4176,1.651100973e-05,0
A4177,0.8140701521,1
A4178,0.5981238624,0
A4179,0.002287134118,0
A4180,6.239427277e-05,0
A4181,0.001335839523,0
A4182,0.0002712143153,0
A4183,0.8801758517,1
A4184,8.898648995e-05,0
A4185,3.433230463e-05,0
A4186,0.01213779279,0
A4187,0.0004773597794,0
A4188,0.001923236132,0
A4189,0.06995672542,0
A4190,0.0002116907381,0
A4191,0.001604566346,0
A4192,0.02178650444,0
A4193,0.9160239508,1
A4194,0.9892031119,1
A4195,0.0001084312474,0
A4196,0.0007237043035,0
A4197,0.004963378008,0
A4198,0.385724382,0
A4199,0.0003233095118,0
A4200,0.0002303744845,0
A4201,0.0003554663599,0
A4202,7.014537346e-05,0
A4203,0.002330467938,0
A4204,3.603085171e-05,0
A4205,0.006610854936,0
A4206,0.007646741202,0
A4207,3.887772718e-05,0
A4208,5.520343192e-05,0
A4209,0.004989477265,0
A4210,0.01710838507,0
A4211,0.0004763006536,0
A4212,0.5909279245,0
A4213,2.981323851e-05,0
A4214,0.7782418204,0
A4215,0.005949109957,0
A4216,0.0001257935196,0
A4217,0.06189197564,0
A4218,0.7462640147,0
A4219,0.001819281651,0
A4220,0.08856876836,0
A4221,9.489797042e-05,0
A4222,0.005378782616,0
A4223,0.9937159532,1
A4224,0.002464293662,0
A4225,0.004899309994,0
A4226,0.6280861608,0
A4227,3.396264169e-05,0
A4228,2.121572495e-05,0
A4229,0.9676960076,1
A4230,0.9584653581,1
A4231,0.001673242219,0
A4232,0.001085535914,0
A4233,0.0001268415262,0
A4234,4.380384058e-05,0
A4235,0.0002478485345,0
A4236,0.007787970781,0
A4237,0.0001712561548,0
A4238,0.9984800477,1
A4239,0.005499410104,0
A4240,0.0001147725789,0
A4241,0.07949690681,0
A4242,7.405950157e-05,0
A4243,0.001226500028,0
A4244,0.0003418504403,0
A4245,0.971727741,1
A4246,0.0001404841273,0
A4247,0.09554771696,0
A4248,0.9426572739,1
A4249,0.4728012388,0
A4250,6.16240713e-05,0
A4251,7.949251311e-05,0
A4252,5.139602981e-05,0
A4253,0.0001368958139,0
A4254,0.966376436,1
A4255,0.01540972541,0
A4256,0.0006126433594,0
A4257,4.775139549e-05,0
A4258,0.000120495869,0
A4259,0.000213014589,0
A4260,0.00392398857,0
A4261,0.9982429999,1
A4262,0.0004093875499,0
A4263,0.0001051024884,0
A4264,7.989438191e-05,0
A4265,0.003652827244,0
A4266,0.000236699483,0
A4267,0.0001013173725,0
A4268,0.0003317622344,0
A4269,0.06461811692,0
A4270,0.5136929104,0
A4271,0.1000260027,0
A4272,0.4665321997,0
A4273,0.00010741288,0
A4274,0.0006671088318,0
A4275,0.0001554703535,0
A4276,0.000868776668,0
A4277,0.006314812626,0
A4278,0.001358128294,0
A4279,0.9642207592,1
A4280,0.0004616176131,0
A4281,0.03553217616,0
A4282,0.0002825406567,0
A4283,0.0003350233806,0
A4284,8.306909145e-05,0
A4285,0.0002951484789,0
A4286,3.13205533e-05,0
A4287,0.001787035135,0
A4288,0.7180380188,0
A4289,0.000126021514,0
A4290,0.7965519117,0
A4291,3.073724791e-05,0
A4292,0.000163689809,0
A4293,0.001341069124,0
A4294,0.03557581705,0
A4295,7.286480922e-05,0
A4296,0.0002582132471,0
A4297,0.02527125793,0
A4298,0.0002294749885,0
A4299,5.388114242e-05,0
A4300,0.001673242219,0
A4301,0.1015531485,0
A4302,0.004825880552,0
A4303,0.001796900157,0
A4304,0.0004698354198,0
A4305,0.0001678724735,0
A4306,0.9937808199,1
A4307,0.0008098703135,0
A4308,0.009012879153,0
A4309,0.0004662363989,0
A4310,1.953392195e-05,0
A4311,0.0005691503442,0
A4312,0.001556587998,0
A4313,0.8887914122,1
A4314,0.05042949935,0
A4315,0.0001995913116,0
A4316,0.003646787766,0
A4317,0.003161900374,0
A4318,0.001800923774,0
A4319,0.0009881175297,0
A4320,0.1973683864,0
A4321,8.899169155e-05,0
A4322,0.01060393505,0
A4323,0.000561688311,0
A4324,0.0001736573791,0
A4325,0.0001111455368,0
A4326,0.0003611500936,0
A4327,0.07338238884,0
A4328,0.002926409033,0
A4329,7.042429744e-05,0
A4330,0.001164204474,0
A4331,0.9973438889,1
A4332,0.0004829344049,0
A4333,0.0002537183686,0
A4334,0.0008671040605,0
A4335,0.9896827996,1
A4336,1.544410306e-05,0
A4337,0.0006141858469,0
A4338,0.0001351592418,0
A4339,0.3372728446,0
A4340,5.130427287e-05,0
A4341,0.7749842332,0
A4342,0.01942603452,0
A4343,0.001023395227,0
A4344,0.9906894582,1
A4345,0.5501224671,0
A4346,0.001699542453,0
A4347,0.5405863975,0
A4348,0.0006319575162,0
A4349,0.002462156204,0
A4350,0.9970677193,1
A4351,0.0003223321859,0
A4352,0.5360141969,0
A4353,0.07783041962,0
A4354,0.8104618073,1
A4355,0.001179868679,0
A4356,0.3168163652,0
A4357,0.1239376893,0
A4358,0.001438444459,0
A4359,0.9923729421,1
A4360,0.01586400898,0
A4361,0.9989167462,1
A4362,0.00183696006,0
A4363,0.005432212696,0
A4364,6.008554152e-05,0
A4365,0.9979869442,1
A4366,0.0001353896355,0
A4367,0.4624244037,0
A4368,0.0220166711,0
A4369,3.170697374e-05,0
A4370,0.0008639461179,0
A4371,4.831792951e-05,0
A4372,0.9871144784,1
A4373,0.0003990790185,0
A4374,4.443167614e-05,0
A4375,0.05725800271,0
A4376,0.004446113155,0
A4377,0.000102943941,0
A4378,0.001684569516,0
A4379,0.0001060516632,0
A4380,0.004907845293,0
A4381,0.000158634761,0
A4382,0.001507813762,0
A4383,0.009141110324,0
A4384,0.128465056,0
A4385,0.003374367432,0
A4386,0.001305539545,0
A4387,0.0002573710841,0
A4388,0.01164014706,0
A4389,0.0007502013401,0
A4390,0.00965006253,0
A4391,0.0006022283739,0
A4392,0.06292524423,0
A4393,0.0002962307183,0
A4394,0.0009297347871,0
A4395,6.76047867e-05,0
A4396,3.776349989e-05,0
A4397,0.003692079081,0
A4398,5.725923581e-05,0
A4399,0.002603148769,0
A4400,0.02021883703,0
A4401,0.0003415720189,0
A4402,0.0002319617041,0
A4403,0.0001130026729,0
A4404,0.9987835763,1
A4405,0.0001511861122,0
A4406,4.747942572e-05,0
A4407,8.826867528e-05,0
A4408,0.01517204757,0
A4409,0.991019524,1
A4410,0.0488113147,0
A4411,0.0004363538864,0
A4412,0.0004637600956,0
A4413,0.01811757653,0
A4414,0.003196909885,0
A4415,0.0003330706371,0
A4416,0.0003402245289,0
A4417,0.9046930733,1
A4418,0.003362649887,0
A4419,6.866466244e-05,0
A4420,0.01046145985,0
A4421,0.997976729,1
A4422,0.002673555244,0
A4423,5.253827756e-05,0
A4424,0.001410635687,0
A4425,3.424109435e-05,0
A4426,0.004817712285,0
A4427,0.0002230893665,0
A4428,0.000286674491,0
A4429,0.0001737268426,0
A4430,0.00587092957,0
A4431,0.5745007521,0
A4432,0.0002987141037,0
A4433,0.0003633680726,0
A4434,0.0001159706221,0
A4435,0.0005411753172,0
A4436,0.0002578986582,0
A4437,1.867491611e-05,0
A4438,0.0002433570061,0
A4439,0.0004358960629,0
A4440,0.0002339655728,0
A4441,0.0007846317088,0
A4442,0.0002250495443,0
A4443,6.245378831e-05,0
A4444,3.035593569e-05,0
A4445,0.0002650698635,0
A4446,0.001426542886,0
A4447,0.006019414001,0
A4448,0.0003697176641,0
A4449,0.0121897031,0
A4450,0.0003115029127,0
A4451,0.0004873098348,0
A4452,7.147939177e-05,0
A4453,0.01842582662,0
A4454,0.2348302778,0
A4455,5.126835075e-05,0
A4456,4.443566992e-05,0
A4457,7.621871423e-05,0
A4458,0.9988745848,1
A4459,0.9884358799,1
A4460,2.310630661e-05,0
A4461,0.52651521,0
A4462,0.1077484021,0
A4463,0.002022673585,0
A4464,0.0001236078488,0
A4465,0.01042131682,0
A4466,0.002976816545,0
A4467,0.00555922674,0
A4468,8.752914758e-05,0
A4469,0.0005811466062,0
A4470,0.0001680845055,0
A4471,0.02773285052,0
A4472,0.006705312823,0
A4473,0.002095320097,0
A4474,0.0001135777898,0
A4475,0.003445757815,0
A4476,0.995226753,1
A4477,0.00836858849,0
A4478,0.0002538115221,0
A4479,0.3451833466,0
A4480,3.991855935e-05,0
A4481,2.514537138e-05,0
A4482,0.003496842881,0
A4483,0.2250194979,0
A4484,0.5355173291,0
A4485,0.002499962576,0
A4486,0.0003600237557,0
A4487,0.0002065613148,0
A4488,0.150552482,0
A4489,0.001000205436,0
A4490,0.9700945384,1
A4491,0.006290081016,0
A4492,2.073823165e-05,0
A4493,0.004252748852,0
A4494,0.4191993345,0
A4495,7.512924892e-05,0
A4496,0.998623715,1
A4497,0.1503578096,0
A4498,0.0005100270999,0
A4499,0.123521507,0
A4500,0.5066818419,0
A4501,0.0002971057416,0
A4502,0.938772648,1
A4503,0.0001157750113,0
A4504,0.03020669519,0
A4505,0.8237314281,1
A4506,4.215410692e-05,0
A4507,0.001227758849,0
A4508,0.01013157745,0
A4509,0.002708892694,0
A4510,0.6050073035,0
A4511,0.9960279663,1
A4512,1.925390385e-05,0
A4513,0.001219697715,0
A4514,4.098963853e-05,0
A4515,0.01561798759,0
A4516,6.321975247e-05,0
A4517,6.122510057e-05,0
A4518,0.9845432503,1
A4519,0.2167306377,0
A4520,8.662353903e-05,0
A4521,6.035863848e-05,0
A4522,0.9969513269,1
A4523,0.0003231813365,0
A4524,0.06153800945,0
A4525,0.8314049547,1
A4526,0.002393731305,0
A4527,0.9864896764,1
A4528,0.0158715851,0
A4529,0.5995876862,0
A4530,0.001673158435,0
A4531,0.001152292443,0
A4532,1.471924479e-05,0
A4533,0.4942328686,0
A4534,0.001378211413,0
A4535,0.0001223360552,0
A4536,0.000986979194,0
A4537,0.0001243733106,0
A4538,0.02802410992,0
A4539,0.00619171343,0
A4540,0.0003283990208,0
A4541,9.208741363e-05,0
A4542,6.51267424e-05,0
A4543,0.001186455605,0
A4544,0.9864163689,1
A4545,0.0004745040753,0
A4546,0.2738250437,0
A4547,0.0006303528175,0
A4548,1.735195571e-05,0
A4549,0.0001972847387,0
A4550,8.915771151e-05,0
A4551,0.1541402484,0
A4552,4.506268275e-05,0
A4553,0.0005102166972,0
A4554,0.9968417549,1
A4555,0.0006542646653,0
A4556,0.02292809023,0
A4557,0.0003005167895,0
A4558,4.866530014e-05,0
A4559,0.9870413763,1
A4560,0.9989412531,1
A4561,0.9227829087,1
A4562,0.8514809614,1
A4563,0.0006201337378,0
A4564,0.0007136148015,0
A4565,0.9971678501,1
A4566,0.9914998841,1
A4567,0.784550395,0
A4568,0.9992571335,1
A4569,0.000158235023,0
A4570,2.325747671e-05,0
A4571,3.371319146e-05,0
A4572,0.04238062216,0
A4573,0.0007928319626,0
A4574,0.000219916632,0
A4575,0.05941870478,0
A4576,0.0003191381958,0
A4577,0.02655868927,0
A4578,0.03906341582,0
A4579,0.6542003827,0
A4580,0.0005675410644,0
A4581,0.0001631687344,0
A4582,0.0007537003925,0
A4583,0.0003861739331,0
A4584,0.9614105666,1
A4585,0.0007245992542,0
A4586,0.9974286052,1
A4587,0.8971233748,1
A4588,8.895978832e-05,0
A4589,0.0007362650664,0
A4590,0.06272492268,0
A4591,0.9737898263,1
A4592,4.471099089e-05,0
A4593,0.001569312438,0
A4594,0.9882524831,1
A4595,0.02891156354,0
A4596,0.00820729993,0
A4597,0.001397341459,0
A4598,0.01586277526,0
A4599,7.24298099e-05,0
A4600,0.0001714977211,0
A4601,0.00116971344,0
A4602,0.002917767597,0
A4603,0.001730557,0
A4604,0.00299676379,0
A4605,0.212672846,0
A4606,0.4002773697,0
A4607,2.859344308e-05,0
A4608,0.00115519376,0
A4609,0.01940653462,0
A4610,0.9799935819,1
A4611,0.0001285363231,0
A4612,0.4913577931,0
A4613,0.002441560757,0
A4614,0.3512177562,0
A4615,0.9921597475,1
A4616,0.1186684243,0
A4617,0.8403170103,1
A4618,5.95758857e-05,0
A4619,0.003012027808,0
A4620,5.202200932e-05,0
A4621,0.0002338958752,0
A4622,0.0003368937673,0
A4623,0.009229440024,0
A4624,0.9995900221,1
A4625,6.001483886e-05,0
A4626,0.0002593699822,0
A4627,0.003159962285,0
A4628,0.004913601432,0
A4629,0.083740187,0
A4630,0.006282910043,0
A4631,3.358034331e-05,0
A4632,9.061711002e-05,0
A4633,0.01828608634,0
A4634,0.00408675875,0
A4635,0.002462065343,0
A4636,0.9994117772,1
A4637,0.01351998143,0
A4638,4.955888594e-05,0
A4639,0.08840254273,0
A4640,2.481855051e-05,0
A4641,0.0003291822159,0
A4642,0.9949933553,1
A4643,0.001847505143,0
A4644,0.0001096459355,0
A4645,0.000710015606,0
A4646,0.4611313942,0
A4647,0.01449504132,0
A4648,0.01155185445,0
A4649,0.0001201062807,0
A4650,0.000407257368,0
A4651,0.001074324003,0
A4652,0.9906101732,1
A4653,0.000215002852,0
A4654,0.9731648693,1
A4655,0.03128878148,0
A4656,0.01311270923,0
A4657,0.003483729939,0
A4658,0.01670639302,0
A4659,6.450629294e-05,0
A4660,0.008080240321,0
A4661,0.000365722678,0
A4662,7.378874932e-05,0
A4663,0.9956205651,1
A4664,0.0001051923644,0
A4665,0.0009237706271,0
A4666,6.779462346e-05,0
A4667,0.5434861173,0
A4668,0.0001343005954,0
A4669,7.115717479e-05,0
A4670,0.0001456320055,0
A4671,0.000130640695,0
A4672,0.02778207066,0
A4673,0.260800261,0
A4674,0.002348175989,0
A4675,0.0002879890881,0
A4676,0.0001098353434,0
A4677,0.0005713666965,0
A4678,0.001423000905,0
A4679,0.007539362735,0
A4680,0.003632594243,0
A4681,0.05216234535,0
A4682,0.9240470322,1
A4683,0.001878673021,0
A4684,0.0002853648763,0
A4685,0.0006595536759,0
A4686,0.02224708641,0
A4687,0.007828131026,0
A4688,0.02032202812,0
A4689,0.0004316084394,0
A4690,7.406979228e-05,0
A4691,0.8061761264,1
A4692,0.003494779288,0
A4693,0.0002447833013,0
A4694,0.0001281476966,0
A4695,0.001103423218,0
A4696,0.8963972648,1
A4697,0.001077446634,0
A4698,3.319617437e-05,0
A4699,8.191270318e-05,0
A4700,0.1482193395,0
A4701,0.0005631147354,0
A4702,0.001313286249,0
A4703,0.9969656673,1
A4704,0.002903824379,0
A4705,0.0002339874422,0
A4706,0.0005073661311,0
A4707,0.1039894992,0
A4708,0.0005531427356,0
A4709,0.9755677853,1
A4710,0.9323464254,1
A4711,0.008964553632,0
A4712,0.9702247976,1
A4713,0.01963509279,0
A4714,0.0003263730777,0
A4715,0.0003970797811,0
A4716,0.0002915135516,0
A4717,0.0001416268191,0
A4718,0.4831332649,0
A4719,6.415395066e-05,0
A4720,0.8778773161,1
A4721,0.8766950069,1
A4722,0.0001263488181,0
A4723,0.00126021183,0
A4724,0.9987145432,1
A4725,0.5698629056,0
A4726,0.003328952005,0
A4727,0.7077630452,0
A4728,0.0001525399537,0
A4729,6.55546406e-05,0
A4730,0.9956838898,1
A4731,0.0001395330883,0
A4732,0.0007355491396,0
A4733,0.437083807,0
A4734,0.0001585254447,0
A4735,0.0004121442768,0
A4736,0.0007850556105,0
A4737,0.0001334147725,0
A4738,0.0006972437483,0
A4739,5.972487765e-05,0
A4740,0.02941459752,0
A4741,0.1104025412,0
A4742,0.0001175158042,0
A4743,0.0001818488039,0
A4744,0.0003860488776,0
A4745,0.0002632705834,0
A4746,0.000190229332,0
A4747,0.07943680472,0
A4748,0.00301131766,0
A4749,9.015079013e-05,0
A4750,0.03232286796,0
A4751,0.0003982349817,0
A4752,0.007705480412,0
A4753,0.96990448,1
A4754,2.378281121e-05,0
A4755,0.1043188813,0
A4756,0.9932096968,1
A4757,0.003804533509,0
A4758,0.0004200704517,0
A4759,0.0001019944832,0
A4760,0.3703605194,0
A4761,0.001329274301,0
A4762,0.001474687022,0
A4763,0.0003016734101,0
A4764,0.1681921849,0
A4765,0.9970894638,1
A4766,0.0003074250569,0
A4767,3.352300476e-05,0
A4768,0.000559319465,0
A4769,0.000539338575,0
A4770,0.0006789872216,0
A4771,0.01475779035,0
A4772,3.445411476e-05,0
A4773,9.570115577e-05,0
A4774,0.001124874209,0
A4775,0.0008811379745,0
A4776,0.0006789501169,0
A4777,0.9907068234,1
A4778,0.0002147890071,0
A4779,0.900598887,1
A4780,0.002206753582,0
A4781,0.0009935048473,0
A4782,0.001416727841,0
A4783,0.0001938983384,0
A4784,0.0006611238997,0
A4785,0.0001903563461,0
A4786,0.001249699708,0
A4787,0.003556691434,0
A4788,0.9703536341,1
A4789,0.001445302056,0
A4790,0.0002639006876,0
A4791,0.00121339828,0
A4792,0.006169950271,0
A4793,0.0007721439908,0
A4794,0.0001774753484,0
A4795,0.0002301770063,0
A4796,0.7654684846,0
A4797,0.0002614229444,0
A4798,0.0007910455701,0
A4799,0.002754529285,0
A4800,9.666677089e-05,0
A4801,9.127544893e-05,0
A4802,0.001175041496,0
A4803,0.0001077997836,0
A4804,0.0003306913843,0
A4805,0.998424357,1
A4806,0.0002351798111,0
A4807,0.9195323574,1
A4808,4.850337065e-05,0
A4809,0.0115421327,0
A4810,0.0003786872073,0
A4811,8.393808294e-05,0
A4812,0.00122618248,0
A4813,0.0004169108634,0
A4814,0.6825709758,0
A4815,0.01301888168,0
A4816,0.04256137347,0
A4817,0.09656810681,0
A4818,0.0006475780544,0
A4819,0.0002380075133,0
A4820,0.00160120961,0
A4821,0.9993475385,1
A4822,0.0001546820943,0
A4823,0.00184240547,0
A4824,0.4837428621,0
A4825,0.3340597247,0
A4826,0.0002563007609,0
A4827,0.0001188499934,0
A4828,0.002224811878,0
A4829,0.9424227059,1
A4830,0.006035958782,0
A4831,0.6376546437,0
A4832,0.002082386845,0
A4833,0.0008628609731,0
A4834,0.998317477,1
A4835,0.003530647017,0
A4836,0.9871915855,1
A4837,0.2676267053,0
A4838,0.9095118715,1
A4839,0.9941325118,1
A4840,0.001017226595,0
A4841,0.01233572674,0
A4842,0.0003271707934,0
A4843,0.01140386342,0
A4844,0.001167189524,0
A4845,0.0001284959685,0
A4846,0.04514337987,0
A4847,9.962150634e-05,0
A4848,0.0007296975593,0
A4849,2.868320601e-05,0
A4850,0.002337724517,0
A4851,0.0002462317858,0
A4852,4.624028841e-05,0
A4853,5.775856259e-05,0
A4854,0.0001421015303,0
A4855,0.9990457902,1
A4856,6.961769945e-05,0
A4857,0.0007417320426,0
A4858,6.987071801e-05,0
A4859,9.120483288e-05,0
A4860,0.9965761691,1
A4861,0.000217171721,0
A4862,0.00013459693,0
A4863,0.0006557611345,0
A4864,0.006659929546,0
A4865,1.324406509e-05,0
A4866,0.000160097103,0
A4867,9.686875282e-05,0
A4868,0.0001381859607,0
A4869,0.2957534255,0
A4870,0.06237028492,0
A4871,0.000957899958,0
A4872,0.0003751119631,0
A4873,0.01715308816,0
A4874,0.9982772886,1
A4875,0.01762368153,0
A4876,0.002595118725,0
A4877,3.540834956e-05,0
A4878,0.02385045291,0
A4879,0.0004591585397,0
A4880,0.000285990666,0
A4881,0.002441421653,0
A4882,5.363076776e-05,0
A4883,6.735590279e-05,0
A4884,0.001764017902,0
A4885,7.731648123e-05,0
A4886,0.0447051933,0
A4887,3.072860467e-05,0
A4888,3.901377171e-05,0
A4889,0.984721167,1
A4890,0.006169299469,0
A4891,0.0002798885714,0
A4892,0.9751033409,1
A4893,0.00153476415,0
A4894,0.001817544019,0
A4895,8.54804644e-05,0
A4896,0.0001350428842,0
A4897,0.0003702039798,0
A4898,0.846174469,1
A4899,4.488620619e-05,0
A4900,0.01050169442,0
A4901,0.242945117,0
A4902,0.001817022093,0
A4903,0.003552976959,0
A4904,0.0003275272959,0
A4905,0.9687949484,1
A4906,0.001033153578,0
A4907,0.03281355723,0
A4908,0.0007980365435,0
A4909,0.0005620834753,0
A4910,0.1566462504,0
A4911,0.1111936229,0
A4912,0.0002441961438,0
A4913,0.001249467259,0
A4914,0.06367872424,0
A4915,0.9700968882,1
A4916,0.0009269650846,0
A4917,9.939746534e-05,0
A4918,0.001860632216,0
A4919,0.9323464254,1
A4920,0.05056833848,0
A4921,0.7757986011,0
A4922,0.0003189804887,0
A4923,0.0009315342892,0
A4924,0.0005130872145,0
A4925,0.2903340928,0
A4926,0.002264778935,0
A4927,0.1011779144,0
A4928,0.9979512605,1
A4929,9.109829417e-05,0
A4930,0.06202618109,0
A4931,0.003860083232,0
A4932,0.01704566283,0
A4933,0.9964386843,1
A4934,0.0009156256793,0
A4935,0.01488230513,0
A4936,0.001304819373,0
A4937,0.0002580794231,0
A4938,0.0008035126039,0
A4939,0.002176300822,0
A4940,0.009688281905,0
A4941,0.04368011628,0
A4942,3.810205574e-05,0
A4943,8.854857354e-05,0
A4944,0.002038867909,0
A4945,0.001607809184,0
A4946,0.0008544174703,0
A4947,0.0006669378348,0
A4948,0.03619546787,0
A4949,0.005447835415,0
A4950,0.9779417551,1
A4951,2.469543863e-05,0
A4952,0.000761079959,0
A4953,0.02452759751,0
A4954,0.03099883871,0
A4955,0.0005046544947,0
A4956,2.192926039e-05,0
A4957,4.477120163e-05,0
A4958,0.0001343709304,0
A4959,0.04189322046,0
A4960,0.9884358799,1
A4961,8.25606422e-05,0
A4962,0.1189528565,0
A4963,1.457722624e-05,0
A4964,0.3360890959,0
A4965,0.1277517669,0
A4966,0.0004317194678,0
A4967,5.092028392e-05,0
A4968,0.0009408000576,0
A4969,0.0132181316,0
A4970,0.009435337264,0
A4971,0.0002361354298,0
A4972,0.9979548326,1
A4973,0.1028581595,0
A4974,0.8232440876,1
A4975,0.0002885152095,0
A4976,0.0005099625421,0
A4977,2.495129113e-05,0
A4978,0.0002675345647,0
A4979,3.207953704e-05,0
A4980,0.998101121,1
A4981,0.990484447,1
A4982,0.007831465944,0
A4983,0.004235359164,0
A4984,0.01029126109,0
A4985,5.290884704e-05,0
A4986,6.12820033e-05,0
A4987,0.0001155363186,0
A4988,0.03311977129,0
A4989,5.58737556e-05,0
A4990,0.9869100094,1
A4991,0.9472818918,1
A4992,0.9961144292,1
A4993,0.8546405571,1
A4994,0.0001096799525,0
A4995,0.002389452594,0
A4996,0.0001149368806,0
A4997,0.7932181024,0
A4998,0.9109654602,1
A4999,0.0002076517901,0
A5000,0.9916624638,1
A5001,0.0003176591958,0
A5002,0.01300833862,0
A5003,0.0001837032068,0
A5004,0.0004783589533,0
A5005,0.001249052643,0
A5006,0.1326248714,0
A5007,0.0002207983964,0
A5008,0.04863855633,0
A5009,0.0593849458,0
A5010,0.1186684243,0
A5011,0.6463613714,0
A5012,0.00671849245,0
A5013,0.0008834278324,0
A5014,0.001553821325,0
A5015,0.06278324086,0
A5016,0.0002157012198,0
A5017,0.000134219106,0
A5018,0.0002048066406,0
A5019,6.89439168e-05,0
A5020,0.9876739305,1
A5021,0.001041741403,0
A5022,0.00326863327,0
A5023,0.7153964506,0
A5024,0.0004746331278,0
A5025,0.0006214436105,0
A5026,0.0002592164253,0
A5027,0.0005549200807,0
A5028,0.001486375987,0
A5029,0.0001529815842,0
A5030,0.01166979202,0
A5031,6.437687869e-05,0
A5032,0.04387794088,0
A5033,2.763997307e-05,0
A5034,0.0005048898216,0
A5035,0.007896223785,0
A5036,0.0006649266759,0
A5037,0.02538651493,0
A5038,0.1414559487,0
A5039,0.0332298642,0
A5040,0.7248406368,0
A5041,0.4822962205,0
A5042,0.8477709053,1
A5043,4.33876578e-05,0
A5044,0.1430628422,0
A5045,0.009009171175,0
A5046,0.0002218749845,0
A5047,0.0002101958987,0
A5048,7.115259347e-05,0
A5049,0.9904052063,1
A5050,0.004549214765,0
A5051,0.3989653103,0
A5052,0.0001517888401,0
A5053,0.001993179124,0
A5054,0.9951629886,1
A5055,3.766715336e-05,0
A5056,0.0003993447967,0
A5057,3.149162407e-05,0
A5058,0.0007049498115,0
A5059,0.0007296341328,0
A5060,0.1086538984,0
A5061,0.002634959823,0
A5062,0.0002286251923,0
A5063,0.0001560346682,0
A5064,0.0004733619042,0
A5065,0.009873470433,0
A5066,0.0008658247018,0
A5067,0.0007949398088,0
A5068,0.00528737081,0
A5069,9.176786959e-05,0
A5070,0.0001249399088,0
A5071,0.007281812819,0
A5072,0.003949347772,0
A5073,0.9958333181,1
A5074,0.2154994604,0
A5075,0.0001486663572,0
A5076,0.002014484595,0
A5077,7.647856689e-05,0
A5078,0.9994998067,1
A5079,0.0007742723054,0
A5080,7.814913151e-05,0
A5081,0.0002410860579,0
A5082,2.476549914e-05,0
A5083,0.7134070862,0
A5084,0.9814375571,1
A5085,0.9906894582,1
A5086,0.0003326447196,0
A5087,0.164003924,0
A5088,4.828696811e-05,0
A5089,0.9919094158,1
A5090,0.0007638158204,0
A5091,0.0001450729362,0
A5092,0.0002225189595,0
A5093,0.6807187471,0
A5094,4.208033833e-05,0
A5095,0.846174469,1
A5096,0.0001884657882,0
A5097,0.002174123914,0
A5098,0.9865468037,1
A5099,0.001263090961,0
A5100,0.01656213403,0
A5101,0.9989046282,1
A5102,0.0007950862034,0
A5103,0.001310169705,0
A5104,0.2264704628,0
A5105,0.001972421471,0
A5106,0.0003365327572,0
A5107,0.6725487042,0
A5108,0.0001047676428,0
A5109,0.0001829753075,0
A5110,2.574365383e-05,0
A5111,0.0003310457597,0
A5112,0.3439208,0
A5113,0.6250890463,0
A5114,0.001066844578,0
A5115,0.9651649642,1
A5116,0.02049376481,0
A5117,0.9980048815,1
A5118,0.0001715429032,0
A5119,0.00641563953,0
A5120,3.269188791e-05,0
A5121,0.604158796,0
A5122,4.728528514e-05,0
A5123,0.0001334944735,0
A5124,0.0008914283301,0
A5125,0.0001455273032,0
A5126,0.0003405176338,0
A5127,0.01301888168,0
A5128,0.9251264134,1
A5129,0.07783041962,0
A5130,0.0001176604869,0
A5131,1.843606746e-05,0
A5132,2.097205114e-05,0
A5133,4.698197961e-05,0
A5134,0.002285845534,0
A5135,0.1186963185,0
A5136,0.0003448501489,0
A5137,0.0002638074397,0
A5138,0.9419174201,1
A5139,0.01997072806,0
A5140,0.0006523338972,0
A5141,0.9610237364,1
A5142,0.001964872705,0
A5143,0.0003847845358,0
A5144,0.9568368213,1
A5145,0.01089562632,0
A5146,0.6728303587,0
A5147,0.0420871354,0
A5148,0.0001032494635,0
A5149,9.627522094e-05,0
A5150,8.369171904e-05,0
A5151,0.0002854793136,0
A5152,0.0006341874872,0
A5153,0.0001932802655,0
A5154,0.00579651667,0
A5155,0.000426110533,0
A5156,0.9633490754,1
A5157,0.006497232361,0
A5158,0.0002844366085,0
A5159,0.9824686059,1
A5160,0.003984965837,0
A5161,2.487177261e-05,0
A5162,0.009660490091,0
A5163,0.001232390809,0
A5164,0.003100840342,0
A5165,1.800205901e-05,0
A5166,0.9909805534,1
A5167,0.0002567772433,0
A5168,2.669949282e-05,0
A5169,0.0002334299414,0
A5170,0.9906109284,1
A5171,0.3901660657,0
A5172,0.1718483393,0
A5173,0.1331594536,0
A5174,0.0001641830331,0
A5175,0.009427708584,0
A5176,0.002579549657,0
A5177,0.0003157760597,0
A5178,0.0004370220359,0
A5179,0.0001012077829,0
A5180,0.0004924147266,0
A5181,0.9975287599,1
A5182,0.0003573423272,0
A5183,0.000701983164,0
A5184,0.01323956771,0
A5185,0.000531219065,0
A5186,0.00623806448,0
A5187,0.9904888522,1
A5188,0.9300761907,1
A5189,0.06341470649,0
A5190,0.7041993474,0
A5191,0.001024559839,0
A5192,8.497056036e-05,0
A5193,0.9299076155,1
A5194,8.123869547e-05,0
A5195,0.9753872657,1
A5196,0.0013230416,0
A5197,2.884557374e-05,0
A5198,3.199455298e-05,0
A5199,0.04276574774,0
A5200,0.0004933867691,0
A5201,8.036278531e-05,0
A5202,0.0003739787781,0
A5203,0.09399609435,0
A5204,0.0003538733308,0
A5205,5.026705043e-05,0
A5206,0.0008753753202,0
A5207,1.242247477e-05,0
A5208,0.06482352444,0
A5209,0.0003468508813,0
A5210,0.1531702717,0
A5211,0.04955418067,0
A5212,0.0002019189633,0
A5213,0.004441257977,0
A5214,0.0008643468083,0
A5215,0.005891397162,0
A5216,0.002655072544,0
A5217,0.005539153159,0
A5218,0.2025786275,0
A5219,8.500476413e-05,0
A5220,0.9794417541,1
A5221,0.08877470444,0
A5222,0.000975275115,0
A5223,0.004750269831,0
A5224,0.0008076582747,0
A5225,0.9873774957,1
A5226,0.0001119161121,0
A5227,0.000386241596,0
A5228,0.00174063018,0
A5229,0.0006988577998,0
A5230,9.550392785e-05,0
A5231,0.005828546253,0
A5232,2.327246655e-05,0
A5233,0.0002814326303,0
A5234,0.000107693244,0
A5235,0.0003480418759,0
A5236,0.0003045752079,0
A5237,2.451314509e-05,0
A5238,0.0005892250423,0
A5239,0.0001056093538,0
A5240,0.9811269979,1
A5241,0.0001779585638,0
A5242,0.0003489679937,0
A5243,0.0002907368209,0
A5244,0.0001453268986,0
A5245,0.02057240194,0
A5246,0.00323589381,0
A5247,0.0004676147673,0
A5248,0.0007450059314,0
A5249,0.001207431928,0
A5250,0.002905044056,0
A5251,0.000411291215,0
A5252,0.9796077344,1
A5253,5.434370754e-05,0
A5254,0.0006016178444,0
A5255,0.0001061570941,0
A5256,0.5593160256,0
A5257,6.660263637e-05,0
A5258,0.0003732332123,0
A5259,4.87630986e-05,0
A5260,0.0008131813079,0
A5261,0.9960608345,1
A5262,0.01167590308,0
A5263,0.7782823653,0
A5264,0.000638503531,0
A5265,0.002264401974,0
A5266,8.358078595e-05,0
A5267,0.9572675596,1
A5268,0.005890615398,0
A5269,0.001351693222,0
A5270,0.002690442272,0
A5271,2.889159782e-05,0
A5272,0.0002053372652,0
A5273,0.9440883228,1
A5274,7.356235816e-05,0
A5275,0.9691883223,1
A5276,0.0005649708069,0
A5277,0.3041465754,0
A5278,0.03375663931,0
A5279,3.313352355e-05,0
A5280,0.0002294830929,0
A5281,0.02859563488,0
A5282,0.1675745442,0
A5283,0.0001581762369,0
A5284,0.9987442222,1
A5285,4.028134265e-05,0
A5286,5.037962125e-05,0
A5287,0.0002497296528,0
A5288,0.03119667079,0
A5289,0.01056551175,0
A5290,0.07879187782,0
A5291,0.0001707703352,0
A5292,0.0007312294607,0
A5293,0.01869157202,0
A5294,0.0001192189081,0
A5295,0.0007820894986,0
A5296,0.009910162286,0
A5297,2.704097663e-05,0
A5298,0.0001763141136,0
A5299,0.002161196061,0
A5300,0.9990725353,1
A5301,0.0003964979637,0
A5302,0.02726273143,0
A5303,0.002583862768,0
A5304,0.0004591585397,0
A5305,0.00257222258,0
A5306,0.0003191209451,0
A5307,0.0003967831302,0
A5308,0.9300761907,1
A5309,5.784987758e-05,0
A5310,3.832668429e-05,0
A5311,0.07946603609,0
A5312,5.083060515e-05,0
A5313,0.8805090293,1
A5314,0.004124346707,0
A5315,0.9915132862,1
A5316,4.086959906e-05,0
A5317,0.09350919286,0
A5318,0.1971855104,0
A5319,0.0002475279026,0
A5320,0.982319137,1
A5321,0.0003074361071,0
A5322,4.41109869e-05,0
A5323,0.007708251777,0
A5324,4.192610703e-05,0
A5325,0.999671473,1
A5326,0.001671941792,0
A5327,0.000960519239,0
A5328,7.32190846e-05,0
A5329,0.0001732498632,0
A5330,2.807311763e-05,0
A5331,0.001153183616,0
A5332,3.689797675e-05,0
A5333,0.001675273397,0
A5334,0.7984959951,0
A5335,0.0006542449165,0
A5336,0.00152017765,0
A5337,0.5268955329,0
A5338,0.003385541486,0
A5339,0.9755624174,1
A5340,0.1040618443,0
A5341,0.0003250166479,0
A5342,0.002070559092,0
A5343,0.8627614683,1
A5344,0.02923918754,0
A5345,0.9811748491,1
A5346,8.70776067e-05,0
A5347,0.01208751013,0
A5348,0.03483846166,0
A5349,0.003397886003,0
A5350,0.0007295205442,0
A5351,0.001116589473,0
A5352,0.0001027649478,0
A5353,0.6887070264,0
A5354,0.0009112520768,0
A5355,6.905206016e-05,0
A5356,0.9926818498,1
A5357,0.0003269085746,0
A5358,0.0002814428636,0
A5359,0.01802422506,0
A5360,0.007564515955,0
A5361,0.01912756193,0
A5362,0.9234956956,1
A5363,0.0005836069545,0
A5364,0.002466705546,0
A5365,0.0001451748225,0
A5366,0.0001871988822,0
A5367,0.003421952496,0
A5368,5.594866193e-05,0
A5369,0.004664530233,0
A5370,0.002995485854,0
A5371,0.0001792445314,0
A5372,0.003510946272,0
A5373,5.681692088e-05,0
A5374,2.469497166e-05,0
A5375,0.007532468569,0
A5376,0.9708701958,1
A5377,0.9973924829,1
A5378,0.000298116742,0
A5379,0.0004340129501,0
A5380,0.0003739160501,0
A5381,0.001638573148,0
A5382,0.9751889841,1
A5383,0.0002388357212,0
A5384,0.9978894062,1
A5385,4.468194923e-05,0
A5386,0.0005185694565,0
A5387,4.891579922e-05,0
A5388,0.9971551576,1
A5389,0.00013316253,0
A5390,0.5093254783,0
A5391,0.001254117453,0
A5392,0.01517204757,0
A5393,0.0008800877775,0
A5394,0.0007397838948,0
A5395,0.003509981477,0
A5396,0.9274332915,1
A5397,0.9751835232,1
A5398,0.9619107778,1
A5399,7.678179247e-05,0
A5400,0.9595153812,1
A5401,0.9976617885,1
A5402,0.0001894343159,0
A5403,9.335181379e-05,0
A5404,0.1357218941,0
A5405,0.004661142014,0
A5406,0.9972998199,1
A5407,0.001397704222,0
A5408,0.004077814964,0
A5409,0.006719477555,0
A5410,8.930376124e-05,0
A5411,0.0009503373226,0
A5412,0.8946786832,1
A5413,0.03906341582,0
A5414,0.0001067941014,0
A5415,0.0005367595125,0
A5416,0.9716943779,1
A5417,0.003881134869,0
A5418,0.9922381917,1
A5419,9.060133061e-05,0
A5420,0.0005269608298,0
A5421,0.9885911256,1
A5422,0.00032827399,0
A5423,0.008488585521,0
A5424,0.05553648319,0
A5425,0.04490292283,0
A5426,0.111081031,0
A5427,0.02423901991,0
A5428,0.0001065995669,0
A5429,3.251485212e-05,0
A5430,0.0004705344474,0
A5431,0.0004531458522,0
A5432,0.456335276,0
A5433,0.6267644646,0
A5434,0.001328985195,0
A5435,0.02704173637,0
A5436,0.9872520993,1
A5437,0.0002971146399,0
A5438,0.8106977557,1
A5439,0.0001594554439,0
A5440,0.000327556199,0
A5441,0.02506935847,0
A5442,0.8881615647,1
A5443,0.9910021917,1
A5444,0.0009399387736,0
A5445,0.9983733029,1
A5446,0.2056375581,0
A5447,0.000254271733,0
A5448,0.000444617541,0
A5449,0.00355629893,0
A5450,0.0002209289283,0
A5451,0.0001017027242,0
A5452,3.531099413e-05,0
A5453,6.603652854e-05,0
A5454,0.9898843132,1
A5455,0.0002955203968,0
A5456,0.05671505568,0
A5457,0.4839762938,0
A5458,0.00930235026,0
A5459,0.0003238854183,0
A5460,0.0001695169556,0
A5461,8.476110874e-05,0
A5462,9.415911202e-05,0
A5463,0.009164809187,0
A5464,0.3056233207,0
A5465,9.816839655e-05,0
A5466,0.0005770502196,0
A5467,0.8125515094,1
A5468,8.275791528e-05,0
A5469,0.9528249043,1
A5470,7.963887151e-05,0
A5471,0.006268461721,0
A5472,0.0005307748611,0
A5473,1.849774286e-05,0
A5474,0.0002368101454,0
A5475,6.304680954e-05,0
A5476,0.0005301473318,0
A5477,0.0001433059617,0
A5478,0.0003105627728,0
A5479,0.008258672017,0
A5480,0.01087875045,0
A5481,0.000332522619,0
A5482,0.0001108700221,0
A5483,0.0008456055596,0
A5484,0.004690787027,0
A5485,6.884733162e-05,0
A5486,0.0003509195643,0
A5487,0.0003105687632,0
A5488,0.123521507,0
A5489,0.001065555442,0
A5490,5.679781049e-05,0
A5491,7.564804013e-05,0
A5492,1.28084784e-05,0
A5493,0.000250057684,0
A5494,0.09906166766,0
A5495,0.002653294941,0
A5496,0.9291829101,1
A5497,0.001049806057,0
A5498,6.700455851e-05,0
A5499,0.001192070256,0
A5500,2.318979838e-05,0
A5501,7.057970449e-05,0
A5502,0.9831151008,1
A5503,0.0002450377528,0
A5504,0.0005698917171,0
A5505,0.0001879394284,0
A5506,0.007142238552,0
A5507,0.0001443318188,0
A5508,0.8331833356,1
A5509,0.0014500637,0
A5510,0.6966778166,0
A5511,0.9957397339,1
A5512,0.0002973042175,0
A5513,0.00166008345,0
A5514,2.707987871e-05,0
A5515,0.01258508647,0
A5516,0.0002021371811,0
A5517,0.0004715121695,0
A5518,0.0001509504029,0
A5519,0.00187965727,0
A5520,0.6106886688,0
A5521,0.9991596091,1
A5522,0.001499784326,0
A5523,0.001065700608,0
A5524,0.004975036679,0
A5525,0.000132737679,0
A5526,0.9897776136,1
A5527,0.001124356332,0
A5528,0.0001446337368,0
A5529,0.7650868265,0
A5530,0.0001883035392,0
A5531,0.9828406205,1
A5532,0.0008813813017,0
A5533,0.9985370282,1
A5534,0.842407974,1
A5535,0.00322169202,0
A5536,0.1440849848,0
A5537,0.0002270921266,0
A5538,0.0003156273041,0
A5539,0.002986691612,0
A5540,0.0003672135862,0
A5541,0.001853244463,0
A5542,0.0004320149716,0
A5543,0.0007985875394,0
A5544,0.0001213562172,0
A5545,0.9940849068,1
A5546,0.01986635773,0
A5547,7.32363727e-05,0
A5548,0.7365888281,0
A5549,0.001993579888,0
A5550,0.0001359754655,0
A5551,2.445015071e-05,0
A5552,0.0006887406207,0
A5553,7.224883637e-05,0
A5554,0.002490240933,0
A5555,8.404909331e-05,0
A5556,0.000369521847,0
A5557,0.9715015639,1
A5558,0.005174448945,0
A5559,0.9983532195,1
A5560,0.0001333149605,0
A5561,0.01111636874,0
A5562,0.0004256990159,0
A5563,0.006110195038,0
A5564,0.0002674736929,0
A5565,0.001916260688,0
A5566,0.0004845081651,0
A5567,0.01184242257,0
A5568,4.237566914e-05,0
A5569,0.002702056796,0
A5570,0.000356258628,0
A5571,0.297895998,0
A5572,0.0009322946825,0
A5573,0.8727438013,1
A5574,0.002095784401,0
A5575,0.04707122321,0
A5576,0.9415434599,1
A5577,0.0001315929462,0
A5578,0.9975287599,1
A5579,0.0004026170586,0
A5580,9.289026441e-05,0
A5581,0.000986979194,0
A5582,0.001118854132,0
A5583,1.735761671e-05,0
A5584,0.05076257279,0
A5585,0.0008075138423,0
A5586,4.095193099e-05,0
A5587,0.6232721003,0
A5588,3.578758293e-05,0
A5589,0.998772331,1
A5590,0.01815872979,0
A5591,4.716816007e-05,0
A5592,0.9984665932,1
A5593,0.01022718332,0
A5594,4.766913036e-05,0
A5595,0.9989706314,1
A5596,2.181871246e-05,0
A5597,0.0007742846801,0
A5598,3.593327512e-05,0
A5599,0.0001757878111,0
A5600,0.02003643057,0
A5601,0.0003792134051,0
A5602,0.000137060572,0
A5603,0.0004474644805,0
A5604,4.400356856e-05,0
A5605,0.6594703502,0
A5606,0.7175221089,0
A5607,0.9903137717,1
A5608,5.703879637e-05,0
A5609,1.202656151e-05,0
A5610,0.005576281751,0
A5611,0.001445742328,0
A5612,0.002135406027,0
A5613,0.9685549183,1
A5614,0.7372658465,0
A5615,0.4361847521,0
A5616,1.752367575e-05,0
A5617,0.0001410212431,0
A5618,0.03401044738,0
A5619,0.005138832184,0
A5620,3.765370685e-05,0
A5621,0.0003270154107,0
A5622,0.9993378052,1
A5623,0.0002335497884,0
A5624,0.1244058136,0
A5625,9.698030202e-05,0
A5626,0.5429368394,0
A5627,0.8603096695,1
A5628,0.001031301653,0
A5629,0.9914470856,1
A5630,0.9920843552,1
A5631,0.0006456652872,0
A5632,0.0006885504525,0
A5633,0.005561554186,0
A5634,0.6799671527,0
A5635,0.0004002116889,0
A5636,0.0007784958827,0
A5637,0.9959241484,1
A5638,0.006300133346,0
A5639,5.450771513e-05,0
A5640,0.0004430748901,0
A5641,0.0001072368412,0
A5642,8.860566278e-05,0
A5643,0.1100794629,0
A5644,0.05125006396,0
A5645,0.9965338365,1
A5646,0.03686697355,0
A5647,7.934512782e-05,0
A5648,0.0002797666592,0
A5649,0.7738125926,0
A5650,0.005891397162,0
A5651,0.9887599574,1
A5652,0.496849683,0
A5653,0.9227330729,1
A5654,3.620136669e-05,0
A5655,0.9797118319,1
A5656,0.002107070482,0
A5657,0.2123839754,0
A5658,0.9700968882,1
A5659,0.0003752405144,0
A5660,0.05017192315,0
A5661,0.001977431727,0
A5662,0.0003614399736,0
A5663,0.3818937882,0
A5664,2.753749268e-05,0
A5665,0.005383308368,0
A5666,0.998002403,1
A5667,0.003634539924,0
A5668,0.008564461238,0
A5669,0.02718773824,0
A5670,0.0004069289139,0
A5671,0.01159863036,0
A5672,0.001650852089,0
A5673,0.01107100377,0
A5674,0.9955094583,1
A5675,0.0001896146102,0
A5676,0.9497154293,1
A5677,0.9330030628,1
A5678,0.01513951655,0
A5679,0.8788755551,1
A5680,0.0002525748135,0
A5681,0.2600379438,0
A5682,0.000173312178,0
A5683,0.000508346335,0
A5684,0.005982913065,0
A5685,0.9921483993,1
A5686,0.000148645692,0
A5687,0.005336054546,0
A5688,2.215458835e-05,0
A5689,0.0005246646162,0
A5690,0.004103654176,0
A5691,0.0002550487019,0
A5692,0.001533476349,0
A5693,0.0002068641589,0
A5694,0.0001421186627,0
A5695,5.574966331e-05,0
A5696,0.0002822064808,0
A5697,8.149053762e-05,0
A5698,0.6383996344,0
A5699,0.008772808868,0
A5700,0.0001671700113,0
A5701,0.9966201751,1
A5702,0.0002879498856,0
A5703,0.9993762606,1
A5704,0.0003899458916,0
A5705,0.0002622429998,0
A5706,0.0001321810331,0
A5707,0.01101725415,0
A5708,0.02543643209,0
A5709,0.1211909416,0
A5710,0.001324631062,0
A5711,3.899255566e-05,0
A5712,0.0005380348185,0
A5713,0.002072026255,0
A5714,2.621677937e-05,0
A5715,0.000163689809,0
A5716,3.424421485e-05,0
A5717,0.998872985,1
A5718,0.9435942425,1
A5719,0.0002630855058,0
A5720,0.01470290081,0
A5721,0.00220763142,0
A5722,0.006309978391,0
A5723,0.0006970077121,0
A5724,0.9956794423,1
A5725,0.9994295738,1
A5726,0.07994950262,0
A5727,7.443383409e-05,0
A5728,7.170283009e-05,0
A5729,0.002461827407,0
A5730,0.3131804954,0
A5731,5.469852366e-05,0
A5732,9.385736432e-05,0
A5733,0.0003195625666,0
A5734,0.01149198103,0
A5735,0.0001570564585,0
A5736,0.0008683126648,0
A5737,6.14721927e-05,0
A5738,0.0006633253737,0
A5739,0.0001098248068,0
A5740,0.0002409371438,0
A5741,3.343800423e-05,0
A5742,0.001157355075,0
A5743,0.0006876248868,0
A5744,0.0003472451401,0
A5745,0.8978840905,1
A5746,0.71764495,0
A5747,0.03543524087,0
A5748,0.002531202575,0
A5749,0.0005964508291,0
A5750,0.01053711271,0
A5751,0.0001417020334,0
A5752,0.0001147203041,0
A5753,0.1540275891,0
A5754,0.9971892861,1
A5755,0.002122267293,0
A5756,0.006412917388,0
A5757,0.9847780609,1
A5758,0.5542063343,0
A5759,0.008097851994,0
A5760,0.9989616938,1
A5761,0.9988688314,1
A5762,0.05033833633,0
A5763,3.167678703e-05,0
A5764,0.7495164918,0
A5765,7.274908976e-05,0
A5766,0.0453801303,0
A5767,0.0002451313206,0
A5768,0.03701096538,0
A5769,0.0001029822575,0
A5770,0.9991097706,1
A5771,0.03588124401,0
A5772,0.9496338476,1
A5773,0.001376497143,0
A5774,0.0004498642254,0
A5775,0.9593883641,1
A5776,0.0001252479517,0
A5777,0.004743543353,0
A5778,0.0007125172452,0
A5779,0.009493975881,0
A5780,0.9912985436,1
A5781,0.009243668856,0
A5782,0.2901202562,0
A5783,0.7344296422,0
A5784,0.9943036284,1
A5785,0.0002020246706,0
A5786,0.0007870707292,0
A5787,0.9607325951,1
A5788,2.033135948e-05,0
A5789,0.02096149044,0
A5790,0.9966065339,1
A5791,0.2453065184,0
A5792,0.0001633141276,0
A5793,0.4913655278,0
A5794,0.7187900407,0
A5795,0.9921970588,1
A5796,0.003081743499,0
A5797,0.4462584281,0
A5798,0.001090823752,0
A5799,0.8719546037,1
A5800,0.0005194434778,0
A5801,0.0002971057416,0
A5802,0.000101862822,0
A5803,0.000319877518,0
A5804,0.0001677119599,0
A5805,0.9488092673,1
A5806,0.04351079577,0
A5807,0.5920151794,0
A5808,0.0005054748766,0
A5809,0.0001972569926,0
A5810,0.0002818632776,0
A5811,0.01138740942,0
A5812,0.0001220488109,0
A5813,0.04547090284,0
A5814,2.443979658e-05,0
A5815,0.9908697419,1
A5816,0.005074327412,0
A5817,0.2822146078,0
A5818,0.003105197581,0
A5819,0.129655559,0
A5820,0.9985218439,1
A5821,0.000118890479,0
A5822,0.01029962466,0
A5823,0.8157456902,1
A5824,4.55384804e-05,0
A5825,0.0001942522779,0
A5826,0.0004128351298,0
A5827,0.004175917411,0
A5828,0.001578124923,0
A5829,0.9982081133,1
A5830,0.0004307814018,0
A5831,0.004577019245,0
A5832,0.008258624423,0
A5833,0.0003370765141,0
A5834,0.4971221247,0
A5835,0.0003200275371,0
A5836,4.962147832e-05,0
A5837,0.9891444751,1
A5838,0.0008273065906,0
A5839,0.001098666102,0
A5840,0.0004959974631,0
A5841,0.0006507801722,0
A5842,0.9984096782,1
A5843,0.005952999131,0
A5844,0.004697492588,0
A5845,0.01263665926,0
A5846,0.942940788,1
A5847,0.02422449648,0
A5848,0.0003039064959,0
A5849,0.5360141969,0
A5850,0.0001886188503,0
A5851,0.003747820617,0
A5852,0.0006837604053,0
A5853,0.008223867306,0
A5854,0.9855934736,1
A5855,0.0001818393513,0
A5856,0.003914550313,0
A5857,0.9415246586,1
A5858,9.238201143e-05,0
A5859,0.000110438533,0
A5860,6.297830976e-05,0
A5861,0.001362243917,0
A5862,0.01417946566,0
A5863,0.001306214768,0
A5864,0.001538484093,0
A5865,0.01410083216,0
A5866,4.373956002e-05,0
A5867,0.9971579083,1
A5868,8.755591683e-05,0
A5869,0.0005755408172,0
A5870,0.1375843913,0
A5871,0.001388722382,0
A5872,0.8375244367,1
A5873,0.0006127970679,0
A5874,0.3733961374,0
A5875,0.01252858701,0
A5876,0.0004301344879,0
A5877,0.1447115858,0
A5878,0.9713181931,1
A5879,0.01055191085,0
A5880,0.01286557201,0
A5881,0.0009159714673,0
A5882,0.0001503088092,0
A5883,0.0007807121486,0
A5884,0.8984235942,1
A5885,0.01050905053,0
A5886,0.0001654823705,0
A5887,0.166604165,0
A5888,0.002168178547,0
A5889,0.0002711730107,0
A5890,0.007485566162,0
A5891,4.384095734e-05,0
A5892,0.003140089756,0
A5893,0.984897042,1
A5894,0.3909929357,0
A5895,0.07112771269,0
A5896,0.001323598255,0
A5897,0.9415354784,1
A5898,0.00118764835,0
A5899,0.04438891082,0
A5900,0.4637493231,0
A5901,0.0003414814708,0
A5902,0.002961526591,0
A5903,0.0002058895835,0
A5904,0.02381385268,0
A5905,6.356232533e-05,0
A5906,0.0003667686678,0
A5907,0.0009550215133,0
A5908,0.001045148834,0
A5909,0.06606430786,0
A5910,0.4892513777,0
A5911,0.0001292191791,0
A5912,0.9840157808,1
A5913,5.154414248e-05,0
A5914,0.8810722072,1
A5915,0.9983427627,1
A5916,0.003983893503,0
A5917,0.001745375591,0
A5918,0.009229814773,0
A5919,3.508714375e-05,0
A5920,0.1126266855,0
A5921,0.01401318796,0
A5922,0.057550415,0
A5923,0.5565549707,0
A5924,0.009409582242,0
A5925,0.01350000359,0
A5926,0.00313127286,0
A5927,0.002360847705,0
A5928,0.0008809743072,0
A5929,0.8618663366,1
A5930,0.3101024064,0
A5931,0.7079414157,0
A5932,0.0001385742566,0
A5933,5.735115913e-05,0
A5934,0.001400826839,0
A5935,0.0003521055433,0
A5936,0.0001760022161,0
A5937,0.000125783936,0
A5938,0.0001250842591,0
A5939,0.001888071597,0
A5940,0.01200735222,0
A5941,0.001605410418,0
A5942,0.1023387434,0
A5943,0.0001145484287,0
A5944,0.002651103524,0
A5945,4.653583097e-05,0
A5946,0.8733387034,1
A5947,0.0006951435075,0
A5948,0.002925279174,0
A5949,0.0008672089207,0
A5950,3.485054924e-05,0
A5951,0.0003360041552,0
A5952,0.5724969012,0
A5953,4.173264311e-05,0
A5954,4.103217109e-05,0
A5955,0.0002696838318,0
A5956,0.009071897281,0
A5957,0.001183648866,0
A5958,0.6484862538,0
A5959,0.0009533245619,0
A5960,0.945153315,1
A5961,0.0024551764,0
A5962,0.0006982806489,0
A5963,0.01361962697,0
A5964,0.7439929054,0
A5965,8.467368188e-05,0
A5966,0.0001893676864,0
A5967,0.4997050135,0
A5968,0.9571751448,1
A5969,0.8155361939,1
A5970,0.0002484604762,0
A5971,0.1081898444,0
A5972,0.00809573323,0
A5973,0.004216506705,0
A5974,0.004921098098,0
A5975,0.001487946391,0
A5976,0.0002035449063,0
A5977,6.972352625e-05,0
A5978,0.9983432606,1
A5979,5.566023634e-05,0
A5980,0.00208495266,0
A5981,0.0001313952823,0
A5982,0.0002120609177,0
A5983,0.008469849487,0
A5984,0.115043381,0
A5985,0.0003216912923,0
A5986,4.877053537e-05,0
A5987,0.01760248622,0
A5988,0.0003383385221,0
A5989,0.9808029247,1
A5990,0.05456598656,0
A5991,1.945952749e-05,0
A5992,0.01990327075,0
A5993,0.9889380927,1
A5994,0.3729104486,0
A5995,0.00184231049,0
A5996,6.439734019e-05,0
A5997,0.009813939032,0
A5998,0.0002119142801,0
A5999,3.48897982e-05,0
A6000,0.9300038672,1
A6001,0.0002004278618,0
A6002,0.0003306433961,0
A6003,0.0001756755064,0
A6004,6.422167167e-05,0
A6005,0.002811667693,0
A6006,0.00626337088,0
A6007,1.604999318e-05,0
A6008,0.00198998987,0
A6009,0.004703851471,0
A6010,0.1553848672,0
A6011,0.0001176999923,0
A6012,0.007266498027,0
A6013,0.9398896775,1
A6014,0.0002947901885,0
A6015,0.004479663054,0
A6016,2.82462378e-05,0
A6017,7.326572127e-05,0
A6018,0.05825147356,0
A6019,0.000484123949,0
A6020,3.687055223e-05,0
A6021,0.006493210822,0
A6022,0.9954319445,1
A6023,0.00197322844,0
A6024,0.01388758597,0
A6025,0.9675920056,1
A6026,3.254332213e-05,0
A6027,7.307725543e-05,0
A6028,0.02099598749,0
A6029,0.0002370066512,0
A6030,0.0002546206989,0
A6031,9.769169468e-05,0
A6032,0.0139570984,0
A6033,0.0008673125122,0
A6034,0.0001348687241,0
A6035,0.0001036128399,0
A6036,0.005579517798,0
A6037,0.8208933902,1
A6038,0.5442080923,0
A6039,0.2943055401,0
A6040,4.690383305e-05,0
A6041,0.0001164113381,0
A6042,0.01167548605,0
A6043,0.7333909429,0
A6044,0.9856816698,1
A6045,0.0005307839162,0
A6046,0.0006388262694,0
A6047,0.9390175877,1
A6048,0.1081898444,0
A6049,0.08680181888,0
A6050,0.0003366079286,0
A6051,2.750548431e-05,0
A6052,0.02678047808,0
A6053,0.002929969491,0
A6054,0.0003288853241,0
A6055,0.01391921668,0
A6056,0.1345749708,0
A6057,0.0008600140853,0
A6058,0.007814770517,0
A6059,0.9695215516,1
A6060,0.9938690628,1
A6061,0.8764148572,1
A6062,0.0003131526923,0
A6063,0.0001014249777,0
A6064,2.75174567e-05,0
A6065,0.03281801749,0
A6066,4.02748312e-05,0
A6067,0.5430506396,0
A6068,0.003369998358,0
A6069,0.00063291587,0
A6070,0.001019889803,0
A6071,0.0001185202661,0
A6072,0.0003081708297,0
A6073,0.0007583867598,0
A6074,0.0004439160323,0
A6075,0.9746029625,1
A6076,4.65193107e-05,0
A6077,0.0003408451878,0
A6078,0.0003751205156,0
A6079,0.02029154748,0
A6080,0.8615045158,1
A6081,0.01601817821,0
A6082,0.0005152195539,0
A6083,0.00381388923,0
A6084,7.49501429e-05,0
A6085,0.0006355633274,0
A6086,0.0006216016001,0
A6087,0.6048346349,0
A6088,0.06103241408,0
A6089,0.0003515134235,0
A6090,0.002111153007,0
A6091,5.109719376e-05,0
A6092,0.9850412572,1
A6093,0.000130550703,0
A6094,0.000414920343,0
A6095,0.0002736742425,0
A6096,0.0003737070555,0
A6097,0.9146512643,1
A6098,0.0001328545882,0
A6099,2.003168199e-05,0
A6100,0.0004850348708,0
A6101,9.447320647e-05,0
A6102,0.001625197515,0
A6103,0.002221709391,0
A6104,0.0006592331086,0
A6105,7.493287272e-05,0
A6106,0.0008639727592,0
A6107,0.0004259018687,0
A6108,0.004045236232,0
A6109,0.0004440725495,0
A6110,9.429895366e-05,0
A6111,0.0002182601465,0
A6112,0.001043147746,0
A6113,5.784987758e-05,0
A6114,3.080351272e-05,0
A6115,0.0002888232715,0
A6116,0.9786911412,1
A6117,1.427362034e-05,0
A6118,3.473035839e-05,0
A6119,0.003356254715,0
A6120,0.001985626323,0
A6121,0.001115905382,0
A6122,0.0004284141852,0
A6123,0.9959487203,1
A6124,0.003487427806,0
A6125,0.001797033539,0
A6126,0.002174723261,0
A6127,0.6048346349,0
A6128,0.001444043666,0
A6129,0.001046850641,0
A6130,0.0002755301766,0
A6131,0.9938494021,1
A6132,0.0001782573748,0
A6133,9.245902352e-05,0
A6134,3.925177871e-05,0
A6135,0.222334059,0
A6136,4.635817696e-05,0
A6137,3.765249773e-05,0
A6138,0.8741446941,1
A6139,0.0001393377159,0
A6140,6.860734439e-05,0
A6141,0.00133667082,0
A6142,0.002773278414,0
A6143,0.0001481464909,0
A6144,0.1590041176,0
A6145,0.000461422652,0
A6146,0.9923564132,1
A6147,0.0009870465728,0
A6148,0.03096446417,0
A6149,0.4016199115,0
A6150,0.0001311805235,0
A6151,0.0004077742463,0
A6152,0.8263287564,1
A6153,7.595825131e-05,0
A6154,0.0005495959836,0
A6155,6.330006063e-05,0
A6156,0.0003092503916,0
A6157,0.00506800273,0
A6158,0.2632847593,0
A6159,0.0008022796077,0
A6160,0.003282272138,0
A6161,0.000411291215,0
A6162,4.124979389e-05,0
A6163,0.0002755796942,0
A6164,0.9923518933,1
A6165,0.9986611628,1
A6166,0.005746227661,0
A6167,0.0001386081573,0
A6168,9.973802604e-05,0
A6169,0.4995316304,0
A6170,0.9926046954,1
A6171,0.0001658967294,0
A6172,0.5118477036,0
A6173,0.00160374009,0
A6174,0.2901202562,0
A6175,0.0001210055469,0
A6176,0.04704404414,0
A6177,0.6345411839,0
A6178,0.0009033583865,0
A6179,0.000281898656,0
A6180,0.9593883641,1
A6181,0.1655657058,0
A6182,0.7765078272,0
A6183,7.052556702e-05,0
A6184,0.001684824842,0
A6185,0.02632221112,0
A6186,0.9850012032,1
A6187,0.2784293155,0
A6188,0.1013488203,0
A6189,0.001404515006,0
A6190,6.598937571e-05,0
A6191,0.8972112218,1
A6192,0.0008024049552,0
A6193,0.0002514073206,0
A6194,0.9858538229,1
A6195,2.370391618e-05,0
A6196,5.361942384e-05,0
A6197,0.003772367538,0
A6198,5.795459524e-05,0
A6199,0.00589036957,0
A6200,0.0001132886726,0
A6201,0.3259594488,0
A6202,0.0003802437734,0
A6203,5.195128731e-05,0
A6204,0.04695545378,0
A6205,0.0004732059152,0
A6206,0.0001186124418,0
A6207,0.0003070407978,0
A6208,0.04857307926,0
A6209,0.0001731778014,0
A6210,0.9605628316,1
A6211,0.0001529815842,0
A6212,0.0003022946566,0
A6213,0.4085059684,0
A6214,0.0001225476681,0
A6215,0.9883562048,1
A6216,0.0005205479974,0
A6217,0.0001409582178,0
A6218,0.0002915135516,0
A6219,0.9923729421,1
A6220,0.882498401,1
A6221,0.000610518078,0
A6222,0.9614413259,1
A6223,0.987663459,1
A6224,0.0003172976178,0
A6225,0.9666530337,1
A6226,0.6440454962,0
A6227,0.931815628,1
A6228,4.959892163e-05,0
A6229,0.0001688083218,0
A6230,0.002395575524,0
A6231,0.6540404068,0
A6232,0.002474043096,0
A6233,0.9746101125,1
A6234,0.00438773292,0
A6235,0.0004050394118,0
A6236,0.9817987643,1
A6237,0.6581718149,0
A6238,0.0002465242768,0
A6239,0.0008908455007,0
A6240,3.724262933e-05,0
A6241,6.811511773e-05,0
A6242,0.0001056927379,0
A6243,0.1775308259,0
A6244,0.001723047776,0
A6245,0.9843595962,1
A6246,0.0001916463134,0
A6247,0.0001349603061,0
A6248,0.0004722739657,0
A6249,0.00296518062,0
A6250,0.9961144292,1
A6251,0.0004394313316,0
A6252,2.886441481e-05,0
A6253,0.000181536129,0
A6254,0.3956500648,0
A6255,0.000118905596,0
A6256,0.04464292997,0
A6257,0.9688529567,1
A6258,0.0006515126579,0
A6259,8.663635429e-05,0
A6260,0.9947363077,1
A6261,0.0002657069441,0
A6262,0.0003546720717,0
A6263,0.0005154766741,0
A6264,0.0001103989277,0
A6265,0.0001390541886,0
A6266,0.9710884404,1
A6267,0.00197597671,0
A6268,0.0002020146958,0
A6269,1.87369475e-05,0
A6270,0.0001428294832,0
A6271,0.0001172357779,0
A6272,0.001403787519,0
A6273,0.003499673852,0
A6274,0.0001942435085,0
A6275,0.0008950750651,0
A6276,0.02139590949,0
A6277,0.935891926,1
A6278,0.001611322707,0
A6279,0.0003675801211,0
A6280,5.295959451e-05,0
A6281,0.0001467841024,0
A6282,0.999145236,1
A6283,0.006681995756,0
A6284,0.02204500872,0
A6285,0.1520744852,0
A6286,0.0001485834977,0
A6287,7.321356342e-05,0
A6288,0.9923465061,1
A6289,0.008110613787,0
A6290,0.9726446801,1
A6291,0.0007106093999,0
A6292,7.458890823e-05,0
A6293,0.01608027282,0
A6294,0.83849163,1
A6295,0.1241482919,0
A6296,0.2268847682,0
A6297,0.08203129386,0
A6298,2.395234673e-05,0
A6299,0.009330841865,0
A6300,0.9917829373,1
A6301,0.00181823494,0
A6302,0.9971678501,1
A6303,0.000381267514,0
A6304,0.0007928180658,0
A6305,0.07136123969,0
A6306,0.0001834961647,0
A6307,2.193927878e-05,0
A6308,0.008071423204,0
A6309,2.989268324e-05,0
A6310,0.1222468595,0
A6311,0.278826473,0
A6312,0.07690454906,0
A6313,0.003199331103,0
A6314,6.368411375e-05,0
A6315,0.5896417393,0
A6316,0.001335839523,0
A6317,0.9846352509,1
A6318,3.554692559e-05,0
A6319,0.003813727942,0
A6320,0.01782299597,0
A6321,0.001024322494,0
A6322,0.3181592102,0
A6323,9.50505304e-05,0
A6324,0.0131377222,0
A6325,0.001536858318,0
A6326,0.8546338606,1
A6327,0.07986742274,0
A6328,0.001379277364,0
A6329,0.001031133861,0
A6330,0.0001171528328,0
A6331,0.0005569908046,0
A6332,0.001907446673,0
A6333,0.007760561752,0
A6334,0.8087439722,1
A6335,0.9931596736,1
A6336,0.009708198513,0
A6337,0.00716644661,0
A6338,0.001275577914,0
A6339,0.0006942967535,0
A6340,9.358247138e-05,0
A6341,0.07295789975,0
A6342,0.002496769044,0
A6343,0.004042766204,0
A6344,9.70261696e-05,0
A6345,0.9645961994,1
A6346,0.7339325149,0
A6347,5.407226187e-05,0
A6348,0.0003144996658,0
A6349,0.06590164314,0
A6350,7.242742309e-05,0
A6351,0.003487524331,0
A6352,0.9881310891,1
A6353,0.08898439367,0
A6354,0.0002527612291,0
A6355,8.225973648e-05,0
A6356,0.0001907638145,0
A6357,0.0001906716197,0
A6358,3.336763622e-05,0
A6359,0.9333158999,1
A6360,0.989209986,1
A6361,0.0009806513858,0
A6362,0.0004251447751,0
A6363,9.223029253e-05,0
A6364,0.009064340225,0
A6365,8.065760443e-05,0
A6366,0.001926884609,0
A6367,0.005673923434,0
A6368,0.9069811661,1
A6369,0.998946355,1
A6370,0.0001194753369,0
A6371,4.199461761e-05,0
A6372,0.001838227311,0
A6373,0.0001028618864,0
A6374,0.0003326548845,0
A6375,0.06796418986,0
A6376,0.0007772888432,0
A6377,1.360823604e-05,0
A6378,0.003006780703,0
A6379,0.001603866709,0
A6380,9.092071668e-05,0
A6381,0.2838557247,0
A6382,0.01754659298,0
A6383,0.002588820538,0
A6384,0.9916063571,1
A6385,0.05959174177,0
A6386,0.0003214240715,0
A6387,0.9875858765,1
A6388,0.0006020842709,0
A6389,0.0006851799004,0
A6390,4.305393083e-05,0
A6391,0.0003523843026,0
A6392,8.885992212e-05,0
A6393,0.9969104852,1
A6394,8.537476523e-05,0
A6395,0.008147828602,0
A6396,0.5955558683,0
A6397,0.9918686741,1
A6398,0.990615837,1
A6399,0.007190611847,0
A6400,0.001465371698,0
A6401,0.002349566154,0
A6402,7.597287656e-05,0
A6403,0.001964442957,0
A6404,0.0211570427,0
A6405,0.001609319701,0
A6406,0.03159057202,0
A6407,0.04476233248,0
A6408,0.1790780195,0
A6409,0.004077814964,0
A6410,0.0004554097984,0
A6411,0.002869024999,0
A6412,0.06287074652,0
A6413,0.0004974113549,0
A6414,0.0001976456805,0
A6415,0.0004445419099,0
A6416,0.9274247466,1
A6417,0.0003001998056,0
A6418,3.453814242e-05,0
A6419,0.001125603077,0
A6420,7.184387344e-05,0
A6421,0.0005353381793,0
A6422,0.9782723383,1
A6423,0.0003719456402,0
A6424,0.007917683241,0
A6425,2.304659239e-05,0
A6426,0.0001366819686,0
A6427,0.001047973562,0
A6428,0.1293187762,0
A6429,0.8714079526,1
A6430,0.001148922536,0
A6431,7.017830868e-05,0
A6432,0.4786654678,0
A6433,0.003682254274,0
A6434,0.0008152716655,0
A6435,0.9465634606,1
A6436,0.01202252947,0
A6437,3.63765895e-05,0
A6438,0.0001222237356,0
A6439,0.0007809527847,0
A6440,0.0005988514159,0
A6441,0.005876499976,0
A6442,4.32060013e-05,0
A6443,2.930477365e-05,0
A6444,0.992071446,1
A6445,0.001461399416,0
A6446,0.0001359879141,0
A6447,0.000277960398,0
A6448,0.0001104102076,0
A6449,0.003214641539,0
A6450,0.9901010109,1
A6451,0.6420678004,0
A6452,0.1058330745,0
A6453,6.708018265e-05,0
A6454,0.007868135055,0
A6455,0.0005058933665,0
A6456,0.2252208888,0
A6457,0.0005679864044,0
A6458,0.00148671767,0
A6459,0.03851204701,0
A6460,0.000136624362,0
A6461,0.0005177550429,0
A6462,0.001633756824,0
A6463,0.02919258164,0
A6464,0.000311774106,0
A6465,4.160055097e-05,0
A6466,0.0003675045506,0
A6467,0.0002894126464,0
A6468,7.382255295e-05,0
A6469,0.9626631155,1
A6470,0.0004928942616,0
A6471,0.004002421847,0
A6472,0.001233476281,0
A6473,0.0001909164073,0
A6474,0.001888071597,0
A6475,0.0008098358016,0
A6476,5.560443116e-05,0
A6477,0.01172672044,0
A6478,0.0002519332803,0
A6479,3.307436838e-05,0
A6480,2.54590055e-05,0
A6481,0.0006518701569,0
A6482,0.000228463015,0
A6483,0.0007053941168,0
A6484,0.0006362709283,0
A6485,0.006884102165,0
A6486,0.882498401,1
A6487,0.9957140333,1
A6488,0.7176318961,0
A6489,0.001299771574,0
A6490,0.0001669021264,0
A6491,0.001295515964,0
A6492,5.147257221e-05,0
A6493,0.005131013346,0
A6494,8.974989061e-05,0
A6495,0.00210439181,0
A6496,0.09563092752,0
A6497,0.7501262389,0
A6498,0.004369396988,0
A6499,0.03900590987,0
A6500,0.002028754767,0
A6501,0.0008916513546,0
A6502,0.0001736587262,0
A6503,0.3099922511,0
A6504,4.312385048e-05,0
A6505,0.005370955003,0
A6506,6.462311886e-05,0
A6507,0.001688356386,0
A6508,0.9193248066,1
A6509,0.9184432858,1
A6510,0.0246096797,0
A6511,0.01279475435,0
A6512,0.0912512465,0
A6513,0.001763934993,0
A6514,0.0003422954947,0
A6515,0.001299440005,0
A6516,0.03623965646,0
A6517,0.7137155866,0
A6518,6.254529441e-05,0
A6519,0.002168111635,0
A6520,0.9940742872,1
A6521,0.0002788799251,0
A6522,6.50243193e-05,0
A6523,0.009623502046,0
A6524,0.0005030418252,0
A6525,0.3259594488,0
A6526,0.0001301660691,0
A6527,0.8618663366,1
A6528,6.92690781e-05,0
A6529,0.0009581980583,0
A6530,0.004570314481,0
A6531,0.00729298082,0
A6532,0.01520218466,0
A6533,0.05417657543,0
A6534,0.09291926693,0
A6535,4.894992501e-05,0
A6536,7.698164662e-05,0
A6537,0.983122848,1
A6538,8.778763178e-05,0
A6539,0.9637103278,1
A6540,0.0001663924988,0
A6541,0.0008141771481,0
A6542,0.001077359341,0
A6543,0.0005118367692,0
A6544,0.001898444084,0
A6545,0.02710596288,0
A6546,0.9900128564,1
A6547,0.008393197106,0
A6548,0.04651700369,0
A6549,7.448009178e-05,0
A6550,0.0652942643,0
A6551,0.9767851549,1
A6552,0.90739117,1
A6553,5.391288533e-05,0
A6554,0.003164504221,0
A6555,0.0002609121698,0
A6556,8.29199591e-05,0
A6557,6.108916903e-05,0
A6558,0.07244785603,0
A6559,0.0001099438096,0
A6560,0.001130435569,0
A6561,3.386752034e-05,0
A6562,0.0005307855763,0
A6563,0.0004839489673,0
A6564,0.06229826024,0
A6565,0.002636619693,0
A6566,0.9767354801,1
A6567,0.9989893889,1
A6568,6.402673007e-05,0
A6569,0.0004711163467,0
A6570,0.000343488624,0
A6571,0.9783652161,1
A6572,0.0001319143739,0
A6573,0.0008882964878,0
A6574,0.004969493264,0
A6575,0.006331236769,0
A6576,0.0007724713756,0
A6577,0.0002214211508,0
A6578,0.9973205906,1
A6579,0.02641442066,0
A6580,0.0001186538261,0
A6581,0.001818664761,0
A6582,0.008022668925,0
A6583,0.0006077101836,0
A6584,0.997757666,1
A6585,0.0002429974148,0
A6586,0.00143601696,0
A6587,0.03785803206,0
A6588,0.9862982026,1
A6589,0.0002328174478,0
A6590,0.001583349291,0
A6591,4.416268453e-05,0
A6592,0.8366573589,1
A6593,0.0003944861935,0
A6594,0.000638548545,0
A6595,2.638550906e-05,0
A6596,4.819593922e-05,0
A6597,0.9978967507,1
A6598,0.8581491975,1
A6599,0.005340563867,0
A6600,0.0006130348884,0
A6601,0.0001492003009,0
A6602,0.9959939689,1
A6603,0.0002596100978,0
A6604,0.0001265327094,0
A6605,0.998327936,1
A6606,2.519347409e-05,0
A6607,0.0001553732844,0
A6608,0.01885911698,0
A6609,0.0944420546,0
A6610,4.748108451e-05,0
A6611,0.8000378457,1
A6612,0.0001205089279,0
A6613,0.0001649388444,0
A6614,0.9990406363,1
A6615,0.01511743002,0
A6616,0.0001708167217,0
A6617,0.0009602965501,0
A6618,2.890433528e-05,0
A6619,8.86627458e-05,0
A6620,0.1579263942,0
A6621,0.0001024917284,0
A6622,9.703928282e-05,0
A6623,0.0002868071482,0
A6624,0.0001153504196,0
A6625,0.0001352432837,0
A6626,0.0004244788486,0
A6627,0.003721893339,0
A6628,3.531630751e-05,0
A6629,0.4192653591,0
A6630,0.00649128116,0
A6631,0.004263606113,0
A6632,0.002657819335,0
A6633,0.03557635546,0
A6634,0.04977192104,0
A6635,0.001776402536,0
A6636,0.0004461382256,0
A6637,0.0001099939848,0
A6638,8.641894923e-05,0
A6639,0.001298455981,0
A6640,3.736925733e-05,0
A6641,0.00684343362,0
A6642,0.002573408382,0
A6643,0.0002214192802,0
A6644,0.01360922465,0
A6645,0.000239970663,0
A6646,0.01023934752,0
A6647,0.005873035838,0
A6648,0.0003022070592,0
A6649,0.0007804691505,0
A6650,0.005702300507,0
A6651,0.0001687451782,0
A6652,0.001181796784,0
A6653,0.5557279613,0
A6654,5.691413665e-05,0
A6655,0.000629431735,0
A6656,0.08470924289,0
A6657,0.0002181687221,0
A6658,0.6997517162,0
A6659,0.0002065261073,0
A6660,3.308465961e-05,0
A6661,0.02548490776,0
A6662,0.003432576457,0
A6663,0.006597869195,0
A6664,4.656031763e-05,0
A6665,0.9991378509,1
A6666,0.003130898941,0
A6667,0.001366239259,0
A6668,0.01104586812,0
A6669,6.716481948e-05,0
A6670,0.00122243308,0
A6671,0.9924540518,1
A6672,0.002021285649,0
A6673,0.007451945528,0
A6674,0.01404404569,0
A6675,0.8547879478,1
A6676,0.9389383469,1
A6677,8.333124181e-05,0
A6678,5.871409304e-05,0
A6679,0.0516765516,0
A6680,9.383775085e-05,0
A6681,0.0002241280085,0
A6682,0.0001812897914,0
A6683,0.0001950841679,0
A6684,2.609224949e-05,0
A6685,0.8823426639,1
A6686,0.0002447279222,0
A6687,0.0002967069567,0
A6688,0.9985606816,1
A6689,0.0005769035743,0
A6690,0.09334152543,0
A6691,0.0006567282319,0
A6692,0.0004765584346,0
A6693,6.832290234e-05,0
A6694,0.9961005719,1
A6695,0.9582660912,1
A6696,0.08913514337,0
A6697,0.005383040249,0
A6698,0.4967333308,0
A6699,0.004097698812,0
A6700,0.0005790672152,0
A6701,0.00530761679,0
A6702,2.779056318e-05,0
A6703,0.003246023769,0
A6704,0.008476354723,0
A6705,0.000130601421,0
A6706,0.9970240045,1
A6707,0.0002369830442,0
A6708,0.0005744053161,0
A6709,0.0001737002708,0
A6710,0.9697284763,1
A6711,4.38124782e-05,0
A6712,0.0004920991616,0
A6713,0.9249129356,1
A6714,0.0001931303157,0
A6715,5.388253896e-05,0
A6716,0.0008586940515,0
A6717,0.4833725947,0
A6718,0.001279051656,0
A6719,2.994010689e-05,0
A6720,0.0002363214749,0
A6721,0.9903156783,1
A6722,0.00167228909,0
A6723,0.0001471877499,0
A6724,0.9654246843,1
A6725,0.000178023044,0
A6726,0.002211813097,0
A6727,0.01034885607,0
A6728,0.9950549067,1
A6729,3.127044087e-05,0
A6730,0.0001212964341,0
A6731,0.1204642979,0
A6732,0.0003102243796,0
A6733,0.6454196823,0
A6734,6.144114718e-05,0
A6735,0.0004410824179,0
A6736,0.9974512602,1
A6737,0.001656225913,0
A6738,0.925897839,1
A6739,0.0001696023894,0
A6740,0.006958446283,0
A6741,0.9587319585,1
A6742,0.6275380504,0
A6743,0.995410296,1
A6744,5.596626995e-05,0
A6745,0.01694620193,0
A6746,0.8660199258,1
A6747,0.003020785426,0
A6748,0.0004010841499,0
A6749,6.162051711e-05,0
A6750,0.01244445159,0
A6751,0.2588384909,0
A6752,0.2925141213,0
A6753,0.0005498250847,0
A6754,0.00070699935,0
A6755,0.9848181273,1
A6756,0.0005061304022,0
A6757,0.008509581019,0
A6758,0.1386549072,0
A6759,0.0001921752505,0
A6760,7.4334723e-05,0
A6761,0.6612967875,0
A6762,9.078797037e-05,0
A6763,0.901770359,1
A6764,0.9889698419,1
A6765,0.001633261927,0
A6766,6.54537536e-05,0
A6767,0.0008141486472,0
A6768,0.0003622619022,0
A6769,0.0003047626914,0
A6770,0.00061267175,0
A6771,0.0009373948123,0
A6772,0.001985887128,0
A6773,0.007072237756,0
A6774,0.001062142583,0
A6775,1.87158236e-05,0
A6776,3.330037221e-05,0
A6777,0.9911193736,1
A6778,0.2697998224,0
A6779,0.006307227745,0
A6780,0.0003812091891,0
A6781,0.3803086129,0
A6782,0.2505414407,0
A6783,0.0002339113378,0
A6784,0.0001030947294,0
A6785,0.691828539,0
A6786,0.0001683620723,0
A6787,0.0007300512452,0
A6788,0.9812232235,1
A6789,0.001804207471,0
A6790,0.5542785162,0
A6791,0.01826258153,0
A6792,0.003088765842,0
A6793,5.270215296e-05,0
A6794,0.001109101908,0
A6795,0.0001236920869,0
A6796,4.670246407e-05,0
A6797,0.000276738337,0
A6798,0.8741446941,1
A6799,0.002928020413,0
A6800,0.001260061636,0
A6801,0.001947136382,0
A6802,0.001319381442,0
A6803,0.9801867772,1
A6804,0.0009713337902,0
A6805,0.0006641648069,0
A6806,5.46759692e-05,0
A6807,0.9869100094,1
A6808,0.0007498326026,0
A6809,8.158370406e-05,0
A6810,0.01596058931,0
A6811,0.005308374111,0
A6812,0.0007012222476,0
A6813,0.02727748912,0
A6814,0.0007061000604,0
A6815,0.9668387193,1
A6816,0.3360890959,0
A6817,0.2281871058,0
A6818,5.940839824e-05,0
A6819,7.789771444e-05,0
A6820,0.0005389768669,0
A6821,0.0009325891857,0
A6822,0.0004665000787,0
A6823,0.05636755587,0
A6824,0.0001876563219,0
A6825,0.0001893928839,0
A6826,4.329201236e-05,0
A6827,0.02632679986,0
A6828,0.03538774235,0
A6829,0.004360240394,0
A6830,0.7805588194,0
A6831,0.9355319469,1
A6832,0.0006816969314,0
A6833,0.0002211749366,0
A6834,0.001093635171,0
A6835,0.1291142627,0
A6836,7.478442382e-05,0
A6837,0.9990593277,1
A6838,0.9891642655,1
A6839,0.0004010090602,0
A6840,0.001560741161,0
A6841,6.698407563e-05,0
A6842,0.001758983381,0
A6843,0.0006201841766,0
A6844,0.001832737272,0
A6845,0.001057751571,0
A6846,0.0002938784201,0
A6847,3.219343716e-05,0
A6848,0.0002949154576,0
A6849,0.0007042878433,0
A6850,0.9816719756,1
A6851,0.9940381484,1
A6852,0.01050865969,0
A6853,1.7642878e-05,0
A6854,0.0004262475275,0
A6855,0.001213662767,0
A6856,0.005952999131,0
A6857,0.0007126936161,0
A6858,0.9748440955,1
A6859,0.0002590574794,0
A6860,0.1931851312,0
A6861,0.6496730497,0
A6862,0.9626631155,1
A6863,0.01456982838,0
A6864,0.001066782051,0
A6865,5.438024628e-05,0
A6866,2.317898367e-05,0
A6867,0.991699899,1
A6868,0.02227215102,0
A6869,0.9689841013,1
A6870,8.519856524e-05,0
A6871,0.0001368033213,0
A6872,0.9850412572,1
A6873,0.0009131841851,0
A6874,5.58694617e-05,0
A6875,0.0008626337128,0
A6876,0.9983633922,1
A6877,0.009314691404,0
