record_id,score_af,predicted_af
E00001,0.0005872839322,0
E00002,4.029872601e-05,0
E00003,0.001740157703,0
E00004,0.02454012485,0
E00005,0.4736653992,0
E00006,9.170408466e-05,0
E00007,0.004337984305,0
E00008,0.007966968819,0
E00009,0.0006902595569,0
E00010,0.000544429006,0
E00011,0.002053756084,0
E00012,0.0005367847362,0
E00013,0.01616662167,0
E00014,0.0004473405404,0
E00015,0.0002319372946,0
E00016,0.0453188346,0
E00017,1.598044247e-05,0
E00018,0.0005693428721,0
E00019,4.162439062e-05,0
E00020,4.548736832e-05,0
E00021,4.17880574e-05,0
E00022,0.01107416959,0
E00023,0.0004085675623,0
E00024,0.003319014587,0
E00025,8.868850576e-05,0
E00026,3.944979215e-05,0
E00027,0.03092138666,0
E00028,3.092908008e-05,0
E00029,0.0001632566552,0
E00030,0.002310564764,0
E00031,9.110785903e-05,0
E00032,0.001729721038,0
E00033,0.0818308945,0
E00034,0.003611356255,0
E00035,0.009447732108,0
E00036,0.5174036368,0
E00037,0.0001150123528,0
E00038,0.01016653038,0
E00039,0.0001325433352,0
E00040,0.0008203644039,0
E00041,0.0001151207869,0
E00042,0.0001566843421,0
E00043,3.756748019e-05,0
E00044,0.01307836708,0
E00045,0.0006155036949,0
E00046,0.0003043642143,0
E00047,0.1146716093,0
E00048,0.04040426673,0
E00049,0.0002804204321,0
E00050,8.670485064e-05,0
E00051,0.0003358556231,0
E00052,0.0008656887699,0
E00053,0.177808686,0
E00054,0.0001947381432,0
E00055,0.004731015571,0
E00056,0.003797680646,0
E00057,0.0005486937305,0
E00058,0.01731497754,0
E00059,0.06170753275,0
E00060,0.0005486937305,0
E00061,0.0003250428096,0
E00062,0.0001373374239,0
E00063,0.003124144593,0
E00064,0.001062950303,0
E00065,0.003075589767,0
E00066,0.007204825365,0
E00067,0.0007731320028,0
E00068,0.0001804860925,0
E00069,0.0001315474749,0
E00070,0.0003559377902,0
E00071,0.001056662748,0
E00072,0.0008584797794,0
E00073,7.148529192e-05,0
E00074,0.009856715578,0
E00075,7.773784523e-05,0
E00076,0.006033603641,0
E00077,0.9971706921,1
E00078,0.0001760687729,0
E00079,5.605098321e-05,0
E00080,5.863581801e-05,0
E00081,0.0007208343095,0
E00082,0.01126540046,0
E00083,0.001485322906,0
E00084,0.0001433239926,0
E00085,6.034034119e-05,0
E00086,0.0001302200429,0
E00087,0.0007588905591,0
E00088,7.791239691e-05,0
E00089,0.000932727783,0
E00090,0.0001601782042,0
E00091,4.496632468e-05,0
E00092,0.0002226689288,0
E00093,0.00024282895,0
E00094,0.0004133565332,0
E00095,0.001172940641,0
E00096,9.092397021e-05,0
E00097,0.01870026389,0
E00098,8.975813248e-05,0
E00099,6.890199492e-05,0
E00100,0.2779073386,0
E00101,0.008258729675,0
E00102,0.0008463996138,0
E00103,3.571423269e-05,0
E00104,0.0004000298793,0
E00105,0.0001270625616,0
E00106,0.000151691029,0
E00107,0.004008637786,0
E00108,0.0008112580021,0
E00109,0.0004896576096,0
E00110,0.000130315122,0
E00111,0.0002114197532,0
E00112,1.96474261e-05,0
E00113,9.713090661e-05,0
E00114,0.002324389743,0
E00115,0.0001853604455,0
E00116,0.001579228338,0
E00117,0.9466851697,1
E00118,5.786730685e-05,0
E00119,0.002043275831,0
E00120,2.029290474e-05,0
E00121,0.0001760715709,0
E00122,0.001380241839,0
E00123,8.162375943e-05,0
E00124,4.696927896e-05,0
E00125,0.02423124275,0
E00126,0.0001223963202,0
E00127,2.667286535e-05,0
E00128,6.071750425e-05,0
E00129,2.595095961e-05,0
E00130,0.0001529527594,0
E00131,0.0001406050805,0
E00132,0.0002088752576,0
E00133,0.0002461566004,0
E00134,0.001046268844,0
E00135,0.0001404324667,0
E00136,8.047339883e-05,0
E00137,0.0003388322553,0
E00138,0.002074577745,0
E00139,0.0001181457903,0
E00140,0.000147675561,0
E00141,0.0001380908218,0
E00142,5.996845837e-05,0
E00143,0.02526384844,0
E00144,0.0001360830403,0
E00145,0.001630967825,0
E00146,0.0005122772192,0
E00147,0.05182589402,0
E00148,0.0001773610449,0
E00149,0.01470332629,0
E00150,0.0003095831213,0
E00151,0.001202301873,0
E00152,0.9410683733,1
E00153,0.02590414575,0
E00154,6.526295465e-05,0
E00155,0.001523753112,0
E00156,0.2334535748,0
E00157,9.413392118e-05,0
E00158,0.0004212926825,0
E00159,0.0001274402768,0
E00160,5.496982621e-05,0
E00161,0.6744728892,0
E00162,0.0116558913,0
E00163,0.0001024593768,0
E00164,0.0006335986446,0
E00165,0.0002107813391,0
E00166,9.079038673e-05,0
E00167,0.000210862967,0
E00168,0.0001879430076,0
E00169,0.01350601662,0
E00170,0.00148167538,0
E00171,0.0001259071994,0
E00172,0.0001044652823,0
E00173,6.73296417e-05,0
E00174,0.0007414954009,0
E00175,0.002768160409,0
E00176,0.008028818675,0
E00177,0.9797026211,1
E00178,7.685679447e-05,0
E00179,0.001074627586,0
E00180,6.046342806e-05,0
E00181,0.0002737386375,0
E00182,0.0001210865467,0
E00183,0.0004308748061,0
E00184,1.586313379e-05,0
E00185,0.001514122419,0
E00186,0.0002663288583,0
E00187,0.0002954622229,0
E00188,0.0006376929967,0
E00189,0.00011055602,0
E00190,0.0005982398679,0
E00191,0.08236843953,0
E00192,0.002760095769,0
E00193,8.267082399e-05,0
E00194,0.06546610008,0
E00195,3.150675963e-05,0
E00196,0.0003733697915,0
E00197,0.002616787963,0
E00198,2.368718275e-05,0
E00199,0.0009519318003,0
E00200,0.0002349878813,0
E00201,0.0001824739486,0
E00202,0.976205911,1
E00203,0.0003667022939,0
E00204,0.3253082229,0
E00205,0.00055174091,0
E00206,5.984489125e-05,0
E00207,0.0009211786242,0
E00208,0.007826522752,0
E00209,0.0001758348235,0
E00210,8.28175449e-05,0
E00211,4.589305079e-05,0
E00212,0.0001336256638,0
E00213,0.0001372987122,0
E00214,0.0001680627748,0
E00215,9.469696659e-05,0
E00216,0.0002978281921,0
E00217,3.702815806e-05,0
E00218,0.0001362010101,0
E00219,4.800672403e-05,0
E00220,0.000173034871,0
E00221,0.0002306513805,0
E00222,6.117604625e-05,0
E00223,0.1166523461,0
E00224,0.2247558294,0
E00225,0.1419588294,0
E00226,0.000225527323,0
E00227,2.977314993e-05,0
E00228,0.0001336536093,0
E00229,0.0002218275106,0
E00230,0.0002625111875,0
E00231,0.0002947921813,0
E00232,0.0002667750448,0
E00233,3.993387252e-05,0
E00234,0.0001789245708,0
E00235,0.0003620849866,0
E00236,7.810676683e-05,0
E00237,8.701642761e-05,0
E00238,0.0003525035907,0
E00239,0.02767748132,0
E00240,0.0001242931587,0
E00241,7.463703308e-05,0
E00242,0.1527186496,0
E00243,0.0001147357101,0
E00244,6.199236334e-05,0
E00245,8.50497828e-05,0
E00246,0.9747246149,1
E00247,0.000517534322,0
E00248,0.02158753161,0
E00249,0.0004868625082,0
E00250,0.01307641639,0
E00251,0.3318435803,0
E00252,0.0002058977398,0
E00253,1.802967894e-05,0
E00254,4.148919209e-05,0
E00255,0.002361459573,0
E00256,0.0001806335896,0
E00257,4.848479305e-05,0
E00258,1.801202287e-05,0
E00259,0.8773782703,1
E00260,0.3035322685,0
E00261,2.05643725e-05,0
E00262,0.0193459121,0
E00263,0.8064579392,1
E00264,9.951748284e-05,0
E00265,0.00128943881,0
E00266,0.003804076952,0
E00267,0.003307549658,0
E00268,0.0002277413694,0
E00269,0.0001892810638,0
E00270,0.001124543084,0
E00271,0.000604507793,0
E00272,0.007663703764,0
E00273,0.0007777799098,0
E00274,2.891684396e-05,0
E00275,0.6143043205,0
E00276,2.382956668e-05,0
E00277,0.0002038085479,0
E00278,0.0001407196839,0
E00279,0.0004542015072,0
E00280,0.0001024627656,0
E00281,0.5549035301,0
E00282,0.7697398348,0
E00283,0.000256266426,0
E00284,0.0003691823854,0
E00285,0.04025314991,0
E00286,5.352731168e-05,0
E00287,0.0006596620908,0
E00288,7.644707959e-05,0
E00289,0.0001222707959,0
E00290,0.0003205784855,0
E00291,0.01588370479,0
E00292,6.606051158e-05,0
E00293,0.0001589871409,0
E00294,6.0035466e-05,0
E00295,0.001648210654,0
E00296,0.0005544455194,0
E00297,0.0003998611481,0
E00298,0.01846699234,0
E00299,0.0001169440169,0
E00300,0.7487625411,0
E00301,0.2247558294,0
E00302,0.0002625111875,0
E00303,0.0002831777017,0
E00304,3.993387252e-05,0
E00305,0.001188173111,0
E00306,4.928507846e-05,0
E00307,0.002605547681,0
E00308,0.00910791526,0
E00309,0.0005235136309,0
E00310,8.701642761e-05,0
E00311,6.717216332e-05,0
E00312,0.0023033514,0
E00313,0.0005123950671,0
E00314,0.0003662912945,0
E00315,0.0006473097251,0
E00316,0.0001988255687,0
E00317,0.969969321,1
E00318,6.199236334e-05,0
E00319,8.50497828e-05,0
E00320,0.001715035883,0
E00321,0.9747246149,1
E00322,0.0002766889454,0
E00323,2.383440672e-05,0
E00324,0.001013586167,0
E00325,0.2181466381,0
E00326,0.3318435803,0
E00327,0.0002058977398,0
E00328,0.0003762422647,0
E00329,1.802967894e-05,0
E00330,0.8227942423,1
E00331,0.0001294878426,0
E00332,0.002361459573,0
E00333,0.001040055296,0
E00334,0.3035322685,0
E00335,8.07586431e-05,0
E00336,0.0001050035358,0
E00337,9.220139253e-05,0
E00338,9.340231733e-05,0
E00339,0.0002116143652,0
E00340,0.001123311689,0
E00341,2.795506996e-05,0
E00342,0.6399302523,0
E00343,0.0193459121,0
E00344,0.8064579392,1
E00345,0.0001473139522,0
E00346,2.528531936e-05,0
E00347,9.951748284e-05,0
E00348,0.001014238361,0
E00349,0.02219335734,0
E00350,0.0001338743241,0
E00351,5.393236442e-05,0
E00352,6.549210755e-05,0
E00353,0.0001506504937,0
E00354,0.00291764582,0
E00355,0.000604507793,0
E00356,0.007663703764,0
E00357,3.600941607e-05,0
E00358,0.00133065269,0
E00359,0.0001407196839,0
E00360,0.0004542015072,0
E00361,0.7697398348,0
E00362,0.001853691691,0
E00363,0.0001249666013,0
E00364,4.239442422e-05,0
E00365,0.0001447880917,0
E00366,0.0002411810989,0
E00367,0.0002411810989,0
E00368,0.0252190437,0
E00369,0.0003205784855,0
E00370,0.01588370479,0
E00371,0.0006790649787,0
E00372,0.0004805632979,0
E00373,0.001123049681,0
E00374,0.004045442721,0
E00375,0.0005544455194,0
E00376,0.0003998611481,0
E00377,4.916492195e-05,0
E00378,0.1844077562,0
E00379,0.01165008285,0
E00380,0.0004200426167,0
E00381,0.962506973,1
E00382,8.043887867e-05,0
E00383,0.1066776639,0
E00384,0.0001923921707,0
E00385,0.007850275912,0
E00386,6.051198046e-05,0
E00387,7.073376651e-05,0
E00388,0.0001495972043,0
E00389,4.385356264e-05,0
E00390,0.00104885437,0
E00391,1.754944992e-05,0
E00392,0.2066463724,0
E00393,5.356905607e-05,0
E00394,0.006710265872,0
E00395,0.0001019825822,0
E00396,0.004660836966,0
E00397,4.468141284e-05,0
E00398,0.9326345989,1
E00399,0.1171045692,0
E00400,0.0002040959702,0
E00401,3.164180086e-05,0
E00402,7.112006426e-05,0
E00403,7.409561883e-05,0
E00404,0.005253175853,0
E00405,8.092236947e-05,0
E00406,0.000221363014,0
E00407,6.38207157e-05,0
E00408,0.002668427737,0
E00409,0.02448024101,0
E00410,0.009460562882,0
E00411,0.01094061974,0
E00412,0.0006058490772,0
E00413,5.63438564e-05,0
E00414,0.0002675171583,0
E00415,0.0007920847041,0
E00416,1.96348258e-05,0
E00417,0.0004754917011,0
E00418,0.001480776541,0
E00419,0.0001552384589,0
E00420,0.007223829877,0
E00421,0.01447751522,0
E00422,0.0002463360947,0
E00423,0.0004858638089,0
E00424,2.987038563e-05,0
E00425,0.07145314948,0
E00426,0.9973725037,1
E00427,0.4329990423,0
E00428,0.0007537662807,0
E00429,8.779071884e-05,0
E00430,0.00107286078,0
E00431,5.703770109e-05,0
E00432,0.0005205840063,0
E00433,7.891068811e-05,0
E00434,0.0003093190728,0
E00435,0.0003093190728,0
E00436,0.0004470491767,0
E00437,0.009082604402,0
E00438,0.009082604402,0
E00439,8.235392193e-05,0
E00440,0.000199308284,0
E00441,0.001654566141,0
E00442,0.07526119805,0
E00443,0.001523061062,0
E00444,4.750358787e-05,0
E00445,0.0003468412427,0
E00446,0.0002241841313,0
E00447,0.8835724837,1
E00448,0.0001314664426,0
E00449,0.0001247736312,0
E00450,1.809573094e-05,0
E00451,0.00191962206,0
E00452,0.0001445053804,0
E00453,0.0001237927949,0
E00454,0.007471040485,0
E00455,0.01462996476,0
E00456,0.0008063668745,0
E00457,0.0009938553943,0
E00458,0.000128791757,0
E00459,0.000296527753,0
E00460,9.474101475e-05,0
E00461,0.02465667027,0
E00462,0.9204998179,1
E00463,2.71645475e-05,0
E00464,9.146361489e-05,0
E00465,0.0003830010762,0
E00466,0.0004676021015,0
E00467,0.0008798677614,0
E00468,0.0001813376561,0
E00469,4.181687094e-05,0
E00470,0.0002104417286,0
E00471,1.148363932e-05,0
E00472,5.065153963e-05,0
E00473,0.001704780848,0
E00474,0.001866706028,0
E00475,0.002049615877,0
E00476,0.08136691291,0
E00477,0.0001632379109,0
E00478,0.0001999713031,0
E00479,0.0003212752817,0
E00480,0.9320408229,1
E00481,8.270396436e-05,0
E00482,0.01554207024,0
E00483,0.002661418626,0
E00484,6.048981885e-05,0
E00485,0.002329995031,0
E00486,0.0007239147927,0
E00487,0.0001119495328,0
E00488,0.0001757976913,0
E00489,0.0009998838701,0
E00490,0.03110183951,0
E00491,3.477783064e-05,0
E00492,6.812246394e-05,0
E00493,0.0002112291509,0
E00494,8.646777756e-05,0
E00495,0.001788571913,0
E00496,0.3847794134,0
E00497,0.0002913656862,0
E00498,0.00012706183,0
E00499,0.9192359018,1
E00500,0.09104053407,0
E00501,2.689399888e-05,0
E00502,0.007656976629,0
E00503,1.80476857e-05,0
E00504,0.9753915201,1
E00505,0.0001142959747,0
E00506,0.0009955013635,0
E00507,0.0009998838701,0
E00508,7.979616809e-05,0
E00509,6.812246394e-05,0
E00510,0.0002112291509,0
E00511,0.3847794134,0
E00512,0.0002913656862,0
E00513,0.9192359018,1
E00514,2.03759724e-05,0
E00515,0.0003826933169,0
E00516,6.264413954e-05,0
E00517,1.80476857e-05,0
E00518,0.0002238007873,0
E00519,0.0004035470185,0
E00520,0.0002717095044,0
E00521,0.0001597063085,0
E00522,9.707439968e-05,0
E00523,0.001102768146,0
E00524,0.9753915201,1
E00525,0.3852804619,0
E00526,2.607085596e-05,0
E00527,0.001453265731,0
E00528,0.02239884621,0
E00529,6.715693278e-05,0
E00530,4.416649542e-05,0
E00531,0.09045484564,0
E00532,0.009264119534,0
E00533,2.221887579e-05,0
E00534,0.0001107286834,0
E00535,7.596971961e-05,0
E00536,9.910175613e-05,0
E00537,0.0002046052315,0
E00538,4.111628297e-05,0
E00539,0.000627399311,0
E00540,0.0008653883775,0
E00541,0.0002440408746,0
E00542,0.0004477576629,0
E00543,0.0001015183079,0
E00544,9.212211347e-05,0
E00545,5.569233142e-05,0
E00546,0.002277847337,0
E00547,9.421839434e-05,0
E00548,0.0002250031746,0
E00549,0.00115501384,0
E00550,5.960173922e-05,0
E00551,0.0001107525494,0
E00552,8.226358186e-05,0
E00553,3.93099735e-05,0
E00554,9.262998548e-05,0
E00555,0.0001155734958,0
E00556,0.0001301192917,0
E00557,8.208433864e-05,0
E00558,4.394763545e-05,0
E00559,0.0002937547471,0
E00560,0.8815534761,1
E00561,0.0003152807589,0
E00562,0.008898549313,0
E00563,5.359521533e-05,0
E00564,6.313949383e-05,0
E00565,5.03486049e-05,0
E00566,0.04616143192,0
E00567,0.0001204320311,0
E00568,3.114050942e-05,0
E00569,3.289775555e-05,0
E00570,2.052652063e-05,0
E00571,0.001106440585,0
E00572,1.05515762e-05,0
E00573,0.03087294691,0
E00574,7.962263488e-05,0
E00575,1.585881064e-05,0
E00576,6.275388082e-05,0
E00577,0.0008305821324,0
E00578,0.9906618689,1
E00579,0.000167454207,0
E00580,0.9888296883,1
E00581,0.0005062877526,0
E00582,0.001384567559,0
E00583,0.3340400345,0
E00584,0.009033025255,0
E00585,0.9318203663,1
E00586,0.0003548497502,0
E00587,4.726526427e-05,0
E00588,0.9975609708,1
E00589,5.859924446e-05,0
E00590,0.9943512259,1
E00591,0.9971827339,1
E00592,0.0003023230359,0
E00593,0.06385346957,0
E00594,0.001428161143,0
E00595,0.003096483224,0
E00596,0.004170221113,0
E00597,0.002531708455,0
E00598,8.26564659e-05,0
E00599,0.0001786208746,0
E00600,0.0002715665841,0
E00601,0.001231414897,0
E00602,0.6729121844,0
E00603,0.0001197810179,0
E00604,0.5686989207,0
E00605,1.996366266e-05,0
E00606,0.0009315252779,0
E00607,1.849553413e-05,0
E00608,0.00233692407,0
E00609,0.0002815101496,0
E00610,0.001264660961,0
E00611,0.0002774765636,0
E00612,0.2528461946,0
E00613,0.007761661473,0
E00614,0.000258742592,0
E00615,0.0001714603973,0
E00616,0.0001790678952,0
E00617,0.0008744935254,0
E00618,0.0006462923958,0
E00619,0.0001700647415,0
E00620,4.575502105e-05,0
E00621,0.0001796726588,0
E00622,0.001436860281,0
E00623,0.0002603820754,0
E00624,3.454292205e-05,0
E00625,0.0018501308,0
E00626,8.293753405e-05,0
E00627,0.0002123379817,0
E00628,0.001911234199,0
E00629,0.0002290264498,0
E00630,4.305135571e-05,0
E00631,0.0040951454,0
E00632,9.91905583e-05,0
E00633,0.0001901118808,0
E00634,3.731575086e-05,0
E00635,0.9013163229,1
E00636,0.7098378519,0
E00637,0.006703259783,0
E00638,7.273305956e-05,0
E00639,0.0001013053069,0
E00640,0.0001289485321,0
E00641,0.761260742,0
E00642,0.005708066358,0
E00643,2.65835591e-05,0
E00644,6.704818891e-05,0
E00645,3.656760087e-05,0
E00646,0.0005708613191,0
E00647,9.031741341e-05,0
E00648,0.0004706413819,0
E00649,0.0001065822272,0
E00650,0.01527652982,0
E00651,1.093713668e-05,0
E00652,0.9733232197,1
E00653,0.005283157609,0
E00654,0.1986386403,0
E00655,2.718654534e-05,0
E00656,0.4302926305,0
E00657,0.05512931851,0
E00658,0.008081134674,0
E00659,0.0002828407516,0
E00660,0.0002817321788,0
E00661,0.0004494857181,0
E00662,2.692385996e-05,0
E00663,0.0001972010288,0
E00664,4.14741224e-05,0
E00665,0.002807797409,0
E00666,0.00125354322,0
E00667,0.0006572222491,0
E00668,5.155844824e-05,0
E00669,3.251759007e-05,0
E00670,0.0004576248654,0
E00671,5.06009112e-05,0
E00672,0.0001347380504,0
E00673,0.00366612759,0
E00674,0.001433646216,0
E00675,0.000181373942,0
E00676,0.0002071064335,0
E00677,6.473445795e-05,0
E00678,0.000315219579,0
E00679,0.0002140354152,0
E00680,0.0004003007134,0
E00681,0.004943788186,0
E00682,0.9932934396,1
E00683,0.9986205202,1
E00684,0.0115912275,0
E00685,0.0001040552143,0
E00686,0.009279013262,0
E00687,0.009683284579,0
E00688,0.240751174,0
E00689,0.002165520022,0
E00690,7.076499194e-05,0
E00691,0.0001590682951,0
E00692,6.704140675e-05,0
E00693,0.8395832837,1
E00694,0.0001142688497,0
E00695,0.3897387804,0
E00696,4.912018198e-05,0
E00697,0.005814351924,0
E00698,4.898092019e-05,0
E00699,2.021936329e-05,0
E00700,0.001320577146,0
E00701,7.432176363e-05,0
E00702,0.0266912461,0
E00703,0.001615127716,0
E00704,0.0002819085604,0
E00705,0.006577341193,0
E00706,0.001123499436,0
E00707,7.18193364e-05,0
E00708,0.00305608441,0
E00709,6.050020089e-05,0
E00710,0.0007049905963,0
E00711,6.394430482e-05,0
E00712,0.4070825925,0
E00713,0.0001188359317,0
E00714,0.003777808205,0
E00715,0.0001621591336,0
E00716,0.0001733476035,0
E00717,0.000209144349,0
E00718,7.840301957e-05,0
E00719,0.001809066812,0
E00720,0.07293720901,0
E00721,0.9866640056,1
E00722,6.597996492e-05,0
E00723,6.739240223e-05,0
E00724,0.01222471347,0
E00725,0.0195383331,0
E00726,3.311860695e-05,0
E00727,0.005610405526,0
E00728,3.0303916e-05,0
E00729,0.01734148805,0
E00730,0.001527125226,0
E00731,0.0008548130069,0
E00732,0.0008618922115,0
E00733,0.0003356877043,0
E00734,0.05404498596,0
E00735,7.941743015e-05,0
E00736,0.3240684112,0
E00737,4.583048535e-05,0
E00738,2.68250253e-05,0
E00739,1.862780632e-05,0
E00740,0.0006378243579,0
E00741,0.0001709313303,0
E00742,0.00314612944,0
E00743,0.001085627784,0
E00744,0.00175431776,0
E00745,0.9752906537,1
E00746,9.328827958e-05,0
E00747,1.479922398e-05,0
E00748,0.0008440547922,0
E00749,4.699282433e-05,0
E00750,2.912375773e-05,0
E00751,0.0009618764826,0
E00752,7.177721243e-05,0
E00753,5.620926475e-05,0
E00754,8.787941126e-05,0
E00755,0.000386379701,0
E00756,0.0002140935504,0
E00757,0.0003509462513,0
E00758,0.0001415535759,0
E00759,0.03098246586,0
E00760,2.670793781e-05,0
E00761,0.008534831504,0
E00762,0.0009835924244,0
E00763,0.00608549411,0
E00764,4.005129779e-05,0
E00765,2.791581183e-05,0
E00766,0.0002054250914,0
E00767,0.0005247130916,0
E00768,0.0007309284876,0
E00769,0.00019830042,0
E00770,0.004025038876,0
E00771,0.002275790473,0
E00772,6.358994017e-05,0
E00773,0.0004144107901,0
E00774,0.0001043609763,0
E00775,6.329426665e-05,0
E00776,0.0002642028887,0
E00777,0.0001552917221,0
E00778,0.0003366292283,0
E00779,0.0002793802666,0
E00780,5.158293679e-05,0
E00781,6.246413298e-05,0
E00782,0.2345482563,0
E00783,6.385975382e-05,0
E00784,0.0004454299661,0
E00785,0.0001325742997,0
E00786,0.0002449915672,0
E00787,0.004070864123,0
E00788,0.001191691953,0
E00789,0.007068063775,0
E00790,0.000556249453,0
E00791,0.00390235325,0
E00792,0.001687379719,0
E00793,0.000154490662,0
E00794,1.674728248e-05,0
E00795,4.813338571e-05,0
E00796,0.0001852095743,0
E00797,0.005390145738,0
E00798,0.001384293145,0
E00799,0.001010037875,0
E00800,0.0003084643552,0
E00801,0.0001011535341,0
E00802,9.952754751e-05,0
E00803,0.0002484012915,0
E00804,0.0001230605851,0
E00805,0.0003447759344,0
E00806,2.9787713e-05,0
E00807,8.185502292e-05,0
E00808,0.0001005779321,0
E00809,0.002436113645,0
E00810,0.1078259129,0
E00811,0.0004092319774,0
E00812,4.442037527e-05,0
E00813,0.0001209035501,0
E00814,0.0001327201378,0
E00815,0.02956826455,0
E00816,0.0253614453,0
E00817,0.0007438206416,0
E00818,0.001856914262,0
E00819,0.0002682626588,0
E00820,0.0001997902756,0
E00821,0.0002793068024,0
E00822,0.006000129985,0
E00823,2.522117879e-05,0
E00824,0.0001717891469,0
E00825,5.824817042e-05,0
E00826,3.770016039e-05,0
E00827,4.464751163e-05,0
E00828,0.0001372359082,0
E00829,0.000255890388,0
E00830,2.490673723e-05,0
E00831,0.01431552068,0
E00832,9.875878644e-05,0
E00833,2.702733568e-05,0
E00834,3.25182434e-05,0
E00835,2.383909695e-05,0
E00836,0.0004233143302,0
E00837,0.0002332329833,0
E00838,0.0001573171335,0
E00839,6.680779772e-05,0
E00840,0.001851519681,0
E00842,0.0002006364289,0
E00844,6.066438697e-05,0
E00845,4.589267641e-05,0
E00846,6.119472038e-05,0
E00847,4.379920917e-05,0
E00848,6.43887107e-05,0
E00849,0.00117477461,0
E00850,5.838001412e-05,0
E00851,2.911311533e-05,0
E00852,0.01263658697,0
E00853,0.0002311896727,0
E00854,0.0001023725389,0
E00855,0.0001403223094,0
E00856,8.302302671e-05,0
E00858,0.001170758221,0
E00859,4.379920917e-05,0
E00860,5.45852145e-05,0
E00861,6.550120308e-05,0
E00862,0.0001816689385,0
E00863,0.0001106505659,0
E00864,0.740650761,0
E00865,0.0003045477536,0
E00866,0.0005006632402,0
E00867,8.109923184e-05,0
E00868,0.02099145423,0
E00869,6.956499978e-05,0
E00870,7.890664188e-05,0
E00871,0.001131179818,0
E00872,0.0001167508129,0
E00873,1.517125505e-05,0
E00874,0.002086845784,0
E00875,0.000345970649,0
E00876,0.0004385755112,0
E00877,0.2141874369,0
E00878,0.0002265894418,0
E00879,2.433592605e-05,0
E00880,5.535166015e-05,0
E00881,3.569138869e-05,0
E00882,0.04679133737,0
E00883,7.265470738e-05,0
E00884,9.725563756e-05,0
E00885,0.0001696095339,0
E00886,0.0002237074189,0
E00887,0.000627395152,0
E00888,0.005744076955,0
E00889,0.0003867177671,0
E00890,0.0006342696349,0
E00891,0.000103035444,0
E00892,0.0001189443022,0
E00893,2.342240577e-05,0
E00894,0.0006547509195,0
E00895,0.0004153155545,0
E00896,0.008985156446,0
E00897,0.01818474651,0
E00898,0.0001477565973,0
E00899,0.0001479313703,0
E00900,0.0001666897297,0
E00901,0.0001642185604,0
E00902,0.0001902877958,0
E00903,0.7765143062,0
E00904,3.49261844e-05,0
E00905,2.763103309e-05,0
E00907,0.001177819709,0
E00908,5.605806184e-05,0
E00909,0.0002900959621,0
E00910,0.0004768411242,0
E00912,6.158697633e-05,0
E00913,0.2794559373,0
E00914,0.000115177008,0
E00916,0.0001980062033,0
E00917,0.001771450348,0
E00918,5.035283573e-05,0
E00919,6.963150408e-05,0
E00920,0.0005096253227,0
E00921,3.603474786e-05,0
E00922,0.0001840077533,0
E00923,0.0001475094957,0
E00924,8.611879437e-05,0
E00925,0.0002769592589,0
E00926,0.0004487284686,0
E00927,6.173960203e-05,0
E00928,0.0002845956492,0
E00929,0.004480255602,0
E00930,0.0002850422218,0
E00931,0.001498948738,0
E00932,0.9628619827,1
E00933,0.001342312879,0
E00934,5.970685712e-05,0
E00935,6.658285151e-05,0
E00936,0.004063388819,0
E00937,9.48974654e-05,0
E00938,6.009871389e-05,0
E00939,0.0001485743645,0
E00940,0.000961750147,0
E00941,0.004855351037,0
E00942,9.108861885e-05,0
E00943,0.0003651904657,0
E00944,0.0008056325431,0
E00945,0.008647152637,0
E00946,0.009960337186,0
E00948,2.240350912e-05,0
E00949,0.000961750147,0
E00950,0.0001485743645,0
E00951,0.004855351037,0
E00952,7.727041404e-05,0
E00953,3.132945147e-05,0
E00954,0.9968716539,1
E00955,0.0001171305445,0
E00956,0.0008056325431,0
E00957,0.0002932582918,0
E00958,5.51162821e-05,0
E00959,0.008993638018,0
E00960,5.623039043e-05,0
E00961,0.002202971409,0
E00962,1.995984567e-05,0
E00963,4.508109168e-05,0
E00964,0.0007239680156,0
E00965,0.001066029332,0
E00966,0.001671651989,0
E00967,2.493617735e-05,0
E00969,0.0001626437739,0
E00970,0.01408083544,0
E00971,8.121060096e-05,0
E00972,3.437316364e-05,0
E00974,0.001002000983,0
E00975,5.89251234e-05,0
E00976,0.0001532525494,0
E00977,4.172536765e-05,0
E00978,4.716742024e-05,0
E00979,0.00255837349,0
E00980,1.489240844e-05,0
E00981,0.0001375302085,0
E00982,3.884011489e-05,0
E00983,0.004682302161,0
E00984,0.001190392922,0
E00985,0.0001168961773,0
E00986,0.003231039888,0
E00987,0.9950074754,1
E00988,7.702023056e-05,0
E00989,0.0008333251556,0
E00990,0.0007326716723,0
E00991,0.0008139243791,0
E00992,0.0002609372156,0
E00993,0.0001488459816,0
E00994,0.0001933343734,0
E00995,0.004828849376,0
E00997,0.0002932898026,0
E00998,0.01003894885,0
E00999,2.05951722e-05,0
E09000,0.001565634632,0
E09001,0.81890851,1
E09002,5.727570759e-05,0
E09003,5.663233219e-05,0
E09004,0.001215292758,0
E09005,0.009754990508,0
E09006,1.872019973e-05,0
E09007,2.542701565e-05,0
E09008,0.9958640602,1
E09009,0.001068884995,0
E09010,0.000587263406,0
E09011,0.0008573347781,0
E09012,0.0001890456839,0
E09013,0.003312044019,0
E09014,0.004779324235,0
E09015,0.4719129562,0
E09016,0.001271257764,0
E09017,7.971591856e-05,0
E09018,0.001316914796,0
E09019,4.638414919e-05,0
E09020,0.00680749967,0
E09021,8.660444507e-05,0
E09022,0.0012902078,0
E09023,0.0001229769851,0
E09024,0.0001460116499,0
E09025,0.0498872851,0
E09026,0.0001658884232,0
E09027,3.764747977e-05,0
E09028,0.0002830743584,0
E09029,6.35000792e-05,0
E09030,0.0001169152427,0
E09031,7.130276134e-05,0
E09032,8.732268543e-05,0
E09033,7.838643756e-05,0
E09034,0.05368439804,0
E09035,0.0004143038689,0
E09036,0.0004143038689,0
E09037,0.006041363421,0
E09038,0.0003175231564,0
E09039,7.507087126e-05,0
E09040,5.995223888e-05,0
E09041,0.0002258853179,0
E09042,0.0004219602058,0
E09043,0.0001700757041,0
E09044,0.0001698670708,0
E09045,0.0001909032904,0
E09046,0.001631641043,0
E09047,6.639505448e-05,0
E09048,0.000121484023,0
E09049,0.0001485266621,0
E09050,0.002721858871,0
E09051,0.000121843874,0
E09053,0.007910212916,0
E09054,6.231447262e-05,0
E09055,0.9919792579,1
E09056,0.0004493675738,0
E09057,2.171500295e-05,0
E09058,0.008621131328,0
E09059,0.008989520217,0
E09060,7.765024702e-05,0
E09061,0.0002747128327,0
E09062,0.0002213626818,0
E09064,0.0001384067777,0
E09065,0.0002725609901,0
E09066,0.0006358922952,0
E09068,0.0001064254787,0
E09069,0.01675893316,0
E09070,0.0001650106303,0
E09071,0.0002506581163,0
E09072,0.0002118474852,0
E09073,1.868715572e-05,0
E09074,0.006596385649,0
E09075,0.0001067579032,0
E09076,7.366269098e-05,0
E09077,0.7726218653,0
E09078,0.9239010664,1
E09079,0.0150786654,0
E09080,0.003382582585,0
E09081,0.05886356896,0
E09082,0.001555657515,0
E09084,0.6855011168,0
E09085,0.005968731767,0
E09086,3.835704594e-05,0
E09087,0.0001579257534,0
E09088,0.03807159836,0
E09089,4.326909451e-05,0
E09090,7.599544479e-05,0
E09091,0.0001167439394,0
E09092,0.00593494426,0
E09093,5.526864032e-05,0
E09094,6.309929957e-05,0
E09095,6.780963173e-05,0
E09096,3.734255946e-05,0
E09097,0.9778710083,1
E09098,2.721301378e-05,0
E09099,0.9904748774,1
E09100,0.001601430035,0
E09101,2.600983254e-05,0
E09102,1.391275888e-05,0
E09103,0.001028214245,0
E09104,0.005647175489,0
E09105,4.220530219e-05,0
E09106,0.001107762639,0
E09107,0.0007939240583,0
E09108,0.0001685017467,0
E09109,3.681777989e-05,0
E09110,0.0003572522893,0
E09111,0.09974054809,0
E09112,2.40801684e-05,0
E09113,0.001852675039,0
E09114,0.000147956704,0
E09115,0.7363536648,0
E09116,2.83170573e-05,0
E09117,2.080004102e-05,0
E09118,0.0002068942211,0
E09119,6.689625011e-05,0
E09120,0.001731045592,0
E09121,5.112468269e-05,0
E09122,0.001456166521,0
E09123,0.0001716396668,0
E09124,0.0001725471197,0
E09125,0.01032276168,0
E09126,4.489509362e-05,0
E09127,0.0006606442347,0
E09128,8.217452942e-05,0
E09129,0.0002216443692,0
E09130,0.005418650667,0
E09131,0.0001093649219,0
E09132,0.003831267186,0
E09133,0.09119975688,0
E09134,0.002131864979,0
E09135,7.513325279e-05,0
E09136,2.767849531e-05,0
E09137,0.7862716203,0
E09138,0.0002946405928,0
E09139,0.0002923890909,0
E09140,0.0127997349,0
E09141,0.01922721866,0
E09142,9.561532235e-05,0
E09143,0.0001009017265,0
E09144,0.0002238684411,0
E09145,0.7888530283,0
E09146,0.0005340680142,0
E09147,0.0001457193046,0
E09148,6.482095441e-05,0
E09149,1.187616955e-05,0
E09150,7.346199273e-05,0
E09151,0.0003717420258,0
E09152,3.979939883e-05,0
E09153,0.0005463527153,0
E09154,0.0001689063188,0
E09155,0.0003717102215,0
E09156,0.0001408000902,0
E09157,0.0009583623234,0
E09158,4.005974531e-05,0
E09159,0.0002141453441,0
E09160,0.004681924216,0
E09161,0.0002055566985,0
E09162,0.0004414790203,0
E09163,5.805298674e-05,0
E09164,0.01883456169,0
E09165,0.0001555638037,0
E09166,0.0009217587703,0
E09167,0.0001136643886,0
E09168,0.01615356581,0
E09169,0.0003420440181,0
E09170,0.7484439264,0
E09171,0.04554454386,0
E09172,1.692418996e-05,0
E09173,0.04929255033,0
E09174,0.0003482067505,0
E09175,2.396200089e-05,0
E09176,0.005465738994,0
E09177,3.223222881e-05,0
E09178,0.001441688812,0
E09179,0.3322813555,0
E09180,3.879852367e-05,0
E09181,2.746670488e-05,0
E09182,0.0008074360839,0
E09183,0.003682785388,0
E09184,2.536518601e-05,0
E09185,0.0005539816718,0
E09186,0.002324883543,0
E09187,0.0002787196259,0
E09188,8.901511954e-05,0
E09189,4.585115889e-05,0
E09190,0.000183575504,0
E09191,0.0007408988613,0
E09192,0.0004950862609,0
E09193,0.0005258136178,0
E09194,0.01013627247,0
E09195,3.768035877e-05,0
E09196,0.0004305936152,0
E09197,0.0002946737753,0
E09198,0.0001994994781,0
E09199,0.00200813884,0
E09200,0.0003471179912,0
E09201,0.0002122489314,0
E09202,0.0007568099197,0
E09203,0.0001777414373,0
E09204,0.003529758967,0
E09205,8.998788487e-05,0
E09206,0.001655612959,0
E09207,0.0001763534804,0
E09208,0.002978548837,0
E09209,8.260406603e-05,0
E09210,0.005921757646,0
E09211,0.001004475554,0
E09212,3.530894032e-05,0
E09213,0.0001589072919,0
E09214,0.0002027535788,0
E09215,4.548338769e-05,0
E09216,0.0001136140753,0
E09217,0.002846771751,0
E09218,0.00010964486,0
E09219,0.0002142425326,0
E09220,9.926693117e-05,0
E09221,0.1335394455,0
E09222,0.7970171213,0
E09223,0.9410111714,1
E09224,0.2347658628,0
E09225,0.001223430108,0
E09226,3.907914162e-05,0
E09227,0.0001866216776,0
E09228,0.7724910907,0
E09229,0.002703074949,0
E09230,0.0003684010452,0
E09231,0.001689884299,0
E09232,9.52138595e-05,0
E09233,2.896255474e-05,0
E09234,5.94700921e-05,0
E09235,3.090074653e-05,0
E09236,6.391789752e-05,0
E09237,3.013749794e-05,0
E09238,5.314005926e-05,0
E09239,0.0001220050004,0
E09240,0.0002437198203,0
E09241,0.0001679478121,0
E09242,0.001875637888,0
E09243,6.240863092e-05,0
E09244,7.507632359e-06,0
E09245,7.036397871e-05,0
E09246,3.317216699e-05,0
E09247,0.0001357072657,0
E09248,0.01677561081,0
E09249,0.005353996329,0
E09250,0.01711214361,0
E09251,3.777180563e-05,0
E09252,0.007474735504,0
E09253,0.0002205573083,0
E09254,0.01497187725,0
E09255,0.0004131809773,0
E09256,6.251010677e-05,0
E09257,5.996334682e-05,0
E09258,0.3972007235,0
E09259,0.0004884656553,0
E09260,0.0002544632703,0
E09261,7.586388478e-05,0
E09262,0.0003353198583,0
E09263,4.856932207e-05,0
E09264,0.001221894881,0
E09265,0.02401765021,0
E09266,6.307344767e-05,0
E09267,8.004092446e-05,0
E09268,0.006407033211,0
E09269,0.0001189022167,0
E09270,0.0001222778693,0
E09271,0.0001061570229,0
E09272,0.0001414745048,0
E09273,4.429829417e-05,0
E09274,0.001478963142,0
E09275,0.1977738737,0
E09276,0.006250662017,0
E09277,0.0003728052473,0
E09278,8.279852205e-05,0
E09279,0.0001586069772,0
E09280,0.002448519949,0
E09281,3.132201997e-05,0
E09282,0.35886392,0
E09283,0.0003821815923,0
E09284,0.02302132452,0
E09285,0.6692381519,0
E09286,0.1782609375,0
E09287,0.0007398865989,0
E09288,0.0008601769507,0
E09289,0.01428156926,0
E09290,0.000272831039,0
E09291,0.0004488064026,0
E09292,0.4976721966,0
E09293,9.694959498e-05,0
E09294,0.001534330451,0
E09295,0.05924318854,0
E09296,0.3370264184,0
E09297,0.007128401993,0
E09298,0.008692350971,0
E09299,0.0003120424626,0
E09300,0.0004158139784,0
E09301,0.0004358064433,0
E09302,0.0001068197818,0
E09303,0.08433914644,0
E09304,5.607102502e-05,0
E09305,0.0305501217,0
E09306,0.0007456445796,0
E09307,0.5260703165,0
E09308,0.1256132161,0
E09309,0.006498167224,0
E09310,0.002202975696,0
E09311,0.0008100378661,0
E09312,0.2042572985,0
E09313,0.7304113153,0
E09314,0.0006058846479,0
E09315,5.698847202e-05,0
E09316,7.592658764e-05,0
E09317,0.003006324249,0
E09318,0.1126039294,0
E09319,0.03277407848,0
E09320,0.0007990364109,0
E09321,0.03259933181,0
E09322,0.9759160473,1
E09323,0.003352077141,0
E09324,0.0002767744805,0
E09325,0.0002452761846,0
E09326,0.002426857741,0
E09327,0.003467442161,0
E09328,0.003207509778,0
E09329,0.0001431308205,0
E09330,4.95041098e-05,0
E09331,7.368345643e-05,0
E09332,2.419913695e-05,0
E09333,0.0004929791293,0
E09334,0.000253881122,0
E09335,0.02766598662,0
E09336,0.0002929681156,0
E09337,0.9981624737,1
E09338,0.9451334694,1
E09339,0.9624739834,1
E09340,0.0004438409167,0
E09341,0.001580618654,0
E09342,0.000449130616,0
E09343,0.9906276135,1
E09344,0.0001024555022,0
E09345,0.001262414343,0
E09346,0.0001811336688,0
E09347,0.004290842435,0
E09348,2.695958956e-05,0
E09349,0.0006398430061,0
E09350,0.0006564845962,0
E09351,0.1224383498,0
E09352,4.692814715e-05,0
E09353,0.0007611297146,0
E09354,7.071649286e-05,0
E09355,8.099324829e-05,0
E09356,0.0002199458891,0
E09357,8.15387161e-05,0
E09358,0.0001349560935,0
E09359,0.0001602040073,0
E09360,4.319231289e-05,0
E09361,0.001162381011,0
E09362,0.009568188195,0
E09363,2.601650535e-05,0
E09364,0.0003177407444,0
E09365,0.003115827699,0
E09366,0.1173173424,0
E09367,0.000481416107,0
E09368,0.007898390262,0
E09369,0.003426695132,0
E09370,6.636829126e-05,0
E09371,1.938339445e-05,0
E09372,4.887837792e-05,0
E09373,5.239690787e-05,0
E09374,0.008064927923,0
E09375,0.0001143377644,0
E09376,0.005784967802,0
E09377,0.002330250675,0
E09378,0.0001058430336,0
E09379,0.4177066792,0
E09380,0.00287083812,0
E09381,8.504932824e-05,0
E09382,3.539763716e-05,0
E09383,6.612389962e-05,0
E09384,0.005236429796,0
E09385,0.0001961039674,0
E09386,0.0001058430336,0
E09387,0.03311779358,0
E09388,0.00287083812,0
E09389,7.199761851e-05,0
E09390,0.0007146188087,0
E09391,0.001309973293,0
E09392,0.0001582178979,0
E09393,3.150328773e-05,0
E09394,3.539763716e-05,0
E09395,0.0001961039674,0
E09396,0.00287083812,0
E09397,6.612389962e-05,0
E09398,0.001468180772,0
E09399,0.0001961039674,0
E09400,0.4177066792,0
E09401,0.8229303596,1
E09402,7.199761851e-05,0
E09403,0.001309973293,0
E09404,9.362661374e-05,0
E09405,0.937529253,1
E09406,0.02328271054,0
E09407,5.218984069e-05,0
E09408,3.586436761e-05,0
E09409,0.0008156097495,0
E09410,0.002179001605,0
E09411,7.578814717e-05,0
E09412,5.205971685e-05,0
E09413,4.548892183e-05,0
E09414,2.129410672e-05,0
E09415,0.0003788276554,0
E09416,0.0003687375617,0
E09417,0.0004877293367,0
E09418,9.030743951e-05,0
E09419,0.0003905949522,0
E09420,0.0002617643232,0
E09421,0.9983111076,1
E09422,0.001022495843,0
E09423,0.02787288237,0
E09424,8.97192036e-05,0
E09425,3.396991913e-05,0
E09426,7.537316776e-05,0
E09427,6.341156817e-05,0
E09428,2.791722469e-05,0
E09429,0.0001496590173,0
E09430,0.002965740945,0
E09431,0.0001785670861,0
E09432,2.897249506e-05,0
E09433,0.0005731126547,0
E09434,0.00661975056,0
E09435,0.0003245095258,0
E09436,0.0001496590173,0
E09437,0.00073123301,0
E09438,0.0001785670861,0
E09439,0.0003243242124,0
E09440,0.0001058707232,0
E09441,0.8125774803,1
E09442,4.771578744e-05,0
E09443,0.0003245095258,0
E09444,0.0003158106994,0
E09445,0.0005837420801,0
E09446,0.002012030139,0
E09447,0.001958610522,0
E09448,0.0001789055918,0
E09449,0.001075371699,0
E09450,7.238833915e-05,0
E09451,0.002797302466,0
E09452,0.00817269147,0
E09453,0.0002814853866,0
E09454,0.001410213979,0
E09455,5.93134144e-05,0
E09456,0.002174183361,0
E09457,0.001850574949,0
E09458,0.001701722661,0
E09459,0.04564102034,0
E09460,0.00995483979,0
E09461,0.01419800249,0
E09462,0.0007954560693,0
E09463,2.773020295e-05,0
E09464,0.00034034776,0
E09465,0.0002253775715,0
E09466,4.694828671e-05,0
E09467,2.540237943e-05,0
E09468,0.0002125712275,0
E09469,0.3231368844,0
E09470,0.0005118269996,0
E09471,7.543985848e-05,0
E09472,5.108310096e-05,0
E09473,0.0005391637123,0
E09474,7.126312755e-05,0
E09475,0.0002202344155,0
E09476,0.985062296,1
E09477,0.0001955841829,0
E09478,2.523310512e-05,0
E09479,0.0004657987981,0
E09480,0.9919358416,1
E09481,7.732895357e-05,0
E09482,2.047890035e-05,0
E09483,9.566015374e-05,0
E09484,4.086906549e-05,0
E09485,0.0006263416963,0
E09486,8.818000201e-05,0
E09487,3.195766559e-05,0
E09488,0.0004030646463,0
E09489,0.000123874105,0
E09490,3.472757862e-05,0
E09491,0.997279237,1
E09492,0.0002008948294,0
E09493,5.306636421e-05,0
E09494,4.516608615e-05,0
E09495,0.03400226789,0
E09496,3.928047945e-05,0
E09497,0.0001286563646,0
E09498,0.0008328832415,0
E09499,0.3126184674,0
E09500,0.01331635925,0
E09501,0.001345717733,0
E09502,0.007582097753,0
E09503,0.0005224346082,0
E09504,0.0002493936888,0
E09505,9.334825383e-05,0
E09506,0.003315223346,0
E09507,9.688130149e-05,0
E09508,0.004622534107,0
E09509,0.4797207491,0
E09510,7.88099939e-05,0
E09511,7.653835835e-05,0
E09512,0.004374543195,0
E09513,0.002385127014,0
E09514,2.939897232e-05,0
E09515,2.724393961e-05,0
E09516,0.0003217927041,0
E09517,0.00228559936,0
E09518,0.3107870505,0
E09519,8.811381377e-05,0
E09520,7.064841184e-05,0
E09521,2.205978546e-05,0
E09522,0.0308841459,0
E09523,5.138542478e-05,0
E09524,5.481811561e-05,0
E09525,0.0003663106018,0
E09526,0.005497536807,0
E09527,5.602505739e-05,0
E09528,8.315573454e-05,0
E09529,9.915819246e-05,0
E09530,0.0009887330205,0
E09531,0.001293621058,0
E09532,0.6215729595,0
E09533,0.001654027445,0
E09534,0.0001675525625,0
E09535,0.0002739436951,0
E09536,0.0001486306035,0
E09537,5.110147638e-05,0
E09538,0.06191380979,0
E09539,0.0001301031355,0
E09540,0.007599114269,0
E09541,0.004109311513,0
E09542,3.657726045e-05,0
E09543,5.590015264e-05,0
E09544,0.0002892033862,0
E09545,0.0004176639561,0
E09546,0.04536988778,0
E09547,0.002272909616,0
E09548,0.005108773866,0
E09549,0.001175833685,0
E09550,0.01859313621,0
E09551,6.810829065e-05,0
E09552,0.002914146973,0
E09553,0.001397919697,0
E09554,0.000147591321,0
E09555,9.463887923e-05,0
E09556,5.821417207e-05,0
E09557,0.0001324057442,0
E09558,5.944371406e-05,0
E09559,2.865988427e-05,0
E09560,0.0003776444503,0
E09561,0.0008978587406,0
E09562,6.011887242e-05,0
E09563,0.0001008262852,0
E09564,0.0004575881272,0
E09565,0.0001089012952,0
E09566,9.346162423e-05,0
E09567,0.0004713815128,0
E09568,0.1971826576,0
E09569,0.05112092778,0
E09570,0.001053366705,0
E09571,0.9977489891,1
E09572,5.627641075e-05,0
E09573,0.0002455756211,0
E09574,2.260723287e-05,0
E09575,0.2123026955,0
E09576,0.05543643585,0
E09577,0.0001882638158,0
E09578,0.0001848832808,0
E09579,0.002059946926,0
E09580,0.001934798479,0
E09581,0.0003504059293,0
E09582,0.1094904649,0
E09583,0.001886449893,0
E09584,0.5378507872,0
E09585,0.3282389516,0
E09586,5.35127899e-05,0
E09587,0.003703190803,0
E09588,0.001547171657,0
E09589,8.886088268e-05,0
E09590,0.0002607389036,0
E09591,0.0009700880931,0
E09592,0.0007372827303,0
E09593,0.0001022124669,0
E09594,0.01183935791,0
E09595,0.0005647565502,0
E09596,8.169421383e-05,0
E09597,0.0002447216338,0
E09598,5.804498634e-05,0
E09599,0.000258419454,0
E09600,0.02322755148,0
E09601,0.0001714217882,0
E09602,0.009858837769,0
E09603,0.1954872772,0
E09604,0.0001274855885,0
E09605,0.9881933889,1
E09606,0.004998775258,0
E09607,0.009215683168,0
E09608,0.009066836746,0
E09609,0.0001907744533,0
E09610,0.001051944213,0
E09611,4.550277634e-05,0
E09612,0.0003919362995,0
E09613,9.953963469e-06,0
E09614,0.0001095272756,0
E09615,7.729496065e-05,0
E09616,0.007504899501,0
E09617,0.002720268541,0
E09618,8.593997968e-05,0
E09619,3.919242877e-05,0
E09620,0.000176585723,0
E09621,0.003324967439,0
E09622,0.0009149597818,0
E09623,2.754392427e-05,0
E09624,0.0002571980756,0
E09625,0.0003107008286,0
E09626,0.000617525912,0
E09627,0.000278862085,0
E09628,0.002348476707,0
E09629,0.0006303897763,0
E09630,0.0007313678599,0
E09631,0.0005757594657,0
E09632,4.241865878e-05,0
E09633,0.0002564857216,0
E09634,0.00634912545,0
E09635,0.001650118159,0
E09636,0.0002017951741,0
E09637,0.0001753127661,0
E09638,0.0003875494073,0
E09639,7.555385058e-05,0
E09640,0.00214575032,0
E09641,0.0003555678386,0
E09642,0.0002359995882,0
E09643,5.305304038e-05,0
E09644,0.002285058088,0
E09645,6.008381135e-05,0
E09646,0.0008882287496,0
E09647,0.03144017469,0
E09648,0.007386946657,0
E09649,0.0005266023905,0
E09650,0.5944584612,0
E09651,0.02178149179,0
E09652,0.0009267951942,0
E09653,0.0002886409533,0
E09654,0.0001615700747,0
E09655,0.0004111137811,0
E09656,0.000696150513,0
E09657,0.9399567357,1
E09658,0.1016770381,0
E09659,7.830225638e-05,0
E09660,5.711596488e-05,0
E09661,0.8549829908,1
E09662,0.006037317343,0
E09663,0.0001659633431,0
E09664,0.0002190032609,0
E09665,0.002690002095,0
E09666,0.0005294374383,0
E09667,0.01285311087,0
E09668,0.0003728639089,0
E09669,0.0001913488939,0
E09670,0.111366045,0
E09671,9.538267492e-05,0
E09672,0.01245344311,0
E09673,2.156776223e-05,0
E09674,0.9155861673,1
E09675,1.526764174e-05,0
E09676,0.0001215726125,0
E09677,9.140190719e-05,0
E09678,1.966036167e-05,0
E09679,5.319723625e-05,0
E09680,0.0001762451044,0
E09681,0.009733303964,0
E09682,0.0001396132958,0
E09683,4.271536226e-05,0
E09684,0.0002344029738,0
E09685,0.0003266022537,0
E09686,9.19146554e-05,0
E09687,4.499537158e-05,0
E09688,8.260586689e-05,0
E09689,0.00832244657,0
E09690,0.02096016564,0
E09691,0.0003159269413,0
E09692,0.06630073712,0
E09693,0.001069660604,0
E09694,0.01048356554,0
E09695,0.0002267372131,0
E09696,0.005280938001,0
E09697,4.293638968e-05,0
E09698,7.282089386e-05,0
E09699,0.0002932504919,0
E09700,0.006009460024,0
E09701,0.002433485172,0
E09702,7.745009187e-05,0
E09703,2.758833955e-05,0
E09704,3.29749495e-05,0
E09705,0.0002378626696,0
E09706,2.684721897e-05,0
E09707,5.301821603e-05,0
E09708,7.611881512e-05,0
E09709,0.000189256223,0
E09710,0.0002320415286,0
E09711,0.0001267102035,0
E09712,0.001130734986,0
E09713,4.48702462e-05,0
E09714,0.9813389425,1
E09715,0.9969946305,1
E09716,0.0005839663162,0
E09717,0.001919064309,0
E09718,0.0002706323863,0
E09719,0.01133477827,0
E09720,4.410498298e-05,0
E09721,0.0001103682991,0
E09722,0.02105267216,0
E09723,0.940246039,1
E09724,0.001005571131,0
E09725,0.001522722667,0
E09726,1.202129652e-05,0
E09727,0.0001570458563,0
E09728,6.468643172e-05,0
E09729,0.0001073179301,0
E09730,4.064398098e-05,0
E09731,0.003062142726,0
E09732,0.784663568,0
E09733,0.005373167079,0
E09734,0.0003087902253,0
E09735,3.885057568e-05,0
E09736,0.000130108528,0
E09737,0.0001706236046,0
E09738,0.0009023468685,0
E09739,6.285991239e-05,0
E09740,0.005422475159,0
E09741,0.7251302274,0
E09742,0.0002814703352,0
E09743,0.0001163556921,0
E09744,4.585254445e-05,0
E09745,6.91414267e-05,0
E09746,3.161130755e-05,0
E09747,0.0001170793445,0
E09748,0.0005905913429,0
E09749,0.0001890691475,0
E09750,0.0003245302431,0
E09751,0.06354582374,0
E09752,0.1769833717,0
E09753,0.0001005210309,0
E09754,0.0001345309048,0
E09755,0.002572463305,0
E09756,0.0005648963991,0
E09757,5.630751804e-05,0
E09758,2.485295914e-05,0
E09759,0.0004769383129,0
E09760,0.2175185721,0
E09761,0.1435616128,0
E09762,0.001250335989,0
E09763,3.82774075e-05,0
E09764,0.001210422928,0
E09765,0.001237794238,0
E09766,0.0001221838715,0
E09767,0.004812339935,0
E09768,7.676050601e-05,0
E09769,0.000111751791,0
E09770,3.750134143e-05,0
E09771,0.0004377879743,0
E09772,0.0007221918921,0
E09773,9.06156113e-05,0
E09774,2.300236826e-05,0
E09775,0.0008127671753,0
E09776,0.9455511715,1
E09777,0.003866472778,0
E09778,0.0001332517256,0
E09779,0.001972925238,0
E09780,0.0001590255415,0
E09781,0.01652416602,0
E09782,0.0004204089838,0
E09783,0.0002928852102,0
E09784,0.0004878535956,0
E09785,0.0002616651146,0
E09786,7.138769625e-05,0
E09787,0.8259343126,1
E09788,0.0003101307486,0
E09789,0.0001830806044,0
E09790,0.0003557156297,0
E09791,0.005185376199,0
E09792,9.548975543e-05,0
E09793,0.0004897851181,0
E09794,2.997672309e-05,0
E09795,0.0003416631878,0
E09796,0.0005189762971,0
E09797,0.001966566552,0
E09798,0.0003505373111,0
E09799,0.0007598640884,0
E09800,0.0002345794281,0
E09801,3.290028269e-05,0
E09802,0.0009282779978,0
E09803,0.001235136586,0
E09804,7.869191565e-05,0
E09805,9.055297155e-05,0
E09806,0.0005246976109,0
E09807,0.3439943527,0
E09808,0.0002826138983,0
E09809,0.0008617190389,0
E09810,0.0002186071484,0
E09811,4.750777156e-05,0
E09812,6.184384928e-05,0
E09813,0.001979738328,0
E09814,0.001353349166,0
E09815,0.0004441937799,0
E09816,6.20976096e-05,0
E09817,0.001478404084,0
E09818,0.000176066031,0
E09819,0.0003763429076,0
E09820,0.0003155731507,0
E09821,0.0006840567756,0
E09822,6.926455781e-05,0
E09823,0.02278954447,0
E09824,0.0001101830784,0
E09825,0.2388208922,0
E09826,0.0001254663658,0
E09827,1.240887282e-05,0
E09828,0.008964527015,0
E09829,2.819232988e-05,0
E09830,0.0001650957753,0
E09831,0.1869264092,0
E09832,0.001925949017,0
E09833,0.02072160503,0
E09834,0.0001070889816,0
E09835,5.214023371e-05,0
E09836,0.0008465307333,0
E09837,0.7378334126,0
E09838,0.0001588523661,0
E09839,0.0001451379359,0
E09840,0.0003216128294,0
E09841,0.0005705741783,0
E09842,0.003340295796,0
E09843,0.0006893868637,0
E09844,8.798961392e-05,0
E09845,6.138621303e-05,0
E09846,0.0004266448886,0
E09847,0.005635270823,0
E09848,0.0001707300932,0
E09849,9.779146144e-05,0
E09850,0.0003949702821,0
E09851,7.84039476e-05,0
E09852,4.729124436e-05,0
E09853,0.0001331398412,0
E09854,3.341046988e-05,0
E09855,0.4914426591,0
E09856,0.0002193678607,0
E09857,0.001055466358,0
E09858,0.000104289847,0
E09859,0.9085290283,1
E09860,0.03800543079,0
E09861,0.0002283664691,0
E09862,0.0003891326375,0
E09863,0.0002517487176,0
E09864,0.04215422836,0
E09865,0.000144766269,0
E09866,0.009861145054,0
E09867,0.007814921054,0
E09868,2.82772319e-05,0
E09869,5.935008842e-05,0
E09870,0.0003410512846,0
E09871,0.0004311657944,0
E09872,0.0008501521805,0
E09873,0.003691631269,0
E09874,0.002817031007,0
E09875,9.964664034e-05,0
E09876,0.008887233668,0
E09877,0.002765138802,0
E09878,6.378084075e-05,0
E09879,2.880078727e-05,0
E09880,0.00393612917,0
E09882,0.0001354534499,0
E09883,0.001164392525,0
E09884,0.05423640509,0
E09885,0.0008713564407,0
E09886,0.7531006696,0
E09887,0.9259560001,1
E09888,0.0004227076223,0
E09889,8.963502009e-05,0
E09890,3.19778344e-05,0
E09891,7.062624921e-05,0
E09892,0.002585365265,0
E09893,0.0001266978676,0
E09894,0.002890643509,0
E09895,0.0002975296415,0
E09896,0.0002060027854,0
E09897,4.735612883e-05,0
E09898,0.6677237396,0
E09899,0.02891387078,0
E09900,0.000319933061,0
E09901,8.998169921e-05,0
E09902,0.001291671995,0
E09903,4.393259548e-05,0
E09905,0.016961691,0
E09906,7.008802174e-05,0
E09907,0.006867550413,0
E09908,0.0001470008383,0
E09909,0.1033600106,0
E09910,0.00036722985,0
E09911,0.0003859091771,0
E09912,0.002165137948,0
E09913,0.03803183806,0
E09914,0.0001036851105,0
E09915,4.103816966e-05,0
E09916,2.268627008e-05,0
E09917,0.0001777512515,0
E09918,9.01201317e-05,0
E09919,0.0917999685,0
E09920,0.0001802806727,0
E09921,0.001785314216,0
E09922,0.0001360286033,0
E09924,0.001260270645,0
E09925,0.01048168126,0
E09926,0.004435974391,0
E09927,0.0004729296222,0
E09928,5.333303261e-05,0
E09929,0.003621778432,0
E09930,0.006577100017,0
E09931,0.0001835448541,0
E09932,5.101242077e-05,0
E09933,0.0001040989669,0
E09934,0.003412976513,0
E09935,0.04699745186,0
E09936,0.0002255018272,0
E09937,8.68897805e-05,0
E09938,0.01180481763,0
E09939,6.922728359e-05,0
E09940,0.0002034199078,0
E09941,2.068639552e-05,0
E09942,4.59354757e-05,0
E09944,4.583629058e-05,0
E09945,0.0003665508505,0
E09946,5.214615747e-05,0
E09947,7.077417521e-05,0
E09949,0.0007531525947,0
E09950,0.006034906934,0
E09951,5.559627116e-05,0
E09952,7.87576288e-05,0
E09953,0.0006080517042,0
E09954,0.0003258742475,0
E09955,0.000167849907,0
E09956,2.289067548e-05,0
E09957,8.307124786e-05,0
E09958,0.0005544288973,0
E09959,4.611556882e-05,0
E09960,0.9441595669,1
E09961,9.442631301e-05,0
E09962,4.639680744e-05,0
E09963,0.0007369841883,0
E09964,3.865449625e-05,0
E09966,0.0005280533878,0
E09967,0.002902340727,0
E09968,0.000149273506,0
E09969,0.0001100672891,0
E09970,0.001006967987,0
E09972,9.634335297e-05,0
E09973,0.0002453839126,0
E09974,0.000164159674,0
E09975,0.0008716507234,0
E09976,0.0005162880178,0
E09977,0.000220834563,0
E09978,4.361488828e-05,0
E09979,4.402467832e-05,0
E09981,0.0003659040108,0
E09982,0.115011878,0
E09984,0.0001817230503,0
E09985,0.0001194633247,0
E09986,0.8789448803,1
E09987,0.02039845674,0
E09990,0.0008406536805,0
E09991,2.734613669e-05,0
E09992,4.402467832e-05,0
E09993,0.0003659040108,0
E09994,0.115011878,0
E09995,3.841606034e-05,0
E09996,0.0001194633247,0
E09997,0.01127804471,0
E09998,5.542365113e-05,0
E09999,1.836499028e-05,0
E10000,0.0008527475162,0
E10001,8.84943823e-05,0
E10003,6.400440169e-05,0
E10004,0.0003039897434,0
E10005,0.001033573853,0
E10006,0.01948676749,0
E10007,0.3718127757,0
E10008,0.0002394169177,0
E10009,2.486985376e-05,0
E10010,5.61540663e-05,0
E10011,8.331774891e-05,0
E10012,0.002035003973,0
E10013,0.00142559054,0
E10014,0.007668186384,0
E10016,2.843491803e-05,0
E10017,0.0003303365514,0
E10019,0.0008057187814,0
E10020,0.0002843735417,0
E10021,0.00466147853,0
E10022,0.001544989851,0
E10023,0.001033573853,0
E10024,3.561457326e-05,0
E10025,5.296248071e-05,0
E10026,0.0003991594465,0
E10027,5.61540663e-05,0
E10028,0.0005908113405,0
E10029,0.1770877939,0
E10030,0.002035003973,0
E10031,0.2789683543,0
E10032,0.00142559054,0
E10033,0.005090208066,0
E10034,0.007668186384,0
E10036,0.0001620950284,0
E10037,0.0004640564401,0
E10038,4.912299991e-05,0
E10039,0.0030109826,0
E10040,5.062341321e-05,0
E10041,0.003109158876,0
E10042,0.501284362,0
E10043,0.0001173201647,0
E10044,6.440077132e-05,0
E10045,0.004045237659,0
E10046,0.0003434889356,0
E10047,0.000323823793,0
E10048,0.0003178297563,0
E10049,4.85226607e-05,0
E10050,0.0006742626072,0
E10051,0.0005139869781,0
E10052,0.0002799097701,0
E10053,0.0003598973681,0
E10054,0.03260832653,0
E10055,0.0001029403662,0
E10056,0.006296493861,0
E10057,0.007446378591,0
E10058,0.001056406802,0
E10059,0.0001632005721,0
E10060,6.619056352e-05,0
E10061,1.165936188e-05,0
E10062,0.001034021194,0
E10063,0.01592034799,0
E10064,0.04201131527,0
E10065,0.000163720273,0
E10066,0.004147118389,0
E10067,0.00114052007,0
E10068,4.604538427e-05,0
E10069,0.0001085048792,0
E10070,5.732273695e-05,0
E10071,4.908239048e-05,0
E10072,7.577646246e-05,0
E10073,0.000138371341,0
E10074,0.001161816055,0
E10075,2.754258625e-05,0
E10076,0.0001250005145,0
E10077,4.551419064e-05,0
E10078,0.000137172886,0
E10079,4.502466336e-05,0
E10080,0.005040234711,0
E10081,7.056213093e-05,0
E10082,0.0003270030266,0
E10083,3.582486387e-05,0
E10084,0.0001207023191,0
E10085,0.008667292703,0
E10086,0.02009864165,0
E10087,0.0001043904193,0
E10088,0.0001054894774,0
E10089,0.0001389167047,0
E10090,2.181648671e-05,0
E10091,0.0001127585369,0
E10092,0.9850496462,1
E10093,0.0001998992501,0
E10094,0.003282065152,0
E10095,0.0001205182992,0
E10096,4.449381201e-05,0
E10097,0.00100609338,0
E10098,8.896961902e-05,0
E10099,0.0009009522361,0
E10100,0.000153178722,0
E10101,0.001754984179,0
E10102,0.0001801506558,0
E10103,8.51768494e-05,0
E10104,0.3103568779,0
E10105,0.00124943486,0
E10106,0.0001428967129,0
E10107,0.0001482406886,0
E10108,0.0001341637307,0
E10109,6.114538148e-05,0
E10110,0.004770790453,0
E10111,0.0001816182105,0
E10112,4.754106654e-05,0
E10114,0.002091714158,0
E10115,8.496929371e-05,0
E10116,6.093624949e-05,0
E10117,3.670294798e-05,0
E10118,0.001809254918,0
E10119,0.0001438907964,0
E10120,0.009046082651,0
E10121,5.205516369e-05,0
E10122,0.0008227963619,0
E10123,0.0009336077279,0
E10124,0.001466892813,0
E10125,0.0004411456649,0
E10126,0.006030394628,0
E10127,0.0001618955418,0
E10128,0.0004200866586,0
E10129,0.0005651898846,0
E10130,0.0006253851937,0
E10131,0.005086309964,0
E10132,0.0003239684882,0
E10133,0.003078317336,0
E10134,0.0001317091819,0
E10135,0.004405704368,0
E10136,5.05590582e-05,0
E10137,1.830093134e-05,0
E10138,8.138655611e-05,0
E10139,4.709893703e-05,0
E10140,0.0001160358053,0
E10141,0.00149512789,0
E10142,1.234566823e-05,0
E10143,0.02654174007,0
E10144,0.009117566149,0
E10145,0.9776440889,1
E10146,0.000172013817,0
E10147,0.0004188108355,0
E10148,0.001610141967,0
E10149,9.901814614e-05,0
E10150,2.135388857e-05,0
E10151,3.888755026e-05,0
E10152,0.004500963298,0
E10153,9.866779125e-05,0
E10154,0.0007737924945,0
E10155,0.003313792655,0
E10156,5.609918492e-05,0
E10157,7.134457474e-05,0
E10158,0.1694225216,0
E10159,8.715183191e-05,0
E10160,4.139701827e-05,0
E10161,0.01805439785,0
E10162,3.172301437e-05,0
E10163,3.866488778e-05,0
E10164,0.0002325717668,0
E10165,8.995070878e-05,0
E10166,0.001824054359,0
E10167,5.878324895e-05,0
E10168,0.0001515828112,0
E10169,0.000590299239,0
E10170,9.931117672e-05,0
E10171,0.0008606977409,0
E10172,0.0005002999892,0
E10173,0.008396838949,0
E10174,0.0009168561335,0
E10175,0.002814999978,0
E10176,0.01717808676,0
E10177,2.170944916e-05,0
E10178,0.0001514264129,0
E10179,3.245806649e-05,0
E10180,0.0005779636516,0
E10181,0.0005847345485,0
E10182,0.01673693166,0
E10183,0.0006552049785,0
E10184,8.955394302e-05,0
E10185,0.0001956214909,0
E10186,0.0002072872584,0
E10187,0.961137896,1
E10188,0.001931738036,0
E10189,0.001152406502,0
E10190,4.154834379e-05,0
E10191,0.0002182696925,0
E10192,3.218875246e-05,0
E10193,0.01002240455,0
E10194,0.006949508477,0
E10195,4.227923416e-05,0
E10196,0.02540832774,0
E10197,0.0003797564122,0
E10198,1.858113234e-05,0
E10199,0.8747846844,1
E10200,0.7966009603,0
E10201,0.003647228137,0
E10202,0.001958524491,0
E10203,0.0001219320102,0
E10204,0.003384674794,0
E10205,9.458561413e-05,0
E10206,0.0003048109916,0
E10207,1.451824018e-05,0
E10208,0.0001379015793,0
E10209,0.0001643585588,0
E10210,0.0003267665978,0
E10211,0.0001527154165,0
E10212,0.001992714148,0
E10213,0.04086584601,0
E10214,0.0001464759584,0
E10215,0.000135142137,0
E10216,0.0004967878826,0
E10217,0.0004830435808,0
E10218,0.9943827402,1
E10219,4.744491601e-05,0
E10220,0.9953998823,1
E10221,0.0001877356007,0
E10222,5.621495658e-05,0
E10223,0.009948412061,0
E10224,0.000814187643,0
E10225,3.937374766e-05,0
E10226,0.0009733408547,0
E10227,0.147985746,0
E10228,0.001075518172,0
E10229,5.389115818e-05,0
E10230,0.001863900032,0
E10231,7.49625086e-05,0
E10232,0.000871421336,0
E10233,0.8537844933,1
E10234,0.08036200882,0
E10235,0.0008277949093,0
E10236,0.0001717056282,0
E10237,0.0001280259537,0
E10238,0.06042239754,0
E10239,5.8542647e-05,0
E10240,4.655548185e-05,0
E10241,7.148385196e-05,0
E10242,0.00053172351,0
E10243,0.0002799757359,0
E10244,0.0001555043203,0
E10245,6.375104265e-05,0
E10246,9.113683869e-05,0
E10247,0.0001057534443,0
E10248,9.504617844e-05,0
E10249,0.0001374769709,0
E10250,3.328879693e-05,0
E10251,0.8272634846,1
E10252,0.2256480124,0
E10253,1.718369846e-05,0
E10254,0.0001535489547,0
E10255,0.0002188315115,0
E10256,0.00204653132,0
E10257,0.5517371661,0
E10258,0.9402898288,1
E10259,2.407985901e-05,0
E10260,0.0003196843665,0
E10261,6.3884105e-05,0
E10262,3.397993315e-05,0
E10263,0.0004177717499,0
E10264,4.776237517e-05,0
E10265,0.0002262372058,0
E10266,1.845101525e-05,0
E10267,0.02429133932,0
E10268,5.943368158e-05,0
E10269,0.5095751655,0
E10270,3.945011208e-05,0
E10271,0.0001300907709,0
E10272,7.614274265e-05,0
E10273,0.008797460011,0
E10274,0.0003075981722,0
E10275,2.855108259e-05,0
E10276,0.0001718392977,0
E10277,0.0001407172352,0
E10278,0.9421975486,1
E10279,0.0002672935838,0
E10280,0.001119045623,0
E10281,6.302407924e-05,0
E10282,0.0001473937916,0
E10283,0.002161576744,0
E10284,7.622046799e-05,0
E10285,0.005687602032,0
E10286,0.0002243209718,0
E10287,6.744842305e-05,0
E10288,0.0001830267524,0
E10289,0.02090983508,0
E10290,2.474855852e-05,0
E10291,0.0002345325068,0
E10292,0.0006726011618,0
E10293,0.008611644218,0
E10294,8.329767591e-05,0
E10295,0.0001979101353,0
E10296,3.65631336e-05,0
E10297,0.0002446753055,0
E10298,0.006847976784,0
E10299,0.02888192623,0
E10300,4.924142251e-05,0
E10301,0.973510623,1
E10302,0.004873489522,0
E10303,3.953511334e-05,0
E10304,3.047649042e-05,0
E10306,0.001571416313,0
E10307,0.0002888719739,0
E10309,0.8911947207,1
E10310,3.524380165e-05,0
E10312,0.009307481994,0
E10313,0.1743019649,0
E10314,0.9788543412,1
E10315,6.690082259e-05,0
E10316,0.0003300126377,0
E10317,0.000137557634,0
E10318,0.0002763015316,0
E10321,0.003907714112,0
E10322,0.006718717483,0
E10323,0.00781638166,0
E10324,0.0005026383655,0
E10325,0.000558424904,0
E10326,0.009497356074,0
E10327,3.102336335e-05,0
E10328,0.006887690822,0
E10329,0.0005718118215,0
E10330,0.9842941711,1
E10331,0.0008768078217,0
E10332,0.0002310058564,0
E10333,0.001205216604,0
E10334,4.583629058e-05,0
E10335,0.0003665508505,0
E10336,0.0001410209839,0
E10337,0.0001275340656,0
E10338,0.01180481763,0
E10339,2.83450579e-05,0
E10340,6.350478023e-05,0
E10341,5.537393367e-05,0
E10342,0.0003843573635,0
E10343,0.0008297026682,0
E10344,0.0005368988621,0
E01000,2.767048865e-05,0
E01001,0.0001029600856,0
E01002,0.01070011663,0
E01003,0.00017053806,0
E01004,0.0009044181106,0
E01005,0.0001354727807,0
E01006,0.002715004118,0
E01007,0.002688944859,0
E01008,0.0001634114066,0
E01009,0.00313463032,0
E01010,0.002885654482,0
E01011,0.0005125083792,0
E01012,0.9561287438,1
E01013,0.0009282640386,0
E01014,6.397870485e-05,0
E01015,0.0003319924554,0
E01016,3.444682124e-05,0
E01017,0.000203825884,0
E01018,0.0004105687758,0
E01019,0.001859679341,0
E01020,0.5935760743,0
E01021,0.0002277528179,0
E01022,4.090626665e-05,0
E01023,0.0007349502159,0
E01024,4.082826992e-05,0
E01025,0.0001294821258,0
E01026,5.175674546e-05,0
E01027,0.005618074244,0
E01028,0.0001751386882,0
E01029,0.004404212215,0
E01030,0.0002102016456,0
E01031,2.916902279e-05,0
E01032,0.9668941167,1
E01033,0.0004249020768,0
E01034,0.0001043806745,0
E01035,0.000203553207,0
E01036,0.001300560816,0
E01037,7.645298212e-05,0
E01038,8.587608401e-05,0
E01039,0.0003285810441,0
E01040,0.0003062933039,0
E01041,5.446215525e-05,0
E01042,3.50688464e-05,0
E01043,5.268273938e-05,0
E01044,8.381341205e-05,0
E01045,0.0001650860547,0
E01046,0.0004155356728,0
E01047,0.0002271462745,0
E01048,0.0001027263409,0
E01049,0.0004799830993,0
E01050,0.0001402967711,0
E01051,0.002859198075,0
E01052,0.000111469627,0
E01053,0.0002682253366,0
E01054,0.0001791718001,0
E01055,0.0001589701121,0
E01056,9.694251492e-05,0
E01057,0.01722832768,0
E01058,4.084724273e-05,0
E01059,0.00411122188,0
E01060,0.06162752508,0
E01061,0.0002054542195,0
E01062,1.293480023e-05,0
E01063,0.0001743703771,0
E01065,8.430294529e-05,0
E01066,4.701939715e-05,0
E01067,0.0001450486488,0
E01068,0.0004933025518,0
E01069,2.652260801e-05,0
E01070,0.0001076294852,0
E01071,0.003691123677,0
E01072,0.0006143926697,0
E01073,0.003621512302,0
E01074,0.0005779134619,0
E01075,0.001541412221,0
E01076,4.650426718e-05,0
E01077,0.0004043893551,0
E01078,0.0001091703516,0
E01079,0.001924492324,0
E01080,5.484601729e-05,0
E01081,4.27405869e-05,0
E01082,0.000829569825,0
E01083,9.177314189e-05,0
E01084,0.004201353941,0
E01085,0.0001020221904,0
E01086,0.01183435405,0
E01087,7.102003683e-05,0
E01088,1.873884209e-05,0
E01089,0.0005881710386,0
E01090,6.684883675e-05,0
E01091,0.0001633774625,0
E01092,0.0001125432479,0
E01093,4.458483217e-05,0
E01094,0.0001008975406,0
E01095,8.770932874e-05,0
E01096,9.813649603e-05,0
E01097,5.355242833e-05,0
E01098,4.649112948e-05,0
E01099,0.013075879,0
E01100,5.860007494e-05,0
E01101,7.374281113e-05,0
E01102,0.0009208934351,0
E01103,0.0001770441774,0
E01104,0.0001357902665,0
E01105,0.006722036681,0
E01106,0.0001256668537,0
E01107,0.0001265448715,0
E01108,0.001050403133,0
E01109,1.572609963e-05,0
E01110,9.335760865e-05,0
E01111,5.648825913e-05,0
E01112,0.001326538502,0
E01113,0.000464499043,0
E01114,0.0005182973455,0
E01115,0.03275455905,0
E01116,0.02628335145,0
E01117,0.004216379005,0
E01118,0.8477422423,1
E01119,0.005010961589,0
E01120,8.585856548e-05,0
E01121,0.000145940899,0
E01122,0.005516538245,0
E01123,0.0008130613052,0
E01124,0.0006436909727,0
E01125,1.747848848e-05,0
E01126,4.658505009e-05,0
E01127,0.0007725467562,0
E01128,0.06100640878,0
E01129,0.06953511565,0
E01130,0.00264060844,0
E01131,8.747472619e-05,0
E01132,7.544797488e-05,0
E01133,0.0002752550501,0
E01134,0.0001002124121,0
E01135,6.837788005e-05,0
E01136,0.9981140083,1
E01137,0.002317652294,0
E01138,0.0002814927171,0
E01139,0.0004091217557,0
E01140,0.7139720758,0
E01141,0.0003397262264,0
E01142,3.831834978e-05,0
E01143,0.0001529576694,0
E01144,3.934505911e-05,0
E01145,0.0003072620416,0
E01146,0.02099341725,0
E01147,0.003965052036,0
E01148,2.511778686e-05,0
E01149,0.004092076628,0
E01150,0.03096251245,0
E01151,0.00704604089,0
E01152,0.002847772675,0
E01153,0.0001131872658,0
E01154,0.0001505084529,0
E01155,0.001020018176,0
E01156,2.303618009e-05,0
E01157,3.442719246e-05,0
E01158,0.9919137536,1
E01159,0.006649836668,0
E01160,0.003778412419,0
E01161,0.0001149403486,0
E01162,0.004552157609,0
E01163,0.04218299478,0
E01164,0.0003470078181,0
E01165,0.006889778776,0
E01166,2.096816212e-05,0
E01167,0.0002596644714,0
E01168,0.320339064,0
E01169,0.000918619887,0
E01170,0.006236589901,0
E01171,3.120734259e-05,0
E01172,0.002441003681,0
E01173,0.001086513671,0
E01174,0.0002904491883,0
E01175,0.002087481375,0
E01176,0.001993347575,0
E01177,0.0011745617,0
E01178,0.006884094845,0
E01179,0.0004114919574,0
E01180,0.7323739861,0
E01181,0.0006008241866,0
E01182,0.0006056480594,0
E01183,6.194347499e-05,0
E01184,0.85357427,1
E01185,3.79983233e-05,0
E01186,1.788950223e-05,0
E01187,5.570238173e-05,0
E01188,5.686081131e-05,0
E01189,0.0001237563804,0
E01190,4.764755084e-05,0
E01191,0.004225562543,0
E01192,4.54237297e-05,0
E01193,0.0003297664268,0
E01194,0.0004319612889,0
E01195,0.0001088882634,0
E01196,0.0002046739289,0
E01197,0.06923866466,0
E01198,3.31043739e-05,0
E01199,0.0006993985336,0
E01200,0.01223357533,0
E01201,7.80397746e-05,0
E01202,0.9787631062,1
E01203,0.0001274312157,0
E01204,0.0003413691888,0
E01205,5.386780555e-05,0
E01206,0.0002206829352,0
E01207,0.000234682128,0
E01208,9.36527779e-05,0
E01209,7.025250693e-05,0
E01210,0.005012801423,0
E01211,7.397373204e-05,0
E01212,0.9786029976,1
E01213,0.179933496,0
E01214,0.9496357777,1
E01215,0.00013424772,0
E01216,0.06837268094,0
E01217,0.0001099817379,0
E01218,0.001583545468,0
E01219,0.002816314625,0
E01220,0.001426344302,0
E01221,0.0001041980837,0
E01222,0.0001433783052,0
E01223,0.0001567685003,0
E01224,0.6788308021,0
E01225,7.423056017e-05,0
E01226,0.004791677603,0
E01227,3.476403817e-05,0
E01228,4.706628601e-05,0
E01229,3.877492075e-05,0
E01230,0.003701363934,0
E01231,0.04964851727,0
E01232,3.313568852e-05,0
E01233,6.557311887e-05,0
E01234,4.088479333e-05,0
E01235,0.0001082002753,0
E01236,0.009851914652,0
E01237,7.396579368e-05,0
E01238,0.001838148941,0
E01239,4.645830288e-05,0
E01240,0.001064284845,0
E01241,3.50324245e-05,0
E01242,0.0006739086966,0
E01243,5.646065969e-05,0
E01244,0.02915168092,0
E01245,0.009723874502,0
E01246,2.109219097e-05,0
E01247,0.0001634156425,0
E01248,9.388825563e-06,0
E01249,0.003202954845,0
E01250,0.9701329175,1
E01251,0.9912304493,1
E01252,0.000647023102,0
E01253,0.001049964238,0
E01254,3.747915707e-05,0
E01255,8.720217335e-05,0
E01256,7.092259524e-05,0
E01257,0.0001606898929,0
E01258,0.0004309671067,0
E01259,0.0001567363756,0
E01260,3.063354153e-05,0
E01261,0.9945587259,1
E01262,0.9435018387,1
E01263,6.16523868e-05,0
E01264,0.3696689077,0
E01265,0.006900873897,0
E01266,0.0002283032292,0
E01267,8.15956478e-05,0
E01268,0.0001037256053,0
E01269,0.000111657424,0
E01270,0.00443773046,0
E01271,0.0001971483421,0
E01272,0.01844788281,0
E01273,0.983966085,1
E01274,0.0002081832921,0
E01275,9.218044196e-05,0
E01276,0.003677372547,0
E01277,8.094438555e-05,0
E01278,2.483481522e-05,0
E01279,0.009588799523,0
E01280,0.0001067375304,0
E01281,0.0008620929377,0
E01282,0.001576770476,0
E01283,0.0003861504316,0
E01284,0.0001344993413,0
E01285,0.002531409318,0
E01286,0.0007800051739,0
E01287,0.001620578966,0
E01288,0.1405400832,0
E01289,0.001547231828,0
E01290,0.0006896151034,0
E01291,0.005616450446,0
E01292,0.0001568113421,0
E01293,0.002958109306,0
E01294,0.0004512401754,0
E01295,0.003272341853,0
E01296,0.003877100624,0
E01297,0.00159246402,0
E01298,0.0004515467911,0
E01299,5.028016441e-05,0
E01300,0.0002295814351,0
E01301,0.001806862733,0
E01302,0.003309620719,0
E01303,0.00470647721,0
E01304,0.004794732991,0
E01305,0.0002307359367,0
E01306,0.000581427317,0
E01307,8.463680037e-05,0
E01308,0.8436074365,1
E01309,0.0002332473985,0
E01310,0.0009471989965,0
E01311,0.6736291545,0
E01312,0.007667549799,0
E01313,0.001324458875,0
E01314,0.0001793945383,0
E01315,3.851598712e-05,0
E01316,0.002734506955,0
E01317,0.0004389376856,0
E01318,0.008139956859,0
E01319,0.06759095822,0
E01320,9.487373217e-05,0
E01321,5.923843344e-05,0
E01322,5.620836217e-05,0
E01323,5.695194726e-05,0
E01324,0.0003978128679,0
E01325,4.244053689e-05,0
E01326,2.530390176e-05,0
E01327,0.303967708,0
E01328,0.0002039055338,0
E01329,0.0002463745842,0
E01330,3.255441221e-05,0
E01331,0.0001287722126,0
E01332,2.076254949e-05,0
E01333,0.001269236073,0
E01334,0.0001016486751,0
E01335,0.0003355513445,0
E01336,9.182082128e-05,0
E01337,4.714632431e-05,0
E01338,0.04148376223,0
E01339,0.0001581018193,0
E01340,0.001501806676,0
E01341,0.001835220751,0
E01342,0.007151882101,0
E01343,2.38173376e-05,0
E01344,0.06889341247,0
E01345,0.007830023068,0
E01346,5.951653707e-05,0
E01347,0.0003788486963,0
E01348,0.00352304984,0
E01349,4.29404059e-05,0
E01350,0.0002936121238,0
E01351,0.000218006054,0
E01352,0.0002005026033,0
E01353,0.4251363997,0
E01354,3.686934047e-05,0
E01355,0.001101610257,0
E01356,0.000569880588,0
E01357,0.0003412010523,0
E01358,0.001156574176,0
E01359,0.5584642007,0
E01360,0.1365276905,0
E01361,0.0001461151523,0
E01362,0.003179137503,0
E01363,0.0001579774569,0
E01364,0.0001530769059,0
E01365,0.9018450402,1
E01366,0.9056340762,1
E01367,0.06352418333,0
E01368,0.005096427565,0
E01369,0.0004751162357,0
E01370,0.0002246986114,0
E01371,0.0002349719299,0
E01372,0.0001815592926,0
E01373,1.922573136e-05,0
E01374,0.0003168333936,0
E01375,0.003599958066,0
E01376,6.097888709e-05,0
E01377,0.02146817289,0
E01378,0.001369326347,0
E01379,0.0006941287353,0
E01380,0.0001638436955,0
E01381,0.000177555717,0
E01382,0.5820437145,0
E01383,3.319359099e-05,0
E01384,0.0003339825804,0
E01385,0.2838770209,0
E01386,0.0003251890837,0
E01387,0.0004215131776,0
E01388,0.8317400697,1
E01389,0.0002829316081,0
E01390,4.034079415e-05,0
E01391,0.0002315238325,0
E01392,0.02804548359,0
E01393,0.07020237056,0
E01394,0.0002320270419,0
E01395,0.001731433393,0
E01396,0.0002424006752,0
E01397,0.001643494371,0
E01398,1.229764418e-05,0
E01399,0.001942485188,0
E01400,5.72578994e-05,0
E01401,0.002604785048,0
E01402,0.0004314715799,0
E01403,0.0001205752146,0
E01404,0.0001475835361,0
E01405,7.190508419e-05,0
E01406,0.0019482068,0
E01407,0.002472884507,0
E01408,0.009909034468,0
E01409,0.6698286515,0
E01410,0.0001012302567,0
E01411,6.710818311e-05,0
E01412,0.0006140264001,0
E01413,0.05349158523,0
E01414,0.0003599721345,0
E01415,5.633974893e-05,0
E01416,0.09776914052,0
E01417,0.0005818428804,0
E01418,0.001965849566,0
E01419,0.03022414823,0
E01420,0.0007123142186,0
E01421,0.0001999991244,0
E01422,0.0007777306217,0
E01423,0.01093906116,0
E01424,0.0009648941206,0
E01425,2.346389958e-05,0
E01426,0.151652176,0
E01427,9.23930087e-05,0
E01428,3.391358124e-05,0
E01429,4.019676031e-05,0
E01430,0.0006341397423,0
E01431,7.583356189e-05,0
E01432,0.003699892597,0
E01433,0.002834924671,0
E01434,0.000693705645,0
E01435,7.937008598e-05,0
E01436,0.4446023582,0
E01437,0.001852894756,0
E01438,0.001288791645,0
E01439,5.227548631e-05,0
E01440,0.007193965245,0
E01441,0.04767314692,0
E01442,0.0008758318031,0
E01443,0.001676443055,0
E01444,0.18638422,0
E01445,0.01749661209,0
E01446,4.313186667e-05,0
E01447,0.588650683,0
E01448,0.0001686267922,0
E01449,0.0002060895491,0
E01450,0.000152680156,0
E01451,0.05115613067,0
E01452,0.000116079414,0
E01453,6.768279858e-05,0
E01454,5.989669341e-05,0
E01455,0.003926877254,0
E01456,0.0004415698476,0
E01457,0.0007717615966,0
E01458,0.0003028109421,0
E01459,0.01734161963,0
E01460,0.006153592788,0
E01461,7.740471803e-05,0
E01462,0.0003078273707,0
E01463,0.0002407686571,0
E01464,0.0005054266672,0
E01465,0.0001593201437,0
E01466,5.002499298e-05,0
E01467,0.01707780871,0
E01468,2.714441007e-05,0
E01469,6.036429675e-05,0
E01470,0.09104357266,0
E01471,2.189772818e-05,0
E01472,0.0008074127003,0
E01473,0.0005872043653,0
E01474,2.325288144e-05,0
E01475,0.5636546566,0
E01476,0.7083631773,0
E01477,0.0003892192112,0
E01478,0.09494648628,0
E01479,4.643236742e-05,0
E01480,0.001478223251,0
E01481,0.000110750078,0
E01482,1.460104249e-05,0
E01483,0.0002523931904,0
E01484,2.468168878e-05,0
E01485,6.253455994e-05,0
E01486,0.8619426122,1
E01487,0.0001721534388,0
E01488,0.0007758473374,0
E01489,0.01419461387,0
E01490,0.0001554621582,0
E01491,0.0551197803,0
E01492,4.156739754e-05,0
E01493,0.001126140462,0
E01494,0.0006898772472,0
E01495,0.0004537339893,0
E01496,9.131425588e-05,0
E01497,0.3310499928,0
E01498,0.001769184678,0
E01499,0.0008045082399,0
E01500,0.7062673387,0
E01501,0.0003436478456,0
E01502,0.0006532725606,0
E01503,0.9268151135,1
E01504,2.445395986e-05,0
E01505,0.00130939831,0
E01506,5.851818179e-05,0
E01507,0.000560584352,0
E01508,0.000635805825,0
E01509,0.0001319066621,0
E01510,0.001769796036,0
E01511,2.544446079e-05,0
E01512,2.081425724e-05,0
E01513,0.0006713765282,0
E01514,0.0003378716569,0
E01515,0.0003460932896,0
E01516,0.007972020746,0
E01517,8.125291972e-05,0
E01518,9.94730244e-05,0
E01519,2.524399103e-05,0
E01520,0.0002575546008,0
E01521,0.0001394015801,0
E01522,0.000211294588,0
E01523,6.375156451e-05,0
E01524,0.002122656335,0
E01525,0.2872094836,0
E01526,4.944076265e-05,0
E01527,8.756403732e-05,0
E01528,7.75512816e-05,0
E01529,0.0003315962979,0
E01530,0.0001006167936,0
E01531,1.038897937e-05,0
E01532,9.085633136e-05,0
E01533,6.986345527e-05,0
E01534,0.0009425297002,0
E01535,0.1995435889,0
E01536,0.04410120971,0
E01537,0.0344326862,0
E01538,2.655532228e-05,0
E01539,0.001961858027,0
E01540,0.001557658875,0
E01541,0.007314873177,0
E01542,0.91388716,1
E01543,0.000346406782,0
E01544,0.01789739813,0
E01545,5.966737838e-05,0
E01546,0.5376080316,0
E01547,4.080920108e-05,0
E01548,3.242204212e-05,0
E01549,0.0006011325982,0
E01550,0.9794612287,1
E01551,0.8000031419,1
E01552,0.0001407012205,0
E01553,4.839444498e-05,0
E01554,0.0009926286055,0
E01555,0.0002842525578,0
E01556,0.0002772226276,0
E01557,0.003152748121,0
E01558,0.0001785770611,0
E01559,0.0003722523113,0
E01560,0.0002130793498,0
E01561,0.0004192003015,0
E01562,0.0001146004266,0
E01563,3.198331388e-05,0
E01564,0.001307547972,0
E01565,0.0002205965321,0
E01566,0.03768737445,0
E01567,0.0001044277938,0
E01568,3.039891485e-05,0
E01569,8.427941181e-05,0
E01570,0.001637392254,0
E01571,0.0001398046095,0
E01572,0.0001542228506,0
E01573,5.132227045e-05,0
E01574,0.0001177827975,0
E01575,0.0001593847003,0
E01576,0.007007891508,0
E01577,0.707966541,0
E01578,0.005892651594,0
E01579,0.1256657798,0
E01580,0.952100796,1
E01581,0.002493960686,0
E01582,0.00323301885,0
E01583,4.176733205e-05,0
E01584,2.307257902e-05,0
E01585,8.271373965e-05,0
E01586,0.8289521162,1
E01587,0.7867576091,0
E01588,3.484766293e-05,0
E01589,0.3198161946,0
E01590,5.431089136e-05,0
E01591,0.01401429475,0
E01592,3.403066728e-05,0
E01593,0.0002987312092,0
E01594,0.008864163148,0
E01595,0.0001079717599,0
E01596,0.005279206622,0
E01597,0.006546501523,0
E01598,5.9187551e-05,0
E01599,9.252608283e-05,0
E01600,0.0001127243472,0
E01601,0.01266800613,0
E01602,0.0009798050389,0
E01603,0.000584820569,0
E01604,3.953847949e-05,0
E01605,0.0006995009162,0
E01606,0.001234061967,0
E01607,0.0001224442381,0
E01608,0.002064923148,0
E01609,0.0002371576647,0
E01610,3.976568254e-05,0
E01611,0.001506031938,0
E01612,0.0004596789271,0
E01613,0.3060630206,0
E01614,0.0003983693561,0
E01615,0.0001065932124,0
E01616,0.0001282811027,0
E01617,0.0002251361701,0
E01618,0.0001271127837,0
E01619,0.0003995830989,0
E01620,0.000883053129,0
E01621,4.655457766e-05,0
E01622,1.812213827e-05,0
E01623,0.00157585493,0
E01624,0.003909016831,0
E01625,0.4610296252,0
E01626,0.4434090684,0
E01627,0.0001417798492,0
E01628,6.904722797e-05,0
E01629,7.98531736e-05,0
E01630,0.0002809867462,0
E01631,5.162239965e-05,0
E01632,3.643392724e-05,0
E01633,0.1710259788,0
E01634,0.8388282199,1
E01635,0.01007181491,0
E01636,0.001105185494,0
E01637,6.152640796e-05,0
E01638,0.004901469893,0
E01639,0.00103606667,0
E01640,0.0002904866924,0
E01641,7.435899471e-05,0
E01642,3.465612658e-05,0
E01643,5.017234723e-05,0
E01644,0.01471989929,0
E01645,0.08048201501,0
E01646,1.322480064e-05,0
E01647,0.01766140502,0
E01648,0.000133653758,0
E01649,0.005245929015,0
E01650,0.0002372437823,0
E01651,5.0926245e-05,0
E01652,0.0001453754078,0
E01653,0.000161879976,0
E01654,0.0001817839478,0
E01655,7.090383843e-05,0
E01656,0.0001051008733,0
E01657,5.631276493e-05,0
E01658,7.548557081e-05,0
E01659,0.03815528824,0
E01660,9.527219828e-05,0
E01661,0.000866133093,0
E01662,0.001927948846,0
E01663,0.005521998515,0
E01664,2.122931178e-05,0
E01665,0.6878778283,0
E01666,0.001538114066,0
E01667,0.01241754429,0
E01668,0.1681000217,0
E01669,0.01161322357,0
E01670,4.336519141e-05,0
E01671,6.608140891e-05,0
E01672,0.000527488795,0
E01673,0.01296283492,0
E01674,0.07562366512,0
E01675,4.66584106e-05,0
E01676,3.263617395e-05,0
E01677,0.0004840858738,0
E01678,0.7967303282,0
E01679,0.9814314343,1
E01680,0.003274074589,0
E01681,0.0003519710819,0
E01682,0.0002461799827,0
E01683,0.2667308405,0
E01684,0.0001189995416,0
E01685,0.001514939662,0
E01686,6.6394866e-05,0
E01687,0.0001469378781,0
E01688,7.931494619e-05,0
E01689,0.0005300772564,0
E01690,4.032674529e-05,0
E01691,9.355292916e-05,0
E01692,5.616455131e-05,0
E01693,6.949499696e-05,0
E01694,0.00124049288,0
E01695,0.001180366587,0
E01696,0.000236505124,0
E01697,0.0002036016361,0
E01698,0.0001267773296,0
E01699,0.03682146558,0
E01700,0.08121242833,0
E01701,0.000408773181,0
E01702,5.048418878e-05,0
E01703,0.0008196664899,0
E01704,0.004473301697,0
E01705,0.0007604690128,0
E01706,9.329856124e-05,0
E01707,6.259943158e-05,0
E01708,0.001144718447,0
E01709,0.001337139573,0
E01710,0.000697224602,0
E01711,7.798250086e-05,0
E01712,0.002406890592,0
E01713,0.04076428983,0
E01714,5.435811923e-05,0
E01715,0.0005670050411,0
E01716,0.0001609095927,0
E01717,0.003408287661,0
E01718,0.005011750925,0
E01719,0.01298695131,0
E01720,0.0021530797,0
E01721,0.0153233209,0
E01722,0.0001711243254,0
E01723,2.114467411e-05,0
E01724,0.0001474946518,0
E01725,6.332143224e-05,0
E01726,0.0006924173244,0
E01727,0.05457002158,0
E01728,0.9801617279,1
E01729,0.004347518902,0
E01730,0.001482892694,0
E01731,0.0001060260509,0
E01732,0.000189117227,0
E01733,0.0005896074107,0
E01734,0.0001518220462,0
E01735,0.491139055,0
E01736,0.0001205856125,0
E01737,0.0001529384236,0
E01738,7.56883618e-05,0
E01739,0.0002423734967,0
E01740,0.001777801275,0
E01741,0.01518239238,0
E01742,2.32813578e-05,0
E01743,2.472648145e-05,0
E01744,1.428470798e-05,0
E01745,0.0005654797447,0
E01746,8.940045733e-05,0
E01747,0.003013019136,0
E01748,0.002938893202,0
E01749,3.629949463e-05,0
E01750,0.009356858729,0
E01751,8.416340956e-05,0
E01752,4.008320904e-05,0
E01753,0.00336337307,0
E01754,7.405893852e-05,0
E01755,3.678207447e-05,0
E01756,0.000128873029,0
E01757,0.9764082262,1
E01758,0.0006509181888,0
E01759,0.0008032063491,0
E01760,0.02359785855,0
E01761,0.05987123466,0
E01762,0.002177989756,0
E01763,4.662754547e-05,0
E01764,0.461192954,0
E01765,8.387136585e-05,0
E01766,0.0005080118001,0
E01767,0.5551133555,0
E01768,3.265649196e-05,0
E01769,0.0006402959606,0
E01770,0.1637810259,0
E01771,0.0750824412,0
E01772,0.688260925,0
E01773,0.02176850243,0
E01774,1.834760716e-05,0
E01775,7.134638417e-05,0
E01776,0.0001680604994,0
E01777,0.00471428576,0
E01778,1.960621729e-05,0
E01779,0.08979300691,0
E01780,0.3625024961,0
E01781,0.7499450979,0
E01782,0.06053390612,0
E01783,0.8688189725,1
E01784,0.9969646749,1
E01785,0.001322301566,0
E01786,0.2782138966,0
E01787,0.0002169883524,0
E01788,0.03626187098,0
E01789,0.006045885845,0
E01790,0.0003040919768,0
E01791,0.0001043045698,0
E01792,9.489093865e-05,0
E01793,5.700168619e-05,0
E01794,0.001588825095,0
E01795,0.0001295300241,0
E01796,0.5307933761,0
E01797,0.01671244362,0
E01798,5.195831962e-05,0
E01799,0.0001648796864,0
E01800,5.034674315e-05,0
E01801,0.0001889292543,0
E01802,5.170137821e-05,0
E01803,0.00301270197,0
E01804,0.002297991202,0
E01805,0.008650154894,0
E01806,0.9722492703,1
E01807,0.00743022041,0
E01808,0.002489142131,0
E01809,5.142926491e-05,0
E01810,0.01227047521,0
E01811,0.002306712089,0
E01812,0.003798900953,0
E01813,3.48058283e-05,0
E01814,7.69026914e-05,0
E01815,0.0002070704904,0
E01816,0.001473286896,0
E01817,0.0003864876435,0
E01818,0.002882613468,0
E01819,0.04394773873,0
E01820,0.001298161291,0
E01821,0.3348474845,0
E01822,0.003022101461,0
E01823,0.09766333434,0
E01824,0.002551875209,0
E01825,0.0017208638,0
E01826,0.001426543031,0
E01827,2.234746158e-05,0
E01828,2.636711517e-05,0
E01829,0.001148525386,0
E01830,1.863205156e-05,0
E01831,0.0004382468594,0
E01832,0.02590970323,0
E01833,0.001403272676,0
E01834,0.8835699075,1
E01835,0.0004706632732,0
E01836,8.787291747e-05,0
E01837,0.01402893358,0
E01838,0.000195299798,0
E01839,8.062516915e-05,0
E01840,0.2164385411,0
E01841,0.9381432848,1
E01842,0.006765608991,0
E01843,0.0001417175122,0
E01844,3.701205916e-05,0
E01845,0.002206127878,0
E01846,0.0001139590022,0
E01847,2.424676055e-05,0
E01848,9.550072618e-05,0
E01849,0.8868346178,1
E01850,0.003712629647,0
E01851,0.0001135288865,0
E01852,4.073111151e-05,0
E01853,0.0003643918376,0
E01854,0.0001948625787,0
E01855,0.0008844589291,0
E01856,0.956760724,1
E01857,0.0008460987167,0
E01858,0.01082303076,0
E01859,0.006400783373,0
E01860,2.588624779e-05,0
E01861,0.02118564465,0
E01862,0.1153741916,0
E01863,0.1168172124,0
E01864,2.167896034e-05,0
E01865,5.240519306e-05,0
E01866,0.0001980252485,0
E01867,3.384864747e-05,0
E01868,0.001964876411,0
E01869,0.0007800296285,0
E01870,0.0001899357745,0
E01871,0.002779158949,0
E01872,0.001441989274,0
E01873,0.06267019885,0
E01874,0.0003169477733,0
E01875,0.004200435617,0
E01876,0.000769752236,0
E01877,0.01895919234,0
E01878,0.0005632508388,0
E01879,0.0001939998441,0
E01880,7.121468137e-05,0
E01881,0.0002182978217,0
E01882,0.000424981215,0
E01883,2.322941024e-05,0
E01884,0.004728429611,0
E01885,0.0002738674894,0
E01886,0.002449071834,0
E01887,0.01045437845,0
E01888,9.865757835e-05,0
E01889,1.617103414e-05,0
E01890,0.00016549034,0
E01891,0.9859514401,1
E01892,0.002255742286,0
E01893,4.182559625e-05,0
E01894,0.08188576891,0
E01895,0.000201933157,0
E01896,0.01693560056,0
E01897,6.815733007e-05,0
E01898,0.8526100276,1
E01899,0.000115904127,0
E01900,0.00014802963,0
E01901,7.17148578e-05,0
E01902,0.001155289538,0
E01903,0.0290965318,0
E01904,0.0001009247703,0
E01905,0.001142340273,0
E01906,0.0001772215064,0
E01907,0.0002788133219,0
E01908,0.006564686944,0
E01909,0.001128534354,0
E01910,0.0002462260158,0
E01911,0.01499786671,0
E01912,0.0002633253415,0
E01913,0.005287437966,0
E01914,0.0001592176903,0
E01915,4.344934943e-05,0
E01916,0.002587156915,0
E01917,0.000421537232,0
E01918,0.0001500646336,0
E01919,6.758268633e-05,0
E01920,4.545927024e-05,0
E01921,0.001039062732,0
E01922,3.079415309e-05,0
E01923,0.0001676406409,0
E01924,0.0001123175163,0
E01925,3.58086014e-05,0
E01926,0.0001399556858,0
E01927,5.417306706e-05,0
E01928,0.00024013925,0
E01929,4.486787641e-05,0
E01930,0.1629820835,0
E01931,0.001884480552,0
E01932,0.000223229285,0
E01933,3.53552083e-05,0
E01934,4.434349915e-05,0
E01935,3.362292547e-05,0
E01936,0.001484181895,0
E01937,0.0007802093777,0
E01938,0.00047471445,0
E01939,3.183381107e-05,0
E01940,6.253687093e-05,0
E01941,5.199478505e-05,0
E01942,0.0001245380666,0
E01943,0.0007968163703,0
E01944,3.414445665e-05,0
E01945,0.2304090184,0
E01946,0.0001034742524,0
E01947,3.606646229e-05,0
E01948,0.001781740054,0
E01949,8.342534096e-05,0
E01950,6.9440773e-05,0
E01951,3.163591153e-05,0
E01952,0.2080761989,0
E01953,0.0308604129,0
E01954,7.485185398e-05,0
E01955,0.0001694891404,0
E01956,0.0001289506608,0
E01957,8.12523017e-05,0
E01958,4.908416334e-05,0
E01959,2.641366964e-05,0
E01960,0.000724437462,0
E01961,0.2759940156,0
E01962,0.004314405502,0
E01963,0.8723888536,1
E01964,5.313579451e-05,0
E01965,6.188910858e-05,0
E01966,0.0001027314996,0
E01967,5.22259891e-05,0
E01968,0.0001246651439,0
E01969,0.001389315519,0
E01970,8.1264207e-05,0
E01971,0.0003675381555,0
E01972,0.0213392663,0
E01973,0.0004726657035,0
E01974,0.0003306428685,0
E01975,0.0002382160592,0
E01976,0.05067852144,0
E01977,0.001459822034,0
E01978,0.9239095549,1
E01979,8.483141642e-05,0
E01980,0.0003976653513,0
E01981,7.386172446e-05,0
E01982,0.001257484815,0
E01983,1.367292718e-05,0
E01984,0.0001704754483,0
E01985,0.0001027277583,0
E01986,0.0005474628802,0
E01987,0.01592869206,0
E01988,0.0004687285544,0
E01989,0.001365807972,0
E01990,0.003043683038,0
E01991,0.0003813594461,0
E01992,0.00434682023,0
E01993,0.0008081974762,0
E01994,0.0004143594866,0
E01995,0.001035670287,0
E01996,0.001124134148,0
E01997,0.0005981041724,0
E01998,0.0004830636125,0
E01999,1.889511404e-05,0
E02000,0.0001038742422,0
E02001,1.012998121e-05,0
E02002,5.387981908e-05,0
E02003,0.0001876709855,0
E02004,2.624484651e-05,0
E02005,0.0001276833562,0
E02006,7.153061638e-05,0
E02007,0.0006797104797,0
E02008,0.0003388957644,0
E02009,0.0001919873244,0
E02010,6.282354581e-05,0
E02011,0.002119423327,0
E02012,0.2520271682,0
E02013,0.005563526297,0
E02014,0.0005022699449,0
E02015,0.0007184589528,0
E02016,0.8054927722,1
E02017,0.0002687891686,0
E02018,1.508530522e-05,0
E02019,0.0003484714253,0
E02020,0.9927947287,1
E02021,0.0002943692227,0
E02022,0.005211717431,0
E02023,0.9946784273,1
E02024,0.01500275101,0
E02025,0.0003454369157,0
E02026,0.01019517813,0
E02027,0.0001503577121,0
E02028,0.04519664852,0
E02029,0.003677644406,0
E02030,0.3825218689,0
E02031,0.0001270611077,0
E02032,0.004493208133,0
E02033,0.004040151949,0
E02034,0.0002057482772,0
E02035,0.001805013548,0
E02036,0.2377279193,0
E02037,0.0001359163864,0
E02038,0.5389344347,0
E02039,0.9386209455,1
E02040,5.480838071e-05,0
E02041,5.655587679e-05,0
E02042,0.0001105563459,0
E02043,0.4211160101,0
E02044,4.078747319e-05,0
E02045,4.82190158e-05,0
E02046,0.002350240818,0
E02047,0.07120698125,0
E02048,0.003899980696,0
E02049,0.0001523917733,0
E02050,0.0001131897755,0
E02051,0.002457575019,0
E02052,0.004023513882,0
E02053,0.01133729893,0
E02054,0.0004226806377,0
E02055,4.272306634e-05,0
E02056,0.0006154293972,0
E02057,0.000210684062,0
E02058,0.0003790833141,0
E02059,3.491755521e-05,0
E02060,0.000843908385,0
E02061,0.002319628318,0
E02062,0.0005060362774,0
E02063,0.0002062907081,0
E02064,0.002756428742,0
E02065,0.002096528199,0
E02066,0.001542787987,0
E02067,0.003025247426,0
E02068,0.005049338317,0
E02069,0.006497997128,0
E02070,2.36254208e-05,0
E02071,2.301210981e-05,0
E02072,5.228722052e-05,0
E02073,2.505582768e-05,0
E02074,0.9900329525,1
E02075,0.9853777005,1
E02076,1.76789029e-05,0
E02077,0.007230009917,0
E02078,0.0001051211129,0
E02079,6.502409834e-05,0
E02080,0.0002359603521,0
E02081,0.0004946443327,0
E02082,0.0002348597935,0
E02083,0.0007554722075,0
E02084,5.91493393e-05,0
E02085,0.09123253665,0
E02086,0.2640002519,0
E02087,0.0001588585992,0
E02088,0.2846826811,0
E02089,0.01408210814,0
E02090,0.0002132682289,0
E02091,7.977690851e-05,0
E02092,0.06504962867,0
E02093,0.1927521503,0
E02094,0.007276570659,0
E02095,0.002300705593,0
E02096,0.6142216075,0
E02097,0.001020996659,0
E02098,3.372641659e-05,0
E02099,3.828714972e-05,0
E02100,0.0009224868026,0
E02101,9.891800626e-05,0
E02102,5.124097846e-05,0
E02103,0.1045060384,0
E02104,0.01845203127,0
E02105,0.001561793468,0
E02106,0.001921488497,0
E02107,0.4701145771,0
E02108,0.0008754187868,0
E02109,0.01142766812,0
E02110,9.96537006e-05,0
E02111,0.001330194461,0
E02112,0.0001233433496,0
E02113,0.0003713577041,0
E02114,0.0001089495827,0
E02115,0.00038387356,0
E02116,0.0001555674782,0
E02117,0.002000728287,0
E02118,0.0008056431018,0
E02119,0.0005942177117,0
E02120,0.004157382627,0
E02121,0.8996525187,1
E02122,0.0004922008306,0
E02123,0.0001231905805,0
E02124,8.927817231e-05,0
E02125,0.04255616745,0
E02126,0.04162970892,0
E02127,6.934616426e-05,0
E02128,0.008079134533,0
E02129,3.255682715e-05,0
E02130,2.365385192e-05,0
E02131,0.0001883733666,0
E02132,0.0001330319198,0
E02133,0.002439608178,0
E02134,0.9952662073,1
E02135,2.680614903e-05,0
E02136,0.0001864817837,0
E02137,0.00012062747,0
E02138,2.609998016e-05,0
E02139,0.06322806981,0
E02140,8.179890159e-05,0
E02141,8.016310239e-05,0
E02142,3.656799373e-05,0
E02143,0.0001209492543,0
E02144,0.1062788734,0
E02145,1.712615111e-05,0
E02146,0.1543954719,0
E02147,0.0006952625679,0
E02148,5.933146737e-05,0
E02149,0.0004404974796,0
E02150,0.1650271526,0
E02151,0.01635308855,0
E02152,0.0001916647027,0
E02153,0.005364416018,0
E02154,0.0007141603594,0
E02155,0.0005649228926,0
E02156,0.0001165594246,0
E02157,0.005226673454,0
E02158,0.002399572635,0
E02159,0.0007839700541,0
E02160,0.0001719424047,0
E02161,0.0006689877857,0
E02162,0.0002689777538,0
E02163,3.145098518e-05,0
E02164,0.05102100825,0
E02165,3.413733793e-05,0
E02166,7.18932534e-05,0
E02167,2.831013702e-05,0
E02168,0.01489854563,0
E02169,0.001779625231,0
E02170,0.06374946345,0
E02171,0.0007050975648,0
E02172,0.852958855,1
E02173,0.001587288541,0
E02174,0.00573651588,0
E02175,2.542793553e-05,0
E02176,2.466264671e-05,0
E02177,0.0001210525629,0
E02178,5.04049944e-05,0
E02179,0.01579966765,0
E02180,0.6855972033,0
E02181,3.865838762e-05,0
E02182,0.0008316166187,0
E02183,0.03872231807,0
E02184,0.01301126345,0
E02185,0.1618832873,0
E02186,0.0002086392733,0
E02187,0.000371302623,0
E02188,0.0001656220656,0
E02189,4.108529853e-05,0
E02190,0.0001797240667,0
E02191,7.319618808e-05,0
E02192,0.006965469866,0
E02193,6.092320318e-05,0
E02194,0.009262667021,0
E02195,0.0001813213416,0
E02196,0.0004411996281,0
E02197,0.001642983977,0
E02198,0.001217148026,0
E02199,0.0007863521317,0
E02200,0.0005327013646,0
E02201,1.046136473e-05,0
E02202,0.0008497579158,0
E02203,5.456219968e-05,0
E02204,0.0001310865155,0
E02205,0.7042596959,0
E02206,0.000149251443,0
E02207,0.006486907031,0
E02208,7.392601582e-05,0
E02209,0.0001753945148,0
E02210,0.2499455497,0
E02211,0.119813194,0
E02212,0.0001822118873,0
E02213,0.0009041462587,0
E02214,0.9845087501,1
E02215,0.9284250126,1
E02216,0.9093454243,1
E02217,0.8173842399,1
E02218,0.001694573656,0
E02219,0.003150669432,0
E02220,8.87000267e-05,0
E02221,0.0001047867949,0
E02222,0.0001223246946,0
E02223,0.004270309619,0
E02224,0.001932018022,0
E02225,0.001711391884,0
E02226,0.0001734028317,0
E02227,0.000232543127,0
E02228,0.0006990256494,0
E02229,5.704527889e-05,0
E02230,0.0002648876233,0
E02231,7.0264091e-05,0
E02232,3.059537865e-05,0
E02233,9.932492127e-05,0
E02234,0.02658162161,0
E02235,0.1323463198,0
E02236,0.5001342404,0
E02237,0.022903617,0
E02238,0.001370248233,0
E02239,0.04275839664,0
E02240,4.199128546e-05,0
E02241,0.0001449539662,0
E02242,0.0003651484599,0
E02243,6.727307772e-05,0
E02244,4.999360631e-05,0
E02245,0.001417659232,0
E02246,0.001124023622,0
E02247,0.0004821308172,0
E02248,7.373716842e-05,0
E02249,3.612671058e-05,0
E02250,0.000695515835,0
E02251,0.008824821643,0
E02252,9.113592547e-05,0
E02253,5.238292894e-05,0
E02254,0.9019026741,1
E02255,0.1252301205,0
E02256,0.00342693959,0
E02257,0.0001659062006,0
E02258,0.8291266161,1
E02259,0.0001511937478,0
E02260,0.0148815691,0
E02261,0.002032197099,0
E02262,0.005153616315,0
E02263,0.01764091879,0
E02264,4.045621031e-05,0
E02265,0.0006994396846,0
E02266,0.0001918770106,0
E02267,7.759125308e-05,0
E02268,0.0005505116765,0
E02269,0.00422273639,0
E02270,2.482356596e-05,0
E02271,7.554372909e-05,0
E02272,0.0007080140811,0
E02273,0.9839318272,1
E02274,0.4317593403,0
E02275,0.0005972891865,0
E02276,0.0008157013964,0
E02277,0.002465626772,0
E02278,0.001768114093,0
E02279,6.39014046e-05,0
E02280,0.0001162686518,0
E02281,2.393961106e-05,0
E02282,0.0004255421429,0
E02283,3.71528249e-05,0
E02284,0.000553359953,0
E02285,0.0072494225,0
E02286,3.698793282e-05,0
E02287,0.006863535868,0
E02288,0.004005618247,0
E02289,0.001299978314,0
E02290,0.0001038952622,0
E02291,0.0005909143589,0
E02292,0.6376205101,0
E02293,0.004942058401,0
E02294,0.0007250232852,0
E02295,0.0003289225579,0
E02296,0.9425849415,1
E02297,0.0001075805324,0
E02298,0.1493271512,0
E02299,2.694522975e-05,0
E02300,8.856866402e-05,0
E02301,0.0001181082097,0
E02302,0.0004088374487,0
E02303,0.02525351981,0
E02304,6.393314726e-05,0
E02305,0.9908336505,1
E02306,6.59779408e-05,0
E02307,3.069553715e-05,0
E02308,0.0001036667609,0
E02309,9.94426042e-05,0
E02310,8.059337867e-05,0
E02311,3.900452456e-05,0
E02312,7.727781921e-05,0
E02313,0.000525021848,0
E02314,0.0003632399079,0
E02315,3.59860151e-05,0
E02316,0.980404967,1
E02317,2.915130306e-05,0
E02318,0.0003561878211,0
E02319,0.0001278425513,0
E02320,0.0001818622721,0
E02321,1.627418234e-05,0
E02322,0.00020181819,0
E02323,0.0004430707797,0
E02324,4.357276727e-05,0
E02325,0.003401841323,0
E02326,0.0001747101464,0
E02327,0.8535564894,1
E02328,4.890582753e-05,0
E02329,0.0002483313411,0
E02330,0.0001564197935,0
E02331,0.0008244676464,0
E02332,0.3405976518,0
E02333,0.2750554717,0
E02334,3.506443199e-05,0
E02335,0.001489105037,0
E02336,0.0001612972129,0
E02337,0.001505905732,0
E02338,1.655547892e-05,0
E02339,6.049744285e-05,0
E02340,0.0004397740832,0
E02341,0.0002054729066,0
E02342,2.60505064e-05,0
E02343,0.00140137012,0
E02344,0.0004099635903,0
E02345,0.829060978,1
E02346,0.005366201261,0
E02347,0.002210745417,0
E02348,0.0005732283283,0
E02349,0.03237357586,0
E02350,0.7683684801,0
E02351,0.03146483676,0
E02352,0.002778768998,0
E02353,0.00295535985,0
E02354,0.0008189692933,0
E02355,0.0002320162638,0
E02356,0.0008334525042,0
E02357,0.0001443372521,0
E02358,2.99217913e-05,0
E02359,0.1162055965,0
E02360,0.001270024508,0
E02361,0.0006668311689,0
E02362,0.0008830582335,0
E02363,0.0003260436936,0
E02364,6.837051803e-05,0
E02365,8.990958878e-05,0
E02366,0.006880844664,0
E02367,0.002406822513,0
E02368,7.905798501e-05,0
E02369,6.918916838e-05,0
E02370,0.0002985569542,0
E02371,0.0003326724074,0
E02372,0.01404349892,0
E02373,0.000270082057,0
E02374,0.7172985189,0
E02375,0.0001920352921,0
E02376,0.07137076598,0
E02377,0.7253235013,0
E02378,0.001296549559,0
E02379,0.002368136931,0
E02380,0.001815155927,0
E02381,9.845931415e-05,0
E02382,1.998502071e-05,0
E02383,2.350036576e-05,0
E02384,1.938064895e-05,0
E02385,0.0009532084329,0
E02386,0.0008378386665,0
E02387,9.297871175e-05,0
E02388,0.0002678634842,0
E02389,0.0001028287242,0
E02390,0.004507043309,0
E02391,0.0003419952778,0
E02392,0.007113469597,0
E02393,0.0005459432147,0
E02394,0.03404721569,0
E02395,0.001787198951,0
E02396,0.02338549237,0
E02397,3.586920307e-05,0
E02398,7.54580842e-05,0
E02399,4.687741601e-05,0
E02400,9.761409997e-05,0
E02401,0.01767309506,0
E02402,3.907799252e-05,0
E02403,0.0002838127335,0
E02404,0.0002356589048,0
E02405,9.445213822e-05,0
E02406,4.839896147e-05,0
E02407,0.0003066715466,0
E02408,0.0008787041034,0
E02409,0.00970569617,0
E02410,0.001326263988,0
E02411,0.0002546959308,0
E02412,0.0003822236882,0
E02413,8.279171486e-05,0
E02414,4.727573922e-05,0
E02415,0.0004043982877,0
E02416,0.0001137383466,0
E02417,1.541539765e-05,0
E02418,4.710316155e-05,0
E02419,0.4407478042,0
E02420,0.003439190201,0
E02421,0.0001867185929,0
E02422,0.04009864518,0
E02423,0.06601625264,0
E02424,0.3142488784,0
E02425,0.9964127096,1
E02426,0.002631672679,0
E02427,1.849679617e-05,0
E02428,2.763386919e-05,0
E02429,0.002477113844,0
E02430,0.9508264433,1
E02431,0.006605168599,0
E02432,0.02691713743,0
E02433,2.342998019e-05,0
E02434,0.001366939281,0
E02435,5.790882006e-05,0
E02436,0.118681814,0
E02437,0.01545553059,0
E02438,0.006340182491,0
E02439,0.01931359316,0
E02440,0.0005808577456,0
E02441,0.005978346962,0
E02442,0.7256192382,0
E02443,5.496159707e-05,0
E02444,0.0001559840984,0
E02445,2.49543314e-05,0
E02446,7.016184125e-05,0
E02447,5.974880156e-05,0
E02448,0.0004951245798,0
E02449,4.808748752e-05,0
E02450,0.0001458293888,0
E02451,0.09100766063,0
E02452,0.02360625402,0
E02453,0.0009351453599,0
E02454,0.001279123081,0
E02455,0.001334365475,0
E02456,0.0004803802899,0
E02457,0.001546624009,0
E02458,0.0114761965,0
E02459,0.0003616378169,0
E02460,0.0004039651447,0
E02461,8.705284884e-05,0
E02462,0.0001533313931,0
E02463,1.690227235e-05,0
E02464,0.0005591853704,0
E02465,0.003949432777,0
E02466,0.0008689946041,0
E02467,0.0003860606843,0
E02468,0.003437197466,0
E02469,0.007572766304,0
E02470,4.378929436e-05,0
E02471,0.0001707728866,0
E02472,0.0001110473431,0
E02473,0.01233354985,0
E02474,0.008350316791,0
E02475,0.002699107138,0
E02476,7.000932827e-05,0
E02477,3.355020517e-05,0
E02478,1.293076989e-05,0
E02479,5.428500911e-05,0
E02480,3.859390158e-05,0
E02481,1.783686934e-05,0
E02482,0.001136676106,0
E02483,0.003197146097,0
E02484,0.9644192607,1
E02485,0.0502994273,0
E02486,0.0001681941449,0
E02487,7.560177423e-05,0
E02488,0.0002821196364,0
E02489,0.739619275,0
E02490,0.3756868387,0
E02491,0.02855529073,0
E02492,0.02814457553,0
E02493,0.09784434145,0
E02494,0.003314687334,0
E02495,0.001475227088,0
E02496,0.000111972891,0
E02497,8.807022894e-05,0
E02498,0.0008932125995,0
E02499,0.1177993736,0
E02500,0.0001619272145,0
E02501,0.01874767839,0
E02502,3.371573851e-05,0
E02503,0.003750058177,0
E02504,3.93319805e-05,0
E02505,0.0004303832157,0
E02506,0.0001988981928,0
E02507,7.877441719e-05,0
E02508,0.0001302153491,0
E02509,0.0002663435208,0
E02510,9.192808498e-05,0
E02511,2.913421599e-05,0
E02512,0.002368147752,0
E02513,0.001929505983,0
E02514,3.161438142e-05,0
E02515,0.0004309271087,0
E02516,0.003580623517,0
E02517,0.003865028883,0
E02518,7.775934755e-05,0
E02519,0.000255397079,0
E02520,0.0001865702215,0
E02521,0.0005913813972,0
E02522,0.0001842217976,0
E02523,0.9275482991,1
E02524,0.00584700644,0
E02525,0.0001601937864,0
E02526,6.533027128e-05,0
E02527,0.01844117154,0
E02528,0.000314104321,0
E02529,0.0002843648775,0
E02530,9.417478983e-05,0
E02531,5.987997404e-05,0
E02532,6.925560402e-05,0
E02533,0.0004317393253,0
E02534,3.617288917e-05,0
E02535,0.002179673957,0
E02536,1.576969137e-05,0
E02537,8.360557099e-05,0
E02538,0.0001491506722,0
E02539,0.0001366100897,0
E02540,0.0001516531385,0
E02541,0.0004567506818,0
E02542,8.246430486e-05,0
E02543,0.0009307012209,0
E02544,0.0003507274086,0
E02545,0.0008052197116,0
E02546,0.05590391751,0
E02547,0.001476230212,0
E02548,0.000125704801,0
E02549,0.001299553729,0
E02550,9.545851891e-05,0
E02551,0.0004958941314,0
E02552,6.908605743e-05,0
E02553,0.0001951691748,0
E02554,0.0006328014196,0
E02555,0.0001786496191,0
E02556,0.0001826213243,0
E02557,0.001395232471,0
E02558,0.000181277349,0
E02559,0.0030265973,0
E02560,0.0003014446304,0
E02561,0.3584056956,0
E02562,0.0007881470325,0
E02563,4.094201695e-05,0
E02564,0.4170642925,0
E02565,4.49506575e-05,0
E02566,1.891104901e-05,0
E02567,0.5025374768,0
E02568,0.0003212041159,0
E02569,2.183068585e-05,0
E02570,0.01869231958,0
E02571,0.0007673226101,0
E02572,3.945031525e-05,0
E02573,8.402966641e-05,0
E02574,0.002403024079,0
E02575,0.0001332462615,0
E02576,0.0006035628256,0
E02577,9.17783604e-05,0
E02578,0.0001712530622,0
E02579,4.272734769e-05,0
E02580,0.0001631385191,0
E02581,4.149786468e-05,0
E02582,6.005205202e-05,0
E02583,0.0006450663906,0
E02584,4.641184453e-05,0
E02585,2.682254838e-05,0
E02586,0.0007508256928,0
E02587,0.001120509252,0
E02588,0.1153991819,0
E02589,0.0005449811017,0
E02590,0.0005435477577,0
E02591,0.01925765764,0
E02592,5.83058077e-05,0
E02593,0.1089275414,0
E02594,0.0003383700619,0
E02595,0.2036547616,0
E02596,0.02827119613,0
E02597,0.0002493172669,0
E02598,9.080165569e-05,0
E02599,0.01922432506,0
E02600,0.000573773836,0
E02601,0.0002626075102,0
E02602,1.901539288e-05,0
E02603,0.004633108471,0
E02604,0.0006500285613,0
E02605,4.631457453e-05,0
E02606,0.0003518862953,0
E02607,0.0001510327085,0
E02608,0.031330457,0
E02609,0.1406828629,0
E02610,0.0001008961316,0
E02611,0.0007826179849,0
E02612,0.0008205450808,0
E02613,0.03335905966,0
E02614,1.651627958e-05,0
E02615,9.166700713e-05,0
E02616,0.9180069859,1
E02617,0.0004128603662,0
E02618,0.001696768012,0
E02619,0.004661596365,0
E02620,0.0002908596935,0
E02621,0.998509027,1
E02622,0.03339796642,0
E02623,0.1030414887,0
E02624,0.002748431023,0
E02625,9.262064169e-05,0
E02626,0.001026334501,0
E02627,0.9655700629,1
E02628,3.454282058e-05,0
E02629,0.0003176017893,0
E02630,0.01091233764,0
E02631,0.0008196739524,0
E02632,7.503647061e-05,0
E02633,0.006868436844,0
E02634,6.638899012e-05,0
E02635,0.004644148129,0
E02636,0.4242591065,0
E02637,0.001896908572,0
E02638,6.326359511e-05,0
E02639,0.188820579,0
E02640,0.160231761,0
E02641,0.05241282322,0
E02642,0.001091623365,0
E02643,0.9666962602,1
E02644,0.806309118,1
E02645,0.007002188156,0
E02646,0.2192052638,0
E02647,0.001379441526,0
E02648,0.001005087268,0
E02649,0.0008911937941,0
E02650,3.133440734e-05,0
E02651,0.002868638991,0
E02652,0.0002610964937,0
E02653,3.791291893e-05,0
E02654,0.0002802169896,0
E02655,0.01123366233,0
E02656,0.00200115935,0
E02657,0.0004571076254,0
E02658,2.535424419e-05,0
E02659,0.0001113541111,0
E02660,3.874755479e-05,0
E02661,0.002414507368,0
E02662,0.005108428364,0
E02663,0.0001410639853,0
E02664,0.003306364731,0
E02665,0.0001645999394,0
E02666,3.700228391e-05,0
E02667,0.0001297614749,0
E02668,5.313449585e-05,0
E02669,0.8414524107,1
E02670,8.895228173e-05,0
E02671,6.544167401e-05,0
E02672,0.07588870833,0
E02673,0.7429646025,0
E02674,0.001712713026,0
E02675,0.00026208252,0
E02676,5.34621898e-05,0
E02677,0.000238907009,0
E02678,2.999743019e-05,0
E02679,4.27921818e-05,0
E02680,4.80585351e-05,0
E02681,1.53367451e-05,0
E02682,1.901701842e-05,0
E02683,3.650162745e-05,0
E02684,0.00122247192,0
E02685,0.001016050811,0
E02686,0.0902819654,0
E02687,0.0005634034402,0
E02688,6.841168143e-05,0
E02689,9.799574796e-05,0
E02690,0.0005318896171,0
E02691,0.0001495331783,0
E02692,0.3038399534,0
E02693,5.450823322e-05,0
E02694,4.680826371e-05,0
E02695,5.677393701e-05,0
E02696,2.610338285e-05,0
E02697,0.0001932524865,0
E02698,0.000383458225,0
E02699,2.317655448e-05,0
E02700,0.003929656958,0
E02701,0.0009338644057,0
E02702,3.155030267e-05,0
E02703,0.00969717549,0
E02704,0.2891351923,0
E02705,0.0006694549504,0
E02706,4.819968117e-05,0
E02707,3.734566431e-05,0
E02708,0.0001509612301,0
E02709,0.0001814331843,0
E02710,0.05518195989,0
E02711,0.04425766885,0
E02712,0.001135210092,0
E02713,8.491828739e-05,0
E02714,0.995278755,1
E02715,0.0004203693506,0
E02716,0.005505964458,0
E02717,0.01620398453,0
E02718,0.001014415942,0
E02719,0.0008663340188,0
E02720,0.0001427529016,0
E02721,0.0002571080792,0
E02722,0.0005198301409,0
E02723,0.000251246759,0
E02724,3.109130421e-05,0
E02725,8.967441124e-05,0
E02726,0.1231446061,0
E02727,0.0001529449937,0
E02728,0.04286120314,0
E02729,0.0009252874444,0
E02730,0.9970751685,1
E02731,8.659576846e-05,0
E02732,0.004894772926,0
E02733,0.0007446288644,0
E02734,0.00128384858,0
E02735,0.002935632917,0
E02736,0.0001066226661,0
E02737,0.008902988769,0
E02738,0.0002006187458,0
E02739,0.004024787255,0
E02740,0.02359148503,0
E02741,0.163565187,0
E02742,7.07661052e-05,0
E02743,2.191002805e-05,0
E02744,0.0002036396206,0
E02745,7.480684178e-05,0
E02746,0.01671763202,0
E02747,0.0003083792202,0
E02748,4.183340787e-05,0
E02749,0.0005784517192,0
E02750,7.153531892e-05,0
E02751,0.0001128509438,0
E02752,4.338387568e-05,0
E02753,0.001221160118,0
E02754,6.242568951e-05,0
E02755,6.461938479e-05,0
E02756,3.049010035e-05,0
E02757,0.0003015004271,0
E02758,5.117930331e-05,0
E02759,0.0003520557645,0
E02760,3.680795689e-05,0
E02761,0.0001369729078,0
E02762,0.002047540441,0
E02763,0.004650933365,0
E02764,4.54328068e-05,0
E02765,8.507814129e-05,0
E02766,0.001589042039,0
E02767,8.893216803e-05,0
E02768,3.637700086e-05,0
E02769,0.07773512277,0
E02770,0.01156036974,0
E02771,0.005662918572,0
E02772,8.929761284e-05,0
E02773,0.001179041231,0
E02774,0.001697401041,0
E02775,0.0001136669419,0
E02776,0.0003754359657,0
E02777,0.9300662082,1
E02778,0.0001640661832,0
E02779,3.048981307e-05,0
E02780,9.027547067e-05,0
E02781,0.0001726333045,0
E02782,0.0005790795648,0
E02783,0.0002340071738,0
E02784,0.004304951842,0
E02785,6.297519815e-05,0
E02786,0.9959358266,1
E02787,5.918779483e-05,0
E02788,0.05000732785,0
E02789,0.006260562215,0
E02790,0.006509084629,0
E02791,0.0001718013002,0
E02792,0.0004829852803,0
E02793,0.001710415467,0
E02794,2.534496901e-05,0
E02795,0.0003170556295,0
E02796,0.9316832296,1
E02797,0.5286500816,0
E02798,6.430508662e-05,0
E02799,0.03222775966,0
E02800,0.001187723316,0
E02801,7.968169332e-05,0
E02802,9.20485863e-05,0
E02803,3.819913926e-05,0
E02804,0.7837346239,0
E02805,0.2490291756,0
E02806,7.304391815e-05,0
E02807,0.0005253105515,0
E02808,0.002579718923,0
E02809,0.1443712256,0
E02810,0.02322573412,0
E02811,0.0001741176641,0
E02812,0.01362148447,0
E02813,0.003160731389,0
E02814,0.001036715187,0
E02815,2.712099281e-05,0
E02816,0.0003258605923,0
E02817,0.001250074373,0
E02818,0.0001487457067,0
E02819,0.0001789392537,0
E02820,0.01238732499,0
E02821,0.0006812652816,0
E02822,0.006835481164,0
E02823,0.0003576110813,0
E02824,0.0001740632635,0
E02825,1.60552019e-05,0
E02826,0.0002970428832,0
E02827,0.001553626608,0
E02828,0.03171975249,0
E02829,0.9623177745,1
E02830,0.983903876,1
E02831,0.5773074496,0
E02832,0.0001700557678,0
E02833,0.000191573042,0
E02834,0.0007330003881,0
E02835,0.001177886215,0
E02836,0.05414651956,0
E02837,0.000230030805,0
E02838,0.0001896425495,0
E02839,0.03689524203,0
E02840,0.0006259995507,0
E02841,0.001051648611,0
E02842,0.006259647462,0
E02843,9.134156384e-05,0
E02844,6.417127256e-05,0
E02845,2.997335036e-05,0
E02846,0.0001494243967,0
E02847,6.833509708e-05,0
E02848,0.001369511715,0
E02849,0.6373438521,0
E02850,0.003631398787,0
E02851,0.0002294090834,0
E02852,0.0005445394623,0
E02853,0.07332829168,0
E02854,0.7564861036,0
E02855,0.004599428188,0
E02856,0.000688022216,0
E02857,6.556249928e-05,0
E02858,0.0001971553963,0
E02859,0.9948902524,1
E02860,0.9849956425,1
E02861,0.6967382895,0
E02862,0.0001205881236,0
E02863,0.9543803176,1
E02864,0.0004312552393,0
E02865,0.0001138225979,0
E02866,0.0001123590342,0
E02867,0.000200451656,0
E02868,0.0003435389712,0
E02869,7.835866697e-05,0
E02870,0.002715704075,0
E02871,5.067744307e-05,0
E02872,0.0001079127571,0
E02873,5.086481995e-05,0
E02874,0.6565385567,0
E02875,0.2114445788,0
E02876,0.8037401179,1
E02877,0.0001144325448,0
E02878,0.0001390660698,0
E02879,0.0003649626985,0
E02880,8.973628389e-05,0
E02881,0.3389586507,0
E02882,0.001215358701,0
E02883,0.00311165745,0
E02884,0.8021647066,1
E02885,0.0003567781652,0
E02886,0.00364650789,0
E02887,0.02271650229,0
E02888,0.001672410802,0
E02889,0.007897785463,0
E02890,4.35749187e-05,0
E02891,9.130094075e-05,0
E02892,5.612859635e-05,0
E02893,0.02429585018,0
E02894,6.722698117e-05,0
E02895,0.000725785669,0
E02896,0.0006836957514,0
E02897,1.507257738e-05,0
E02898,0.0002580923931,0
E02899,7.173200952e-05,0
E02900,4.025511666e-05,0
E02901,0.003636533689,0
E02902,0.0001523666694,0
E02903,6.38330644e-05,0
E02904,6.066092897e-05,0
E02905,0.02914046132,0
E02906,4.066192701e-05,0
E02907,0.0328408599,0
E02908,0.0004493388124,0
E02909,8.309923634e-05,0
E02910,6.107659023e-05,0
E02911,0.0001348744803,0
E02912,0.0001099526134,0
E02913,8.032371766e-05,0
E02914,0.7072832089,0
E02915,0.005355812813,0
E02916,0.001881294672,0
E02917,0.001575061321,0
E02918,0.0008154670236,0
E02919,0.0002578764828,0
E02920,0.001838573507,0
E02921,0.0001125549196,0
E02922,0.0001345099683,0
E02923,0.002415561033,0
E02924,0.0001594542522,0
E02925,0.0003329056483,0
E02926,6.911984635e-05,0
E02927,0.0001049171893,0
E02928,0.00012786014,0
E02929,3.054021459e-05,0
E02930,7.541603418e-05,0
E02931,4.828256094e-05,0
E02932,8.485948303e-05,0
E02933,0.0002089200573,0
E02934,0.00113443704,0
E02935,5.343207536e-05,0
E02936,4.958901696e-05,0
E02937,0.0004354096489,0
E02938,0.003178416735,0
E02939,0.01049646231,0
E02940,0.0006881368415,0
E02941,3.39822521e-05,0
E02942,2.218610508e-05,0
E02943,5.1308211e-05,0
E02944,0.001805314118,0
E02945,0.02172349041,0
E02946,0.7548479599,0
E02947,0.0002921795451,0
E02948,0.0006555678789,0
E02949,0.003127747571,0
E02950,0.0007318092307,0
E02951,0.0001690476197,0
E02952,6.247974275e-05,0
E02953,0.007056154503,0
E02954,5.333982921e-05,0
E02955,0.0004258536402,0
E02956,0.0006151124682,0
E02957,1.410499103e-05,0
E02958,8.112712828e-05,0
E02959,7.680602903e-05,0
E02960,0.00219723111,0
E02961,5.13033095e-05,0
E02962,0.1623618302,0
E02963,0.0005382495237,0
E02964,3.495446211e-05,0
E02965,0.0216762486,0
E02966,4.702646308e-05,0
E02967,0.0006126702115,0
E02968,0.01330549263,0
E02969,5.975369107e-05,0
E02970,2.859314047e-05,0
E02971,0.0001577312581,0
E02972,0.002077999251,0
E02973,0.0004337707164,0
E02974,0.9977255366,1
E02975,0.001800933269,0
E02976,0.02440654087,0
E02977,0.002654973593,0
E02978,0.001179902371,0
E02979,0.02695783897,0
E02980,6.670796956e-05,0
E02981,0.0001301173218,0
E02982,0.0001767304414,0
E02983,0.000716637336,0
E02984,0.0002048512866,0
E02985,0.8818723594,1
E02986,0.01216514421,0
E02987,0.002459319388,0
E02988,0.08449668144,0
E02989,0.0008937114991,0
E02990,0.02277330299,0
E02991,0.000199674614,0
E02992,0.0004328761293,0
E02993,2.483322236e-05,0
E02994,0.0001490154164,0
E02995,9.288261161e-05,0
E02996,0.0001009242963,0
E02997,0.0003143159885,0
E02998,0.04767775721,0
E02999,0.003222410267,0
E03000,0.04627486873,0
E03001,0.0007489774804,0
E03002,7.200355902e-05,0
E03003,0.0005504658476,0
E03004,0.136123776,0
E03005,2.354002255e-05,0
E03006,0.0005991814985,0
E03007,0.0001051575645,0
E03008,6.619737973e-05,0
E03009,0.004071519876,0
E03010,0.0001450431787,0
E03011,6.639229022e-05,0
E03012,0.002330074453,0
E03013,0.0001693081064,0
E03014,0.0004158387253,0
E03015,0.001469600224,0
E03016,5.498439582e-05,0
E03017,0.001037809858,0
E03018,0.0002190918844,0
E03019,0.0004073378619,0
E03020,0.0002691339382,0
E03021,0.02493374476,0
E03022,0.0003824454705,0
E03023,0.0001894748362,0
E03024,0.08695464721,0
E03025,0.007683829526,0
E03026,2.748469094e-05,0
E03027,0.000325964393,0
E03028,7.604539852e-05,0
E03029,0.09043694661,0
E03030,0.00272583529,0
E03031,0.002896916543,0
E03032,2.65328029e-05,0
E03033,1.681186208e-05,0
E03034,0.000625322829,0
E03035,0.0005445930256,0
E03036,0.0001787879638,0
E03037,0.0004719543433,0
E03038,0.0001181506131,0
E03039,6.805453425e-05,0
E03040,0.002081515362,0
E03041,7.292997283e-05,0
E03042,0.1829230312,0
E03043,0.003469784793,0
E03044,1.564759456e-05,0
E03045,3.06166622e-05,0
E03046,6.572480908e-05,0
E03047,0.5438708572,0
E03048,0.0008902469959,0
E03049,0.0005142502206,0
E03050,5.20523444e-05,0
E03051,8.487301026e-05,0
E03052,0.01721625317,0
E03053,7.231262819e-05,0
E03054,0.001119496462,0
E03055,0.0005300458357,0
E03056,0.0008861659159,0
E03057,0.0005503258466,0
E03058,0.1912017679,0
E03059,0.0002322125087,0
E03060,0.001816806762,0
E03061,0.003274568385,0
E03062,0.0001189153593,0
E03063,0.001346549556,0
E03064,3.658044675e-05,0
E03065,4.837931394e-05,0
E03066,8.494186278e-05,0
E03067,0.3789359703,0
E03068,0.03235989243,0
E03069,3.267988062e-05,0
E03070,3.83716746e-05,0
E03071,0.0006696045976,0
E03072,0.0002120648607,0
E03073,6.905668618e-05,0
E03074,0.0001166197295,0
E03075,4.936298095e-05,0
E03076,0.1850866091,0
E03077,4.817044041e-05,0
E03078,0.002528326904,0
E03079,0.002171973546,0
E03080,5.974797316e-05,0
E03081,0.02964529101,0
E03082,0.0001032659407,0
E03083,3.351205997e-05,0
E03084,8.244608942e-05,0
E03085,0.0003304555008,0
E03086,0.0003989389965,0
E03087,0.01211264422,0
E03088,0.0002866206663,0
E03089,0.002178444808,0
E03090,4.789437508e-05,0
E03091,5.82780922e-05,0
E03092,0.00064637262,0
E03093,0.004542651008,0
E03094,0.0006678613134,0
E03095,5.475344207e-05,0
E03096,3.38604871e-05,0
E03097,0.0005526073326,0
E03098,6.642532687e-05,0
E03099,4.89194535e-05,0
E03100,0.003276049314,0
E03101,0.000814254793,0
E03102,0.04314768563,0
E03103,0.0001382175561,0
E03104,3.697200735e-05,0
E03105,0.000251763112,0
E03106,6.080821752e-05,0
E03107,0.0001442556518,0
E03108,3.458415771e-05,0
E03109,0.000373897917,0
E03110,7.029380448e-05,0
E03111,0.0001476399664,0
E03112,6.170645093e-05,0
E03113,0.0001784532798,0
E03114,0.0001322192478,0
E03115,7.828983387e-05,0
E03116,1.643221886e-05,0
E03117,0.03035675094,0
E03118,0.00159823571,0
E03119,8.604549274e-05,0
E03120,0.08769764435,0
E03121,0.0002713514274,0
E03122,0.7099681082,0
E03123,0.7031647497,0
E03124,0.01008158149,0
E03125,0.0001039511334,0
E03126,0.0001365841121,0
E03127,0.0002320658515,0
E03128,0.0003659035995,0
E03129,0.0001274229639,0
E03130,0.0005302055676,0
E03131,0.001309589514,0
E03132,6.075811433e-05,0
E03133,3.940889706e-05,0
E03134,0.04531170776,0
E03135,4.805003261e-05,0
E03136,0.01779907088,0
E03137,0.0002617746951,0
E03138,0.002189781448,0
E03139,0.002934125981,0
E03140,0.01561002666,0
E03141,0.005307568544,0
E03142,3.701125912e-05,0
E03143,0.977999275,1
E03144,3.685140284e-05,0
E03145,0.5319006673,0
E03146,0.000765878431,0
E03147,0.0005649330107,0
E03148,0.01382246207,0
E03149,0.00169867198,0
E03150,0.01369668729,0
E03151,0.0002701566552,0
E03152,0.0009234084373,0
E03153,0.0002960282371,0
E03154,5.402277286e-05,0
E03155,9.404659983e-05,0
E03156,0.000917590217,0
E03157,0.001031693842,0
E03158,0.2653389727,0
E03159,0.0362912855,0
E03160,3.214916575e-05,0
E03161,0.00863307951,0
E03162,0.00194250136,0
E03163,0.0001111590244,0
E03164,0.001116911535,0
E03165,0.0005182310547,0
E03166,0.000576449547,0
E03167,1.975969062e-05,0
E03168,4.782025829e-05,0
E03169,0.0001758914003,0
E03170,8.938005956e-05,0
E03171,0.002606188654,0
E03172,0.003563227617,0
E03173,1.540174586e-05,0
E03174,0.0009336701439,0
E03175,0.0003829612075,0
E03176,0.0001667009738,0
E03177,0.006466597749,0
E03178,0.03375240168,0
E03179,0.0001067654329,0
E03180,0.03611788187,0
E03181,0.0002474357219,0
E03182,0.000164496069,0
E03183,0.0006596617624,0
E03184,0.0001159117196,0
E03185,7.156779156e-05,0
E03186,1.929113197e-05,0
E03187,0.001106816452,0
E03188,0.9944686091,1
E03189,0.002283585594,0
E03190,0.0007816599718,0
E03191,0.000810357253,0
E03192,1.668358483e-05,0
E03193,0.0004179919502,0
E03194,0.0002859780656,0
E03195,0.0005039263631,0
E03196,0.01503022455,0
E03197,0.001181508546,0
E03198,0.001602714073,0
E03199,0.7873099313,0
E03200,0.0001180867143,0
E03201,0.001072248845,0
E03202,0.1858889189,0
E03203,0.00174976552,0
E03204,0.005250907639,0
E03205,0.000263652842,0
E03206,0.5255920394,0
E03207,8.547346693e-05,0
E03208,0.0002292935945,0
E03209,0.9334999422,1
E03210,0.8897065904,1
E03211,3.891722662e-05,0
E03212,0.01770760099,0
E03213,2.890366658e-05,0
E03214,0.0001342994921,0
E03215,4.519830232e-05,0
E03216,0.0003802633075,0
E03217,0.001624337745,0
E03218,4.49938216e-05,0
E03219,6.175089911e-05,0
E03220,5.771472887e-05,0
E03221,0.0007529239686,0
E03222,0.001916334441,0
E03223,0.001019335438,0
E03224,0.0009424045969,0
E03225,0.0208693673,0
E03226,0.004339813784,0
E03227,0.008879030611,0
E03228,0.001736933674,0
E03229,0.02468190719,0
E03230,4.248997678e-05,0
E03231,0.0001442826232,0
E03232,0.001428910618,0
E03233,0.006324932756,0
E03234,0.09047621023,0
E03235,0.003055124991,0
E03236,0.000776741189,0
E03237,0.002065103295,0
E03238,6.682221072e-05,0
E03239,0.0008296836711,0
E03240,0.003333332538,0
E03241,0.0002095676053,0
E03242,2.658392782e-05,0
E03243,0.0002111452766,0
E03244,0.0002548354284,0
E03245,0.001049188406,0
E03246,0.0001347316013,0
E03247,0.0186523372,0
E03248,0.000177649818,0
E03249,0.0002212121943,0
E03250,0.0002298137103,0
E03251,0.0001008455641,0
E03252,0.00660905885,0
E03253,0.04519175739,0
E03254,0.01686355516,0
E03255,0.008766943522,0
E03256,0.2283363191,0
E03257,0.801842781,1
E03258,0.0001376748062,0
E03259,4.427795292e-05,0
E03260,0.0002353707934,0
E03261,4.576821053e-05,0
E03262,2.490458443e-05,0
E03263,0.004860095628,0
E03264,0.05671437671,0
E03265,0.006850166437,0
E03266,0.006246292897,0
E03267,0.1654797725,0
E03268,4.903550021e-05,0
E03269,0.0003171328914,0
E03270,0.0001164216194,0
E03271,0.00261953209,0
E03272,0.0006019551976,0
E03273,0.003307574765,0
E03274,0.00536263346,0
E03275,0.002474823395,0
E03276,0.002100979059,0
E03277,0.0002771081593,0
E03278,0.000177719068,0
E03279,0.0001230847119,0
E03280,0.0001064862119,0
E03281,1.804445626e-05,0
E03282,6.423612258e-05,0
E03283,0.00408230222,0
E03284,0.002508462783,0
E03285,3.284846823e-05,0
E03286,0.0001624959169,0
E03287,9.761834118e-05,0
E03288,0.001332627351,0
E03289,0.0003393321063,0
E03290,0.0002230374956,0
E03291,4.326611901e-05,0
E03292,0.0008197353153,0
E03293,0.0005442680919,0
E03294,0.001471058045,0
E03295,0.003580360199,0
E03296,0.002858953316,0
E03297,4.79978348e-05,0
E03298,0.03393662147,0
E03299,7.278241189e-05,0
E03300,6.442808397e-05,0
E03301,0.0001008106447,0
E03302,0.003975684828,0
E03303,0.0004623238834,0
E03304,0.9835340026,1
E03305,0.1146854593,0
E03306,0.0001696815038,0
E03307,7.971693339e-05,0
E03308,0.01123287462,0
E03309,0.0001230948607,0
E03310,0.009694354452,0
E03311,0.0004806071586,0
E03312,0.7803637434,0
E03313,4.742172685e-05,0
E03314,3.439007833e-05,0
E03315,0.003388338249,0
E03316,8.154861153e-05,0
E03317,0.002032378554,0
E03318,0.3251973452,0
E03319,1.299028996e-05,0
E03320,0.002228332109,0
E03321,0.0002637416445,0
E03322,0.0001106225103,0
E03323,9.260143933e-05,0
E03324,7.004728827e-05,0
E03325,0.004406274886,0
E03326,0.02016516314,0
E03327,0.007729782824,0
E03328,0.9091382118,1
E03329,0.001646889487,0
E03330,8.824278132e-05,0
E03331,0.00952527532,0
E03332,4.297674783e-05,0
E03333,0.001197437469,0
E03334,6.419957866e-05,0
E03335,0.003243095818,0
E03336,0.0001697293762,0
E03337,0.0007616603638,0
E03338,0.00011797519,0
E03339,0.0001509885409,0
E03340,0.9703220324,1
E03341,6.27695716e-05,0
E03342,0.2033720031,0
E03343,0.0006382223662,0
E03344,0.0009237135748,0
E03345,0.0001055004874,0
E03346,0.001370267522,0
E03347,0.0240754418,0
E03348,0.0002281548364,0
E03349,5.594417885e-05,0
E03350,0.003427942767,0
E03351,0.001342816456,0
E03352,2.467734343e-05,0
E03353,3.720213148e-05,0
E03354,9.430676289e-05,0
E03355,0.001404321533,0
E03356,0.001793542748,0
E03357,0.02943424838,0
E03358,0.0003678184561,0
E03359,0.01511061304,0
E03360,0.0002165288859,0
E03361,0.0002677580607,0
E03362,0.0001389112396,0
E03363,0.6238867543,0
E03364,0.0008810247165,0
E03365,0.008796689231,0
E03366,0.0007384993528,0
E03367,0.0003551784113,0
E03368,0.9814612088,1
E03369,0.07260047601,0
E03370,0.01667107545,0
E03371,0.0002064531702,0
E03372,2.534080942e-05,0
E03373,8.092241334e-05,0
E03374,0.4190415016,0
E03375,0.0001593310913,0
E03376,0.0001693092396,0
E03377,0.0001485933151,0
E03378,0.0001047618791,0
E03379,0.000132821788,0
E03380,0.000119668711,0
E03381,0.7980586562,0
E03382,0.002165580858,0
E03383,0.647068343,0
E03384,0.001373741877,0
E03385,0.0002103105626,0
E03386,1.730058455e-05,0
E03387,0.00148461305,0
E03388,0.0002028905382,0
E03389,0.7152405722,0
E03390,0.5806708725,0
E03391,0.04245998759,0
E03392,0.07891717518,0
E03393,2.254473627e-05,0
E03394,0.0001311602063,0
E03395,0.0001215146286,0
E03396,0.0002119387304,0
E03397,1.404914151e-05,0
E03398,2.951104144e-05,0
E03399,7.038614566e-05,0
E03400,0.1758169969,0
E03401,0.02095153577,0
E03402,2.9996499e-05,0
E03403,0.01683278625,0
E03404,0.6552102286,0
E03405,0.0002829051916,0
E03406,0.0002408504445,0
E03407,0.281010467,0
E03408,0.000633319755,0
E03409,0.003059101343,0
E03410,0.0008448783688,0
E03411,0.0003574810024,0
E03412,0.2757937853,0
E03413,7.937119286e-05,0
E03414,0.0001144289775,0
E03415,0.01019482137,0
E03416,0.003362061901,0
E03417,0.002912818335,0
E03418,0.1007012013,0
E03419,0.01272498614,0
E03420,0.002577244186,0
E03421,5.973938316e-05,0
E03422,4.478705291e-05,0
E03423,0.000906950238,0
E03424,0.0001222803928,0
E03425,8.856415864e-05,0
E03426,7.42930131e-05,0
E03427,0.03290751911,0
E03428,0.000188728905,0
E03429,9.275822122e-05,0
E03430,0.0001636667424,0
E03431,0.01483937944,0
E03432,0.1277829671,0
E03433,0.00204569863,0
E03434,0.002530776921,0
E03435,0.001196976422,0
E03436,8.556099035e-05,0
E03437,7.060589346e-05,0
E03438,0.009934985177,0
E03439,9.418078285e-05,0
E03440,0.3308164826,0
E03441,0.6696148168,0
E03442,7.147621761e-05,0
E03443,0.0001534299254,0
E03444,0.0009220894113,0
E03445,0.1231837406,0
E03446,0.001390614169,0
E03447,0.001886897241,0
E03448,0.1297600369,0
E03449,0.01572846081,0
E03450,0.0002195210995,0
E03451,0.0008144859007,0
E03452,4.190986817e-05,0
E03453,7.243502262e-05,0
E03454,0.9095831802,1
E03455,0.0002099231212,0
E03456,0.0002399680418,0
E03457,0.0001997834399,0
E03458,5.758848802e-05,0
E03459,5.335359785e-05,0
E03460,8.301975265e-05,0
E03461,0.333164012,0
E03462,0.04018739589,0
E03463,9.099363157e-05,0
E03464,0.0004347098611,0
E03465,0.0001476541654,0
E03466,9.520923784e-05,0
E03467,8.074994289e-05,0
E03468,0.227625454,0
E03469,0.009989213175,0
E03470,0.06777367227,0
E03471,0.0001384593037,0
E03472,0.001380755589,0
E03473,0.6888742276,0
E03474,0.0002622629657,0
E03475,3.342480059e-05,0
E03476,2.022815667e-05,0
E03477,1.126615955e-05,0
E03478,0.0002179149303,0
E03479,0.0004787711392,0
E03480,0.03775243211,0
E03481,0.0002845970307,0
E03482,0.3885096374,0
E03483,3.78634733e-05,0
E03484,0.0002637590263,0
E03485,8.094832745e-05,0
E03486,0.0002604670576,0
E03487,0.0001408911186,0
E03488,0.0001780985705,0
E03489,0.0001462110976,0
E03490,9.679623795e-05,0
E03491,0.003387091163,0
E03492,0.004133817399,0
E03493,0.0006143351355,0
E03494,0.001138732234,0
E03495,2.589236714e-05,0
E03496,0.000781662831,0
E03497,0.1112720271,0
E03498,5.901958761e-05,0
E03499,0.0003890093627,0
E03500,0.01396841499,0
E03501,5.178415969e-05,0
E03502,4.901708604e-05,0
E03503,0.0002695149522,0
E03504,0.0001375435394,0
E03505,0.9795372933,1
E03506,0.004936285548,0
E03507,0.0001695046653,0
E03508,0.0003646645998,0
E03509,0.01218459479,0
E03510,0.0001032122065,0
E03511,0.00559057081,0
E03512,0.02829873309,0
E03513,0.0002488687236,0
E03514,0.000631536226,0
E03515,0.3338088142,0
E03516,2.833486335e-05,0
E03517,9.409763142e-05,0
E03518,0.02825181579,0
E03519,5.460551195e-05,0
E03520,8.848160647e-05,0
E03521,0.04231657471,0
E03522,0.9959791784,1
E03523,0.9981701035,1
E03524,8.617023379e-05,0
E03525,0.001329217792,0
E03526,1.502962898e-05,0
E03527,0.03286430411,0
E03528,4.978498094e-05,0
E03529,0.0404970095,0
E03530,0.0002365510176,0
E03531,2.248177252e-05,0
E03532,0.0001978368246,0
E03533,0.003332964256,0
E03534,0.004302461321,0
E03535,0.0005029848844,0
E03536,0.001362280368,0
E03537,9.659228632e-05,0
E03538,4.268722632e-05,0
E03539,9.953354967e-05,0
E03540,3.879643663e-05,0
E03541,8.793203168e-05,0
E03542,4.138520499e-05,0
E03543,0.0007926040349,0
E03544,0.0006957511093,0
E03545,0.001323343048,0
E03546,0.0004736663769,0
E03547,3.597825004e-05,0
E03548,0.9520897496,1
E03549,0.9905938867,1
E03550,0.0009407953846,0
E03551,8.665349013e-05,0
E03552,2.262188343e-05,0
E03553,0.0005746049042,0
E03554,0.001770866649,0
E03555,0.0002231034106,0
E03556,0.002261390317,0
E03557,0.00211668254,0
E03558,4.179359701e-05,0
E03559,0.0001443463267,0
E03560,2.084352982e-05,0
E03561,0.001542783224,0
E03562,0.9965942909,1
E03563,0.0009452287437,0
E03564,0.00162936765,0
E03565,0.002081478782,0
E03566,0.5343287171,0
E03567,0.00197261711,0
E03568,0.0004045890917,0
E03569,7.729339599e-05,0
E03570,0.009771475785,0
E03571,5.544989528e-05,0
E03572,0.01745261355,0
E03573,0.1972226193,0
E03574,0.9945248666,1
E03575,0.04673241839,0
E03576,0.4041189639,0
E03577,0.06150774324,0
E03578,0.03400619475,0
E03579,6.745470147e-05,0
E03580,8.70374666e-05,0
E03581,0.008356701249,0
E03582,0.0004260971425,0
E03583,0.006086002953,0
E03584,0.006416799778,0
E03585,0.0006958521868,0
E03586,0.0007285551089,0
E03587,0.0004063523236,0
E03588,0.0001244628635,0
E03589,0.001037108915,0
E03590,0.07280181771,0
E03591,8.464200994e-05,0
E03592,1.923624254e-05,0
E03593,0.09806145348,0
E03594,0.003241866199,0
E03595,0.0001167254178,0
E03596,0.000668865595,0
E03597,9.99678276e-05,0
E03598,0.0005846403018,0
E03599,0.1722553372,0
E03600,0.0001572536011,0
E03601,3.691078584e-05,0
E03602,5.365618633e-05,0
E03603,0.0003303870266,0
E03604,0.0001973444545,0
E03605,0.9929201513,1
E03606,2.739783514e-05,0
E03607,0.1416645369,0
E03608,0.000325623215,0
E03609,0.005861477603,0
E03610,2.112478767e-05,0
E03611,0.000104706461,0
E03612,0.008558864917,0
E03613,0.0001677573242,0
E03614,0.03239830808,0
E03615,0.2429613683,0
E03616,8.718249591e-05,0
E03617,0.0003392223042,0
E03618,0.0002069671905,0
E03619,0.0002551543739,0
E03620,0.0005368185143,0
E03621,0.0005959713648,0
E03622,6.753600288e-05,0
E03623,0.0001025477281,0
E03624,0.001481743323,0
E03625,0.007264136861,0
E03626,0.9269116443,1
E03627,0.9454621687,1
E03628,0.1736001896,0
E03629,8.470755245e-05,0
E03630,6.497625738e-05,0
E03631,9.512918018e-05,0
E03632,1.637406838e-05,0
E03633,0.000240806107,0
E03634,4.592616158e-05,0
E03635,2.572072134e-05,0
E03636,5.224657299e-05,0
E03637,3.068678447e-05,0
E03638,0.0008049032775,0
E03639,5.287598381e-05,0
E03640,0.004293455085,0
E03641,9.504469599e-05,0
E03642,0.0004510648724,0
E03643,0.001011239889,0
E03644,0.0002789211381,0
E03645,0.0001751364646,0
E03646,0.003494329791,0
E03647,4.252356316e-05,0
E03648,2.82720071e-05,0
E03649,0.5361723142,0
E03650,2.582832011e-05,0
E03651,8.911429042e-05,0
E03652,0.01398336162,0
E03653,0.00019080717,0
E03654,1.365652337e-05,0
E03655,0.006860522289,0
E03656,0.003593868275,0
E03657,0.6229557301,0
E03658,0.002805327436,0
E03659,8.947800087e-05,0
E03660,0.0001078350609,0
E03661,0.001299426976,0
E03662,0.0003385080157,0
E03663,8.64351532e-05,0
E03664,0.0003837424065,0
E03665,0.0002272032906,0
E03666,0.0001436795379,0
E03667,0.0005009819236,0
E03668,1.722257766e-05,0
E03669,0.002449157574,0
E03670,0.7179493574,0
E03671,0.0001735798352,0
E03672,0.0003315876148,0
E03673,0.001034346822,0
E03674,0.0004757391622,0
E03675,0.0003044098559,0
E03676,0.0007593696025,0
E03677,0.0005094697648,0
E03678,8.272410582e-05,0
E03679,0.000150701337,0
E03680,4.350068299e-05,0
E03681,0.0001196114938,0
E03682,3.150263973e-05,0
E03683,0.0004390206055,0
E03684,0.0001217392641,0
E03685,0.0007068975485,0
E03686,0.0001415712019,0
E03687,0.5060180633,0
E03688,0.02917284234,0
E03689,4.984768529e-05,0
E03690,0.0001764886734,0
E03691,0.001542641174,0
E03692,6.071608974e-05,0
E03693,2.251860572e-05,0
E03694,0.0001345884614,0
E03695,0.0003382167246,0
E03696,0.01794973505,0
E03697,0.0001542338663,0
E03698,6.836301437e-05,0
E03699,0.0002140243242,0
E03700,0.001636249729,0
E03701,0.4732271355,0
E03702,0.0002660963376,0
E03703,0.06431427511,0
E03704,0.002473258959,0
E03705,0.4598377077,0
E03706,4.619118376e-05,0
E03707,4.872729364e-05,0
E03708,0.000133420457,0
E03709,0.0001273009442,0
E03710,0.001136574647,0
E03711,0.001973571477,0
E03712,8.557721109e-05,0
E03713,0.03986416133,0
E03714,0.004353908672,0
E03715,3.051953325e-05,0
E03716,0.0449357345,0
E03717,0.0002461861699,0
E03718,5.080204427e-05,0
E03719,0.004556097178,0
E03720,5.952088789e-05,0
E03721,0.0003699622539,0
E03722,9.248932844e-05,0
E03723,6.00882502e-05,0
E03724,0.0006430962819,0
E03725,0.0002029643047,0
E03726,0.001404308184,0
E03727,0.0006998056244,0
E03728,0.0001586072638,0
E03729,5.233558331e-05,0
E03730,0.0001730294149,0
E03731,6.185789532e-05,0
E03732,0.0001363040785,0
E03733,0.0001460565534,0
E03734,0.0009849895457,0
E03735,0.0001018284138,0
E03736,6.219885515e-05,0
E03737,0.001601011938,0
E03738,0.0008963088968,0
E03739,0.003888609048,0
E03740,8.438592114e-05,0
E03741,0.0002251377164,0
E03742,0.000159962847,0
E03743,0.0002335098413,0
E03744,0.000588219613,0
E03745,6.722890096e-05,0
E03746,0.0001349232021,0
E03747,8.749116001e-05,0
E03748,0.0001216727673,0
E03749,0.0002198936128,0
E03750,0.0002492464581,0
E03751,0.0007962074748,0
E03752,4.901635767e-05,0
E03753,0.001029008265,0
E03754,0.0009182323312,0
E03755,0.000193814344,0
E03756,0.0002000915309,0
E03757,1.702932614e-05,0
E03758,2.736723764e-05,0
E03759,3.761189206e-05,0
E03760,0.0003451867815,0
E03761,0.0009668704147,0
E03762,7.758566397e-05,0
E03763,0.0005819481264,0
E03764,0.0001622222666,0
E03765,4.410970262e-05,0
E03766,4.282133654e-05,0
E03767,3.30558854e-05,0
E03768,0.0002892383937,0
E03769,6.356244635e-05,0
E03770,2.840747968e-05,0
E03771,0.000163747617,0
E03772,5.333928928e-05,0
E03773,0.0004181609084,0
E03774,0.0002684240114,0
E03775,0.001174759798,0
E03776,0.001705364458,0
E03777,0.0001101360719,0
E03778,2.472954287e-05,0
E03779,0.0001717275724,0
E03780,0.001755046637,0
E03781,7.135932246e-05,0
E03782,0.2745634089,0
E03783,0.0222902239,0
E03784,0.004016601438,0
E03785,0.001657445713,0
E03786,0.556633548,0
E03787,0.005650632521,0
E03788,0.0001643426166,0
E03789,0.01254067002,0
E03790,0.8712084038,1
E03791,0.0006405306561,0
E03792,0.0002812650112,0
E03793,0.0001721899482,0
E03794,6.109038295e-05,0
E03795,2.913417123e-05,0
E03796,1.984890422e-05,0
E03797,0.036336461,0
E03798,0.001860039326,0
E03799,0.0002488452006,0
E03800,6.091136893e-05,0
E03801,6.033412817e-05,0
E03802,7.591038647e-05,0
E03803,0.03064441077,0
E03804,0.01445826209,0
E03805,0.02568391794,0
E03806,0.0005499300726,0
E03807,7.924066424e-05,0
E03808,4.623983585e-05,0
E03809,1.772601995e-05,0
E03810,0.9966208828,1
E03811,0.0008123665189,0
E03812,7.33390979e-05,0
E03813,0.0008767978597,0
E03814,6.124743594e-05,0
E03815,0.00137959752,0
E03816,0.002805008329,0
E03817,0.003452778225,0
E03818,4.050010649e-05,0
E03819,0.001196438075,0
E03820,3.199064112e-05,0
E03821,0.0004681999192,0
E03822,0.001959554585,0
E03823,0.0001917504869,0
E03824,5.809338527e-05,0
E03825,0.000490753579,0
E03826,0.0004028227592,0
E03827,0.00299565439,0
E03828,0.001277454243,0
E03829,3.007057953e-05,0
E03830,0.01856291142,0
E03831,2.732017129e-05,0
E03832,0.0006316690325,0
E03833,0.605323842,0
E03834,0.001163309419,0
E03835,0.03551117758,0
E03836,7.225266568e-05,0
E03837,0.0001329535093,0
E03838,0.0007862452199,0
E03839,0.002136187187,0
E03840,3.903065016e-05,0
E03841,1.654483359e-05,0
E03842,2.89999081e-05,0
E03843,0.0002348611997,0
E03844,0.0004561496232,0
E03845,0.9937068625,1
E03846,5.564588238e-05,0
E03847,5.005179866e-05,0
E03848,7.693910858e-05,0
E03849,0.03077788106,0
E03850,8.904046401e-05,0
E03851,0.006410186176,0
E03852,0.002532619973,0
E03853,0.001756847988,0
E03854,7.836728182e-05,0
E03855,0.02660745798,0
E03856,0.9938027701,1
E03857,0.002058420361,0
E03858,5.127078017e-05,0
E03859,7.034750574e-05,0
E03860,0.006955436064,0
E03861,0.2121608823,0
E03862,4.149526985e-05,0
E03863,2.42600582e-05,0
E03864,0.981586489,1
E03865,5.724603627e-05,0
E03866,0.0001805482455,0
E03867,0.002622832535,0
E03868,0.001230046277,0
E03869,0.001750531381,0
E03870,0.003530126422,0
E03871,2.13049196e-05,0
E03872,0.0005288139198,0
E03873,0.0003871681321,0
E03874,0.0005939596916,0
E03875,0.0008441279443,0
E03876,0.001953395962,0
E03877,7.269275068e-05,0
E03878,0.01610806644,0
E03879,0.0001155025352,0
E03880,0.003157837217,0
E03881,0.00364086571,0
E03882,0.3657677211,0
E03883,0.0001956346797,0
E03884,7.228153437e-05,0
E03885,0.0004329442207,0
E03886,0.01261884215,0
E03887,7.356277712e-05,0
E03888,1.123856846e-05,0
E03889,0.0003782068778,0
E03890,0.6102496261,0
E03891,4.182063579e-05,0
E03892,0.0003283925591,0
E03893,0.0002889855841,0
E03894,0.0001566962573,0
E03895,0.01015640208,0
E03896,0.0001363071097,0
E03897,0.0001523838913,0
E03898,0.0001575978906,0
E03899,0.01225911347,0
E03900,0.0002534940979,0
E03901,0.0009715568207,0
E03902,0.002790908251,0
E03903,4.998002342e-05,0
E03904,0.0003698477383,0
E03905,0.01503161315,0
E03906,0.0001038335746,0
E03907,0.003344175739,0
E03908,0.0007563329753,0
E03909,0.004839503284,0
E03910,0.0001287041443,0
E03911,4.751424839e-05,0
E03912,5.514289493e-05,0
E03913,0.9457949293,1
E03914,0.001339738449,0
E03915,0.005390422208,0
E03916,2.4438463e-05,0
E03917,5.197099182e-05,0
E03918,0.3666122153,0
E03919,0.0001720084288,0
E03920,0.0001113425046,0
E03921,2.354163685e-05,0
E03922,0.000583565708,0
E03923,0.001737864688,0
E03924,0.005113136576,0
E03925,0.001281976453,0
E03926,0.0002323253318,0
E03927,0.0010866808,0
E03928,6.455231753e-05,0
E03929,0.001510155442,0
E03930,6.330627884e-05,0
E03931,0.0005377898992,0
E03932,0.0004507293759,0
E03933,2.961244553e-05,0
E03934,0.04838869623,0
E03935,0.0002058845326,0
E03936,0.006798206504,0
E03937,0.0003252569466,0
E03938,0.0001334006735,0
E03939,5.785208441e-05,0
E03940,2.805762995e-05,0
E03941,0.0001476518667,0
E03942,0.9868403315,1
E03943,3.016748384e-05,0
E03944,0.5460821386,0
E03945,8.531982845e-05,0
E03946,0.0002629378726,0
E03947,0.001561373449,0
E03948,0.001088443992,0
E03949,3.747320173e-05,0
E03950,0.01889002139,0
E03951,0.0001593907631,0
E03952,4.102445124e-05,0
E03953,0.0002275625299,0
E03954,0.004714741355,0
E03955,0.0001402816718,0
E03956,0.0001138029219,0
E03957,0.0003900750672,0
E03958,0.0001706930415,0
E03959,0.0004984168702,0
E03960,0.002587874009,0
E03961,6.952531506e-05,0
E03962,0.03297148567,0
E03963,0.0003246711795,0
E03964,0.003676853362,0
E03965,0.0184607427,0
E03966,0.01181902879,0
E03967,0.0005303484616,0
E03968,0.0003754845546,0
E03969,0.007027666495,0
E03970,4.403551617e-05,0
E03971,0.2142398582,0
E03972,0.001286307875,0
E03973,0.004504481015,0
E03974,0.001933538285,0
E03975,8.495553726e-05,0
E03976,0.3130250336,0
E03977,9.216315051e-05,0
E03978,0.001302165307,0
E03979,0.001094858271,0
E03980,0.0001761881315,0
E03981,0.0003312682977,0
E03982,0.0007006330372,0
E03983,6.789272938e-05,0
E03984,0.01641478285,0
E03985,0.00737765966,0
E03986,0.0002110986943,0
E03987,2.849231751e-05,0
E03988,0.001389451844,0
E03989,0.006859069911,0
E03990,8.605142717e-05,0
E03991,0.003545303001,0
E03992,0.0001197623052,0
E03993,6.735895502e-05,0
E03994,0.0003659634506,0
E03995,4.981654967e-05,0
E03996,2.592559708e-05,0
E03997,0.00027522689,0
E03998,0.02456496906,0
E03999,4.415770279e-05,0
E04000,6.412108487e-05,0
E04001,7.717453472e-05,0
E04002,0.01320795,0
E04003,0.0002538058599,0
E04004,0.0009574380088,0
E04005,0.0009180586496,0
E04006,0.0001125287402,0
E04007,0.001221645061,0
E04008,3.684346998e-05,0
E04009,2.955865741e-05,0
E04010,7.056419677e-05,0
E04011,0.001100454911,0
E04012,1.922232468e-05,0
E04013,0.00173814619,0
E04014,2.625166674e-05,0
E04015,0.003318626283,0
E04016,0.0001007995838,0
E04017,6.522522022e-05,0
E04018,8.346119379e-05,0
E04019,0.0001419893022,0
E04020,0.5154935085,0
E04021,0.001677453849,0
E04022,0.01365258416,0
E04023,3.88669409e-05,0
E04024,0.0001644936477,0
E04025,3.769166509e-05,0
E04026,4.466308939e-05,0
E04027,0.0004942426462,0
E04028,0.0002333948919,0
E04029,0.0002536761207,0
E04030,0.03154372759,0
E04031,0.0003131886664,0
E04032,0.0001296046989,0
E04033,0.01916155198,0
E04034,0.0002962320426,0
E04035,0.9182590457,1
E04036,0.03738400918,0
E04037,0.0008912915715,0
E04038,0.0002532953043,0
E04039,0.0006891458199,0
E04040,0.0006889347774,0
E04041,0.0001318831413,0
E04042,0.0003642467734,0
E04043,2.871711056e-05,0
E04044,1.127436123e-05,0
E04045,0.003122028727,0
E04046,0.000135898774,0
E04047,6.441339542e-05,0
E04048,0.008384958616,0
E04049,0.0003503837904,0
E04050,0.9693995155,1
E04051,0.007666608815,0
E04052,0.003725805131,0
E04053,0.01666764158,0
E04054,0.001322600313,0
E04055,0.04801703763,0
E04056,0.0233995077,0
E04057,0.01990754202,0
E04058,9.456259641e-05,0
E04059,8.315402873e-05,0
E04060,0.01034255839,0
E04061,4.146565162e-05,0
E04062,0.0002409031785,0
E04063,0.003732147442,0
E04064,0.0001012306175,0
E04065,0.00263762579,0
E04066,0.9834099325,1
E04067,0.0003345865789,0
E04068,0.00455489913,0
E04069,0.2172107537,0
E04070,4.587171207e-05,0
E04071,3.447315095e-05,0
E04072,4.580776724e-05,0
E04073,0.0002898017484,0
E04074,0.0003299992996,0
E04075,0.001607751912,0
E04076,0.00624650143,0
E04077,0.0001046960969,0
E04078,2.924434373e-05,0
E04079,0.0121908092,0
E04080,0.00318331045,0
E04081,0.9982430851,1
E04082,0.0001146594705,0
E04083,3.429244704e-05,0
E04084,0.01233847789,0
E04085,0.8671078981,1
E04086,0.9718659156,1
E04087,0.00229656046,0
E04088,7.056652682e-05,0
E04089,0.0009704133833,0
E04090,0.2252982984,0
E04091,5.814818596e-05,0
E04092,8.821425114e-05,0
E04093,0.09199133582,0
E04094,0.04455318279,0
E04095,0.01380607498,0
E04096,4.485166017e-05,0
E04097,3.544226482e-05,0
E04098,0.003637025719,0
E04099,0.0001914285946,0
E04100,0.0001526149935,0
E04101,0.001119202753,0
E04102,7.438938831e-05,0
E04103,0.01286984359,0
E04104,0.002384533778,0
E04105,0.0001280982356,0
E04106,0.9110866917,1
E04107,0.7663762071,0
E04108,0.0004058102083,0
E04109,0.0400061687,0
E04110,0.0002174572448,0
E04111,2.550180029e-05,0
E04112,7.653560798e-05,0
E04113,0.6365235355,0
E04114,3.452981899e-05,0
E04115,0.0001849108816,0
E04116,3.771098408e-05,0
E04117,0.0001415353186,0
E04118,0.0002396592259,0
E04119,5.218044609e-05,0
E04120,0.8789032508,1
E04121,0.0001913749292,0
E04122,6.135847508e-05,0
E04123,6.003929135e-05,0
E04124,0.0003033327328,0
E04125,0.001672695708,0
E04126,0.0007720043003,0
E04127,7.34837445e-05,0
E04128,4.193172607e-05,0
E04129,0.003240625952,0
E04130,0.0001828296544,0
E04131,0.02914671572,0
E04132,0.001742245659,0
E04133,0.0009776271818,0
E04134,0.321167904,0
E04135,0.4851955606,0
E04136,0.02773208592,0
E04137,0.002103449692,0
E04138,0.004866331549,0
E04139,0.04677215986,0
E04140,0.6181177023,0
E04141,0.0002811973437,0
E04142,0.002339497915,0
E04143,2.44377058e-05,0
E04144,0.0003152223433,0
E04145,0.0001502043782,0
E04146,6.537288112e-05,0
E04147,0.002123291248,0
E04148,0.001328251613,0
E04149,0.9927531594,1
E04150,0.001192157929,0
E04151,0.0002055749678,0
E04152,0.03814199022,0
E04153,5.811210476e-05,0
E04154,0.001297391094,0
E04155,0.03771959718,0
E04156,0.99592822,1
E04157,9.240552816e-05,0
E04158,0.001432162016,0
E04159,0.08714253838,0
E04160,1.82006067e-05,0
E04161,6.719355638e-05,0
E04162,8.810191408e-05,0
E04163,1.794321246e-05,0
E04164,0.05565516169,0
E04165,0.0002740532292,0
E04166,9.842159405e-05,0
E04167,0.002269408261,0
E04168,0.000467172557,0
E04169,0.002392418165,0
E04170,7.945170708e-05,0
E04171,0.02690073985,0
E04172,0.9980049805,1
E04173,0.000307260438,0
E04174,0.0001488444548,0
E04175,0.01310622459,0
E04176,0.004590976563,0
E04177,0.004735372035,0
E04178,0.0001106712962,0
E04179,0.001003241977,0
E04180,0.9966888167,1
E04181,0.9842149228,1
E04182,2.394850684e-05,0
E04183,5.857274059e-05,0
E04184,2.88677049e-05,0
E04185,9.635417059e-05,0
E04186,0.0003528368326,0
E04187,5.897896416e-05,0
E04188,5.985745697e-05,0
E04189,0.0006803267477,0
E04190,0.9910532087,1
E04191,2.754783653e-05,0
E04192,0.0002709178357,0
E04193,0.02713577491,0
E04194,8.566457175e-05,0
E04195,8.974673782e-05,0
E04196,0.5377958191,0
E04197,0.9921213968,1
E04198,0.6833172195,0
E04199,0.01272002071,0
E04200,0.003547391002,0
E04201,0.001593890577,0
E04202,0.0003436940122,0
E04203,0.6799213243,0
E04204,0.000183723217,0
E04205,0.001245354757,0
E04206,0.001398265308,0
E04207,0.0001084180361,0
E04208,9.020203914e-05,0
E04209,0.0004728017153,0
E04210,0.0002092795728,0
E04211,0.0001949728908,0
E04212,0.0002119276305,0
E04213,0.01593166545,0
E04214,0.0003024773035,0
E04215,0.3013606307,0
E04216,0.005328311202,0
E04217,5.26609747e-05,0
E04218,0.1819207192,0
E04219,2.208804415e-05,0
E04220,0.0006328278276,0
E04221,0.0003497834743,0
E04222,0.0003847209037,0
E04223,0.927483606,1
E04224,9.814674709e-05,0
E04225,0.00438552169,0
E04226,0.0007309750043,0
E04227,3.076019384e-05,0
E04228,0.0001905442234,0
E04229,0.1350807288,0
E04230,0.0002089573777,0
E04231,5.038709609e-05,0
E04232,2.065101042e-05,0
E04233,0.9182171993,1
E04234,0.001768593643,0
E04235,0.623497024,0
E04236,0.8247470567,1
E04237,0.0008241577188,0
E04238,0.0001844586284,0
E04239,0.0008989746799,0
E04240,0.0001467222095,0
E04241,0.0001154042635,0
E04242,0.9508026418,1
E04243,3.912721079e-05,0
E04244,5.097723253e-05,0
E04245,0.0009162640954,0
E04246,0.00135031666,0
E04247,0.0001559990454,0
E04248,0.0002233115886,0
E04249,0.0002456212457,0
E04250,0.0001877348685,0
E04251,0.02644577309,0
E04252,3.74597691e-05,0
E04253,0.0003319011382,0
E04254,0.1432886398,0
E04255,0.009918372785,0
E04256,7.128391277e-05,0
E04257,0.002510606246,0
E04258,3.058161814e-05,0
E04259,3.979275034e-05,0
E04260,0.0001237588581,0
E04261,0.0003737875658,0
E04262,0.0007883418826,0
E04263,0.003798956298,0
E04264,0.000205686284,0
E04265,0.0004548671159,0
E04266,0.01799673152,0
E04267,2.247799727e-05,0
E04268,0.0003798723404,0
E04269,0.6067816138,0
E04270,2.839792106e-05,0
E04271,0.0007702612819,0
E04272,3.559415391e-05,0
E04273,0.0757384284,0
E04274,0.0001076688536,0
E04275,9.794171711e-05,0
E04276,0.001407607712,0
E04277,0.001782505134,0
E04278,0.0003526010307,0
E04279,7.488636599e-05,0
E04280,2.799293407e-05,0
E04281,0.0003171010481,0
E04282,9.948806495e-05,0
E04283,0.004338483048,0
E04284,0.9810009247,1
E04285,0.0001935135663,0
E04286,0.01055553041,0
E04287,0.005139486252,0
E04288,0.002504302505,0
E04289,2.749317297e-05,0
E04290,0.0004360412265,0
E04291,0.0108658997,0
E04292,0.71766732,0
E04293,0.001043166804,0
E04294,0.288535853,0
E04295,0.007092510972,0
E04296,0.001943579497,0
E04297,0.1782736386,0
E04298,0.0002041723158,0
E04299,0.06454285843,0
E04300,0.9075776621,1
E04301,1.869199774e-05,0
E04302,0.0001627027431,0
E04303,4.16795799e-05,0
E04304,0.0004068654941,0
E04305,0.00957891349,0
E04306,0.0002973813933,0
E04307,5.530280208e-05,0
E04308,9.077144349e-05,0
E04309,0.02341684571,0
E04310,0.01035909072,0
E04311,0.2771792041,0
E04312,0.00142677297,0
E04313,0.004620955743,0
E04314,0.02207479521,0
E04315,0.0001327611868,0
E04316,0.003583752,0
E04317,0.2361178536,0
E04318,3.150505404e-05,0
E04319,0.0002264108634,0
E04320,0.004173612283,0
E04321,2.487880421e-05,0
E04322,0.0003816701613,0
E04323,0.00111115812,0
E04324,0.0001768870896,0
E04325,0.5505322447,0
E04326,7.184191111e-05,0
E04327,0.0003472314453,0
E04328,0.5779321833,0
E04329,4.721180957e-05,0
E04330,5.012779438e-05,0
E04331,0.02617226307,0
E04332,0.2500244457,0
E04333,0.001035690878,0
E04334,0.0004347682094,0
E04335,0.001975494332,0
E04336,7.910435256e-05,0
E04337,5.093920483e-05,0
E04338,0.0003684214941,0
E04339,0.0002333927887,0
E04340,0.01859404797,0
E04341,0.1053574488,0
E04342,0.0002953399004,0
E04343,0.004052888049,0
E04344,4.695804174e-05,0
E04345,0.0001113252474,0
E04346,1.063070897e-05,0
E04347,0.0005356523612,0
E04348,2.689688116e-05,0
E04349,9.902527272e-05,0
E04350,0.9972228133,1
E04351,0.0002383428922,0
E04352,0.0005663179001,0
E04353,0.0009092565345,0
E04354,0.0005517254377,0
E04355,0.000236359448,0
E04356,0.0008808477274,0
E04357,0.0001479260702,0
E04358,6.329601261e-05,0
E04359,0.002069490568,0
E04360,5.017751239e-05,0
E04361,8.120925308e-05,0
E04362,0.002789459911,0
E04363,0.0005590909093,0
E04364,0.001488307226,0
E04365,8.680808601e-05,0
E04366,0.04870972435,0
E04367,0.002720239024,0
E04368,0.0001162916889,0
E04369,0.0002170397108,0
E04370,0.0001079375817,0
E04371,0.0002985669003,0
E04372,0.0001535077402,0
E04373,5.012271397e-05,0
E04374,4.254967309e-05,0
E04375,0.0001288938563,0
E04376,0.000181936093,0
E04377,7.37803663e-05,0
E04378,0.0004041664348,0
E04379,0.000256949484,0
E04380,0.0008102861588,0
E04381,0.0004123090002,0
E04382,6.787047629e-05,0
E04383,0.007487471075,0
E04384,3.785183849e-05,0
E04385,8.338480449e-05,0
E04386,0.0001771293487,0
E04387,0.0009685336732,0
E04388,0.0004729761076,0
E04389,0.00394031898,0
E04390,4.032351624e-05,0
E04391,0.0004412497484,0
E04392,0.000208524183,0
E04393,0.0001406824299,0
E04394,4.87717405e-05,0
E04395,0.0005602040782,0
E04396,4.9100443e-05,0
E04397,0.0003692438424,0
E04398,0.001487453198,0
E04399,3.831902287e-05,0
E04400,0.0006728836523,0
E04401,0.0001790656389,0
E04402,5.911603867e-05,0
E04403,3.2859115e-05,0
E04404,5.995282897e-05,0
E04405,0.1046391363,0
E04406,3.322085697e-05,0
E04407,6.693315459e-05,0
E04408,1.740287733e-05,0
E04409,0.0005123993944,0
E04410,9.376686505e-05,0
E04411,7.643893796e-05,0
E04412,4.144978748e-05,0
E04413,3.098785268e-05,0
E04414,3.737326158e-05,0
E04415,0.0003736515396,0
E04416,0.0001989359194,0
E04417,0.000452791758,0
E04418,0.3164057427,0
E04419,0.0003460179827,0
E04420,0.008804298331,0
E04421,3.270858311e-05,0
E04422,0.001351673247,0
E04423,5.89421169e-05,0
E04424,0.0001913735997,0
E04425,0.1346332369,0
E04426,0.0008194966707,0
E04427,0.168206827,0
E04428,0.06059123805,0
E04429,0.0009328784745,0
E04430,0.000187191811,0
E04431,0.001138332731,0
E04432,4.218005735e-05,0
E04433,8.08352551e-05,0
E04434,0.03669707875,0
E04435,0.0001545410028,0
E04436,0.7045696421,0
E04437,0.4583878585,0
E04438,0.1822101374,0
E04439,6.695142763e-05,0
E04440,0.0003647856479,0
E04441,0.2923548085,0
E04442,5.141360919e-05,0
E04443,1.900052925e-05,0
E04444,0.004303822269,0
E04445,0.09534352328,0
E04446,9.098885646e-05,0
E04447,0.0001101124511,0
E04448,0.003273913121,0
E04449,0.003740455803,0
E04450,2.798985172e-05,0
E04451,6.376503331e-05,0
E04452,2.424604702e-05,0
E04453,0.04135697776,0
E04454,0.04350251009,0
E04455,0.01503135649,0
E04456,0.0004396640271,0
E04457,0.0003126559115,0
E04458,0.001864834059,0
E04459,0.0008547618447,0
E04460,0.000178666061,0
E04461,0.3459832297,0
E04462,0.7424282735,0
E04463,0.7126469777,0
E04464,8.224303275e-05,0
E04465,0.006689174496,0
E04466,0.2525544129,0
E04467,0.0002850190029,0
E04468,0.0004216486081,0
E04469,0.02179412054,0
E04470,5.325005595e-05,0
E04471,0.0006080314189,0
E04472,0.0003039090197,0
E04473,0.01476704665,0
E04474,0.0003702805535,0
E04475,0.02915236097,0
E04476,0.0001858702812,0
E04477,0.0003554076371,0
E04478,0.0001558883617,0
E04479,0.002860364731,0
E04480,0.9991316106,1
E04481,0.7945726716,0
E04482,0.001920766122,0
E04483,0.002269197739,0
E04484,0.0001297549141,0
E04485,0.0007038692645,0
E04486,8.996988965e-05,0
E04487,8.184682061e-05,0
E04488,0.00022294614,0
E04489,0.0029475511,0
E04490,6.897740614e-05,0
E04491,0.0001169781243,0
E04492,6.543750692e-05,0
E04493,0.1412852769,0
E04494,0.6959050374,0
E04495,5.781180182e-05,0
E04496,0.0001043287044,0
E04497,0.000264243541,0
E04498,0.001160706311,0
E04499,0.02791874539,0
E04500,0.2344331408,0
E04501,0.0003404065993,0
E04502,2.383090755e-05,0
E04503,0.00172604472,0
E04504,7.523522872e-05,0
E04505,5.932205778e-05,0
E04506,6.521491157e-05,0
E04507,0.8973958197,1
E04508,0.001922291153,0
E04509,4.791663716e-05,0
E04510,0.00131094187,0
E04511,0.0005763437483,0
E04512,8.163783996e-05,0
E04513,7.226213464e-05,0
E04514,0.0127003818,0
E04515,3.484373466e-05,0
E04516,4.264778759e-05,0
E04517,0.000943678639,0
E04518,0.8513090956,1
E04519,3.116807337e-05,0
E04520,0.04197812215,0
E04521,0.01916552633,0
E04522,0.0006340338884,0
E04523,0.0005984671884,0
E04524,0.001103715874,0
E04525,0.0007096157472,0
E04526,0.1242779644,0
E04527,6.158299208e-05,0
E04528,0.000283155679,0
E04529,7.4104296e-05,0
E04530,5.852037473e-05,0
E04531,0.0007017676842,0
E04532,3.838368394e-05,0
E04533,0.1816384398,0
E04534,0.0003193795088,0
E04535,7.233630513e-05,0
E04536,0.0001458688153,0
E04537,0.0001827554847,0
E04538,0.01265561456,0
E04539,0.0003583882103,0
E04540,0.0002684319286,0
E04541,0.0001649546803,0
E04542,0.0003894417054,0
E04543,0.2803152326,0
E04544,0.001507414588,0
E04545,0.0007385830192,0
E04546,4.722969079e-05,0
E04547,3.846749858e-05,0
E04548,4.392767885e-05,0
E04549,0.0002198150238,0
E04550,0.0001587539961,0
E04551,0.04676681304,0
E04552,4.283887957e-05,0
E04553,0.07744524534,0
E04554,8.732919717e-05,0
E04555,2.372811842e-05,0
E04556,0.9127016657,1
E04557,0.476589535,0
E04558,0.001606491588,0
E04559,3.482971229e-05,0
E04560,0.7460991998,0
E04561,0.003644411367,0
E04562,2.4983122e-05,0
E04563,0.0002060243979,0
E04564,2.242534564e-05,0
E04565,0.02632971652,0
E04566,3.000698727e-05,0
E04567,0.01913424424,0
E04568,0.0001791471519,0
E04569,0.001791131715,0
E04570,0.03164276977,0
E04571,0.04182679441,0
E04572,0.0002173756237,0
E04573,0.0009384236455,0
E04574,2.433196666e-05,0
E04575,3.752859973e-05,0
E04576,4.511515644e-05,0
E04577,0.000356601262,0
E04578,0.0001342343922,0
E04579,0.001012357094,0
E04580,0.001054596043,0
E04581,0.001924810936,0
E04582,8.167826626e-05,0
E04583,2.501248206e-05,0
E04584,0.007163980763,0
E04585,0.001611860808,0
E04586,0.9963575596,1
E04587,6.622898582e-05,0
E04588,5.578186273e-05,0
E04589,3.771397847e-05,0
E04590,0.07543572881,0
E04591,7.968441097e-05,0
E04592,0.0007732298228,0
E04593,0.007700086808,0
E04594,6.581311381e-05,0
E04595,0.02466963902,0
E04596,0.0002437097921,0
E04597,0.000475447856,0
E04598,0.9779447931,1
E04599,0.0001915760027,0
E04600,0.0003443141185,0
E04601,0.0004125321408,0
E04602,0.0001983717827,0
E04603,0.03639428989,0
E04604,0.003604849991,0
E04605,0.0001371044692,0
E04606,0.0002063472678,0
E04607,4.131946607e-05,0
E04608,9.695399693e-05,0
E04609,0.001048677096,0
E04610,0.0005884501884,0
E04611,0.002086802638,0
E04612,0.03452020848,0
E04613,8.606994545e-05,0
E04614,2.294331772e-05,0
E04615,0.0001764900275,0
E04616,3.761763476e-05,0
E04617,0.000155332796,0
E04618,0.6834271719,0
E04619,4.810168467e-05,0
E04620,0.001144768835,0
E04621,8.216120688e-05,0
E04622,0.01727168074,0
E04623,0.01693482552,0
E04624,0.001816922025,0
E04625,0.003179957063,0
E04626,0.005792329983,0
E04627,9.771308471e-05,0
E04628,0.982852685,1
E04629,0.000901346128,0
E04630,0.9686251448,1
E04631,0.002733421058,0
E04632,5.09023443e-05,0
E04633,0.0001641607094,0
E04634,6.629918014e-05,0
E04635,0.0002102192063,0
E04636,4.930430199e-05,0
E04637,0.02015211669,0
E04638,0.0007232413269,0
E04639,0.0003563871008,0
E04640,3.897121663e-05,0
E04641,0.02395528067,0
E04642,3.027461902e-05,0
E04643,0.0007155755566,0
E04644,8.430073769e-05,0
E04645,0.000101890318,0
E04646,0.001701684664,0
E04647,0.02706010491,0
E04648,1.685768469e-05,0
E04649,0.01933404185,0
E04650,0.0001009572045,0
E04651,0.1344950219,0
E04652,0.01905822168,0
E04653,3.47624126e-05,0
E04654,0.000732109278,0
E04655,0.0004196356872,0
E04656,0.002283304731,0
E04657,0.0001834913131,0
E04658,0.0001835823032,0
E04659,0.0001116692678,0
E04660,0.001521808997,0
E04661,0.00369133793,0
E04662,0.00282050443,0
E04663,6.972406246e-05,0
E04664,6.001247685e-05,0
E04665,0.9664787942,1
E04666,0.0001679558519,0
E04667,6.791242465e-05,0
E04668,0.01860239389,0
E04669,0.0001216529811,0
E04670,0.01266357554,0
E04671,0.0002621879446,0
E04672,0.000221895731,0
E04673,8.511935532e-05,0
E04674,0.003221206219,0
E04675,2.377116185e-05,0
E04676,0.001127997489,0
E04677,0.0004781666351,0
E04678,0.0001846493597,0
E04679,0.002061587833,0
E04680,0.002940631657,0
E04681,0.0001433137538,0
E04682,0.02649061856,0
E04683,0.0004509560002,0
E04684,3.005591754e-05,0
E04685,0.003435231618,0
E04686,0.0003419305525,0
E04687,0.0001895558938,0
E04688,0.0002912634521,0
E04689,0.0002857606948,0
E04690,0.003201566523,0
E04691,4.587166341e-05,0
E04692,3.944017025e-05,0
E04693,5.231699128e-05,0
E04694,3.014514458e-05,0
E04695,0.7263956351,0
E04696,0.0001383222728,0
E04697,0.000210357465,0
E04698,0.0001615196412,0
E04699,8.144007944e-05,0
E04700,0.0001747944433,0
E04701,9.271172625e-05,0
E04702,0.002654876658,0
E04703,0.0002076437028,0
E04704,0.007412927723,0
E04705,7.94813517e-05,0
E04706,0.0002607369489,0
E04707,4.844819048e-05,0
E04708,0.0003875572022,0
E04709,3.871642076e-05,0
E04710,0.0006271546584,0
E04711,0.0001248452143,0
E04712,7.523501178e-05,0
E04713,0.00693080206,0
E04714,0.0002033579452,0
E04715,0.001549803555,0
E04716,0.0001687107447,0
E04717,9.562191272e-05,0
E04718,0.0002070411617,0
E04719,4.715557508e-05,0
E04720,0.81846808,1
E04721,3.159264341e-05,0
E04722,0.02577957159,0
E04723,0.0002297751191,0
E04724,0.06422381802,0
E04725,0.0003158420127,0
E04726,9.90865279e-05,0
E04727,0.2149060454,0
E04728,0.3262083737,0
E04729,0.4991065993,0
E04730,0.0001977092617,0
E04731,6.906278846e-05,0
E04732,0.001511922729,0
E04733,3.05527548e-05,0
E04734,0.0002285300909,0
E04735,0.0003799079899,0
E04736,8.209373844e-05,0
E04737,0.001052246931,0
E04738,2.685165581e-05,0
E04739,8.574710709e-05,0
E04740,0.0001109720228,0
E04741,2.503238049e-05,0
E04742,0.001594518327,0
E04743,0.0001850048837,0
E04744,0.0006398143116,0
E04745,0.06264194016,0
E04746,7.452921366e-05,0
E04747,0.002519525691,0
E04748,0.0002097612418,0
E04749,0.9942767989,1
E04750,0.001152275289,0
E04751,0.07657498915,0
E04752,0.002312161142,0
E04753,0.0001583796212,0
E04754,0.000133399597,0
E04755,0.0003054067833,0
E04756,0.00199379747,0
E04757,0.0001095539172,0
E04758,7.873139781e-05,0
E04759,0.0009303170113,0
E04760,6.844722391e-05,0
E04761,0.4964156528,0
E04762,2.134986946e-05,0
E04763,0.0002571646548,0
E04764,4.652304999e-05,0
E04765,0.0001221534211,0
E04766,0.0004350152576,0
E04767,7.58704279e-05,0
E04768,0.0004061081873,0
E04769,2.936361739e-05,0
E04770,0.0001230236023,0
E04771,0.3745015434,0
E04772,0.0003089109682,0
E04773,0.001373119199,0
E04774,0.03941877487,0
E04775,0.000576673615,0
E04776,7.554562846e-05,0
E04777,0.0001283862575,0
E04778,0.0001406744656,0
E04779,0.0003402833258,0
E04780,6.164647799e-05,0
E04781,0.0005418443215,0
E04782,0.0003102334768,0
E04783,0.00177798938,0
E04784,7.099578483e-05,0
E04785,0.0004261195763,0
E04786,0.8099916074,1
E04787,0.0001469686303,0
E04788,0.09079555525,0
E04789,0.005568241144,0
E04790,0.01732698769,0
E04791,0.7007231406,0
E04792,3.524669331e-05,0
E04793,0.2277741184,0
E04794,0.0001301437228,0
E04795,0.000579968279,0
E04796,8.298261512e-05,0
E04797,0.00862731123,0
E04798,0.0001321701186,0
E04799,0.9371452765,1
E04800,2.954922146e-05,0
E04801,0.01596139099,0
E04802,0.000287908186,0
E04803,0.5244082658,0
E04804,0.0001083629901,0
E04805,0.001077409093,0
E04806,6.538753063e-05,0
E04807,0.0002533941767,0
E04808,0.0005425917141,0
E04809,0.0001509576777,0
E04810,3.945800834e-05,0
E04811,0.295614088,0
E04812,0.001195181323,0
E04813,4.668839593e-05,0
E04814,0.0001077285018,0
E04815,0.0001868196507,0
E04816,2.561713296e-05,0
E04817,0.001439980027,0
E04818,0.0001854935032,0
E04819,3.556145997e-05,0
E04820,5.685033882e-05,0
E04821,0.000189547775,0
E04822,0.02156258085,0
E04823,0.3558855765,0
E04824,0.0005503900449,0
E04825,9.168377558e-05,0
E04826,0.0001585198246,0
E04827,0.0005162645101,0
E04828,0.0001719468465,0
E04829,0.0001288388344,0
E04830,0.0001345513789,0
E04831,0.0002515626725,0
E04832,0.0004963157805,0
E04833,0.05046285821,0
E04834,4.141770832e-05,0
E04835,0.01432469337,0
E04836,0.002651175945,0
E04837,0.0002413625167,0
E04838,0.0001204651664,0
E04839,3.594139361e-05,0
E04840,0.009695802029,0
E04841,0.001331673552,0
E04842,0.0014787786,0
E04843,7.168751983e-05,0
E04844,8.865437594e-05,0
E04845,9.929975576e-05,0
E04846,0.0007662057787,0
E04847,0.001195718683,0
E04848,0.005643496218,0
E04849,0.0002035949272,0
E04850,0.001360823441,0
E04851,0.003151335013,0
E04852,0.0211894829,0
E04853,6.75582757e-05,0
E04854,0.9979169697,1
E04855,0.002335717689,0
E04856,0.1276526147,0
E04857,0.001077642722,0
E04858,0.0005789909127,0
E04859,9.658191809e-05,0
E04860,5.067694677e-05,0
E04861,5.707623289e-05,0
E04862,5.468471241e-05,0
E04863,0.6899072701,0
E04864,0.0006710658855,0
E04865,3.135923151e-05,0
E04866,0.01016858763,0
E04867,1.17630224e-05,0
E04868,0.001059332164,0
E04869,0.004053212207,0
E04870,0.0006790419373,0
E04871,0.01324766475,0
E04872,0.000166671703,0
E04873,3.095865875e-05,0
E04874,3.178019451e-05,0
E04875,0.0005627958792,0
E04876,5.218979708e-05,0
E04877,0.003516745574,0
E04878,0.004054193395,0
E04879,0.002613864483,0
E04880,1.755928901e-05,0
E04881,0.000303898673,0
E04882,0.001250596122,0
E04883,4.263713917e-05,0
E04884,4.529215148e-05,0
E04885,0.9733267826,1
E04886,0.4150028065,0
E04887,1.165145704e-05,0
E04888,2.815059833e-05,0
E04889,0.1934910771,0
E04890,3.140350372e-05,0
E04891,3.950648566e-05,0
E04892,7.583787168e-05,0
E04893,0.00032485842,0
E04894,0.00050567451,0
E04895,5.681239165e-05,0
E04896,0.0001254762165,0
E04897,0.0002514438177,0
E04898,0.003373906787,0
E04899,0.00660762649,0
E04900,0.04971727835,0
E04901,0.0002450549689,0
E04902,3.309464356e-05,0
E04903,2.351855484e-05,0
E04904,0.01167140151,0
E04905,4.105895975e-05,0
E04906,3.229625742e-05,0
E04907,3.781415116e-05,0
E04908,0.0004432129624,0
E04909,0.0001968759123,0
E04910,2.706422299e-05,0
E04911,1.884016217e-05,0
E04912,6.777445903e-05,0
E04913,0.05666260282,0
E04914,5.982946158e-05,0
E04915,0.0001684249202,0
E04916,0.0001624956991,0
E04917,7.065988311e-05,0
E04918,6.776178256e-05,0
E04919,0.0001934523964,0
E04920,0.006102012998,0
E04921,0.5636283758,0
E04922,3.146484964e-05,0
E04923,5.683874911e-05,0
E04924,0.8093926154,1
E04925,8.755606035e-05,0
E04926,0.0001207660416,0
E04927,0.01982191486,0
E04928,0.0004192400659,0
E04929,5.10147491e-05,0
E04930,2.262706502e-05,0
E04931,0.0007869197219,0
E04932,0.04291127729,0
E04933,0.01078613157,0
E04934,0.00129682692,0
E04935,7.082861852e-05,0
E04936,0.000367011207,0
E04937,0.003550927156,0
E04938,5.962348272e-05,0
E04939,2.146134194e-05,0
E04940,0.3416194557,0
E04941,0.04179664132,0
E04942,0.7149378047,0
E04943,0.003421934972,0
E04944,0.0001156533474,0
E04945,7.660056155e-05,0
E04946,0.0003289501997,0
E04947,0.1344687705,0
E04948,0.001188174752,0
E04949,0.002144624216,0
E04950,0.000730631668,0
E04951,4.507078447e-05,0
E04952,0.06979046422,0
E04953,0.0001205890658,0
E04954,9.573707771e-05,0
E04955,0.01552544364,0
E04956,0.00233252406,0
E04957,0.001077096056,0
E04958,0.004177775025,0
E04959,0.06915964003,0
E04960,0.03140338484,0
E04961,0.0001735036846,0
E04962,0.007612507011,0
E04963,0.001303005358,0
E04964,0.0003724435323,0
E04965,0.0004988973334,0
E04966,0.007848387508,0
E04967,1.874329245e-05,0
E04968,0.0002485505207,0
E04969,2.00908328e-05,0
E04970,4.641619459e-05,0
E04971,5.000838609e-05,0
E04972,0.0004410925635,0
E04973,0.000131104471,0
E04974,0.0003245084493,0
E04975,5.133221959e-05,0
E04976,2.358901859e-05,0
E04977,4.634456015e-05,0
E04978,0.0004342848479,0
E04979,0.0008664316007,0
E04980,0.0005679885923,0
E04981,0.001185439853,0
E04982,0.0004287948146,0
E04983,0.004457873691,0
E04984,2.141009967e-05,0
E04985,9.628866653e-05,0
E04986,0.579048848,0
E04987,0.0004318846672,0
E04988,0.0002537793851,0
E04989,0.0005475795079,0
E04990,0.08840523864,0
E04991,5.388935041e-05,0
E04992,6.828995752e-05,0
E04993,4.123965845e-05,0
E04994,4.568210935e-05,0
E04995,0.0003125710548,0
E04996,0.0003059275018,0
E04997,0.001385691236,0
E04998,0.0001034795986,0
E04999,0.06699181523,0
E05000,0.01671209637,0
E05001,0.0001323164789,0
E05002,0.0001956352569,0
E05003,0.01411165519,0
E05004,0.0001641428079,0
E05005,0.0001505582443,0
E05006,0.0008541356762,0
E05007,0.000259601158,0
E05008,0.05334371565,0
E05009,0.8894605026,1
E05010,5.943612304e-05,0
E05011,0.000458736181,0
E05012,0.0008258128814,0
E05013,7.739282055e-05,0
E05014,0.004135544762,0
E05015,0.0001260490611,0
E05016,0.002102951997,0
E05017,3.96207641e-05,0
E05018,0.001765559623,0
E05019,0.825601728,1
E05020,1.150083736e-05,0
E05021,0.0002197357544,0
E05022,0.01688101491,0
E05023,5.39181655e-05,0
E05024,0.0008128385358,0
E05025,3.318445076e-05,0
E05026,0.04233837563,0
E05027,4.711955565e-05,0
E05028,2.646396563e-05,0
E05029,6.946497213e-05,0
E05030,0.1428276444,0
E05031,0.0001068341843,0
E05032,0.001376007791,0
E05033,2.552825368e-05,0
E05034,0.9877055022,1
E05035,0.0009891381874,0
E05036,0.0001742582942,0
E05037,0.0002486273015,0
E05038,1.549218164e-05,0
E05039,1.529579854e-05,0
E05040,0.002324296711,0
E05041,0.766495522,0
E05042,3.037696173e-05,0
E05043,8.767479685e-05,0
E05044,0.0002618926825,0
E05045,0.000106297276,0
E05046,0.000128400563,0
E05047,7.914037612e-05,0
E05048,0.0004010940661,0
E05049,0.7556100299,0
E05050,0.0002489960696,0
E05051,4.832294313e-05,0
E05052,5.67743991e-05,0
E05053,0.0002884632509,0
E05054,6.652214302e-05,0
E05055,3.006047073e-05,0
E05056,0.004885858046,0
E05057,0.0006401454815,0
E05058,0.0001916045764,0
E05059,0.01105622715,0
E05060,0.0002707533052,0
E05061,0.9875134554,1
E05062,0.0005669656473,0
E05063,0.179096541,0
E05064,0.002482611303,0
E05065,0.005791893553,0
E05066,0.001424373545,0
E05067,7.386053074e-05,0
E05068,0.0001881796447,0
E05069,0.004831439041,0
E05070,1.445385213e-05,0
E05071,0.000964618451,0
E05072,0.03297155962,0
E05073,2.032400965e-05,0
E05074,9.297750379e-05,0
E05075,6.622902082e-05,0
E05076,0.0001094273213,0
E05077,0.1559870302,0
E05078,0.01102047245,0
E05079,0.002548278614,0
E05080,0.0002282348422,0
E05081,0.000452225995,0
E05082,0.005347594488,0
E05083,0.0009591758755,0
E05084,0.0002916852524,0
E05085,0.0576859226,0
E05086,0.9495477278,1
E05087,3.71864356e-05,0
E05088,0.01075055566,0
E05089,0.2689246535,0
E05090,0.003734423969,0
E05091,3.372830456e-05,0
E05092,2.794187271e-05,0
E05093,0.001971333882,0
E05094,0.0003648222984,0
E05095,0.008068621855,0
E05096,0.0001518886437,0
E05097,6.433796003e-05,0
E05098,0.003146668375,0
E05099,0.06165096266,0
E05100,8.255176559e-05,0
E05101,7.630220231e-05,0
E05102,0.5352420604,0
E05103,0.001297604739,0
E05104,0.0001777108161,0
E05105,3.198720587e-05,0
E05106,4.513399265e-05,0
E05107,0.0005094072166,0
E05108,0.02035309921,0
E05109,0.001818566779,0
E05110,2.678845312e-05,0
E05111,0.0001819050211,0
E05112,0.00119060468,0
E05113,0.0002061767628,0
E05114,0.0001071062045,0
E05115,0.09053583968,0
E05116,0.0004286392186,0
E05117,0.00053064467,0
E05118,0.0001326766848,0
E05119,0.003030936624,0
E05120,0.0008735902034,0
E05121,6.501835528e-05,0
E05122,0.001128989289,0
E05123,0.0009736501535,0
E05124,4.176774066e-05,0
E05125,1.413111317e-05,0
E05126,0.01934279646,0
E05127,0.0003404129143,0
E05128,0.8653549368,1
E05129,0.0002869313865,0
E05130,0.0001199614419,0
E05131,8.041139602e-05,0
E05132,0.001619850848,0
E05133,4.318532711e-05,0
E05134,0.0005055853651,0
E05135,0.0006014588064,0
E05136,5.203112782e-05,0
E05137,0.0001196964915,0
E05138,2.210105388e-05,0
E05139,0.0001200636555,0
E05140,0.5806020198,0
E05141,0.06757149279,0
E05142,0.01374906501,0
E05143,6.885095279e-05,0
E05144,0.00392618817,0
E05145,6.74838822e-05,0
E05146,0.001553229222,0
E05147,0.004103901724,0
E05148,7.785345581e-05,0
E05149,0.0004288414821,0
E05150,0.000142140358,0
E05151,5.226681933e-05,0
E05152,0.6646413442,0
E05153,0.009570841107,0
E05154,0.001072223858,0
E05155,0.02064415944,0
E05156,4.27700268e-05,0
E05157,0.01305946878,0
E05158,0.0003274714416,0
E05159,2.579771162e-05,0
E05160,0.002041517354,0
E05161,0.0002771111514,0
E05162,0.0001618984993,0
E05163,0.005274082603,0
E05164,0.8772881832,1
E05165,0.001305750036,0
E05166,5.904240493e-05,0
E05167,7.080491988e-05,0
E05168,0.1507297353,0
E05169,0.2538465842,0
E05170,0.01650750649,0
E05171,0.6542296289,0
E05172,2.680312454e-05,0
E05173,3.57234057e-05,0
E05174,0.00130662538,0
E05175,6.408039334e-05,0
E05176,0.0002945224673,0
E05177,7.649855018e-05,0
E05178,0.04225623574,0
E05179,6.257591194e-05,0
E05180,0.08541839968,0
E05181,0.1114837496,0
E05182,0.0002191187486,0
E05183,0.00012377269,0
E05184,0.0004272918598,0
E05185,0.0008289198088,0
E05186,0.0005133854176,0
E05187,0.000532330259,0
E05188,4.467837972e-05,0
E05189,0.001531101201,0
E05190,0.0003179964524,0
E05191,8.926753031e-05,0
E05192,0.000241034873,0
E05193,0.000423626875,0
E05194,0.001499119931,0
E05195,0.000880695703,0
E05196,0.0001501914678,0
E05197,0.007233736482,0
E05198,0.0001078045538,0
E05199,0.2255856243,0
E05200,3.035129789e-05,0
E05201,0.0001226355426,0
E05202,4.157934907e-05,0
E05203,0.0001118493703,0
E05204,0.0001953876142,0
E05205,5.655132818e-05,0
E05206,0.00118966232,0
E05207,0.0003316270914,0
E05208,0.008632390883,0
E05209,7.584190585e-05,0
E05210,0.9940166347,1
E05211,0.0007483179356,0
E05212,0.2965928616,0
E05213,3.796947373e-05,0
E05214,9.525872367e-05,0
E05215,3.451725038e-05,0
E05216,0.0001900781801,0
E05217,0.0005086986376,0
E05218,0.004595276256,0
E05219,0.0003823240629,0
E05220,0.0004791195721,0
E05221,2.330327723e-05,0
E05222,7.093096219e-05,0
E05223,4.142569574e-05,0
E05224,0.0005122033708,0
E05225,2.930366428e-05,0
E05226,5.289281572e-05,0
E05227,0.0001204650464,0
E05228,3.306439288e-05,0
E05229,0.0001052910034,0
E05230,4.670862286e-05,0
E05231,5.96302323e-05,0
E05232,0.003733863462,0
E05233,9.621045218e-05,0
E05234,0.002155708763,0
E05235,5.546719257e-05,0
E05236,0.00242579298,0
E05237,0.0002271405208,0
E05238,0.001343903471,0
E05239,0.006987924399,0
E05240,0.0002175226344,0
E05241,3.954454482e-05,0
E05242,0.004347327601,0
E05243,4.397265382e-05,0
E05244,0.0001099514352,0
E05245,0.000459553938,0
E05246,6.763533744e-05,0
E05247,0.002124408164,0
E05248,6.435012737e-05,0
E05249,0.0002299438256,0
E05250,0.001494883497,0
E05251,4.33191944e-05,0
E05252,1.970141627e-05,0
E05253,0.02906020233,0
E05254,0.001010851147,0
E05255,0.0001400849656,0
E05256,0.0001077210957,0
E05257,8.079621159e-05,0
E05258,4.031770708e-05,0
E05259,0.0001418035919,0
E05260,1.764900367e-05,0
E05261,7.772489163e-05,0
E05262,3.89326518e-05,0
E05263,5.42664214e-05,0
E05264,0.0002753046673,0
E05265,5.595955491e-05,0
E05266,0.01416044198,0
E05267,7.585483707e-05,0
E05268,6.04071918e-05,0
E05269,9.987356204e-05,0
E05270,0.00940875217,0
E05271,0.002015148211,0
E05272,0.01463318347,0
E05273,0.0002465514854,0
E05274,0.008724565517,0
E05275,0.04367590905,0
E05276,0.1195566331,0
E05277,0.2747382256,0
E05278,0.0001507153649,0
E05279,6.001633066e-05,0
E05280,5.184374274e-05,0
E05281,2.539988509e-05,0
E05282,0.0002580503588,0
E05283,6.006400342e-05,0
E05284,0.3391750678,0
E05285,0.001715942762,0
E05286,0.000108478267,0
E05287,2.264952922e-05,0
E05288,0.0001782300434,0
E05289,0.05811837908,0
E05290,0.000133204115,0
E05291,0.0006555210586,0
E05292,0.001568903503,0
E05293,0.001102225576,0
E05294,0.001091320003,0
E05295,0.8237822911,1
E05296,0.01980253782,0
E05297,0.8939177829,1
E05298,0.0001186959883,0
E05299,0.01307487635,0
E05300,2.50286717e-05,0
E05301,0.009658544919,0
E05302,0.000292179402,0
E05303,0.0002800381105,0
E05304,0.0001539454378,0
E05305,0.8455925622,1
E05306,0.9249879579,1
E05307,0.0001154156564,0
E05308,9.848634337e-05,0
E05309,0.5904719612,0
E05310,0.0006545632026,0
E05311,0.001322692172,0
E05312,6.088028763e-05,0
E05313,8.53803594e-05,0
E05314,0.1588775184,0
E05315,5.843118781e-05,0
E05316,9.997345569e-05,0
E05317,0.1074365348,0
E05318,0.001140926762,0
E05319,0.0003304319765,0
E05320,6.078377966e-05,0
E05321,1.660119172e-05,0
E05322,6.329749837e-05,0
E05323,2.059178601e-05,0
E05324,1.936502007e-05,0
E05325,0.0006237653992,0
E05326,2.68125411e-05,0
E05327,0.8029457938,1
E05328,0.04928417955,0
E05329,0.0003027743567,0
E05330,0.0005873446549,0
E05331,0.9960675697,1
E05332,5.728801976e-05,0
E05333,3.62254444e-05,0
E05334,0.008675416601,0
E05335,6.552249634e-05,0
E05336,0.0002394057047,0
E05337,0.0007402514302,0
E05338,0.01016492943,0
E05339,3.599343475e-05,0
E05340,0.0002524544016,0
E05341,0.0003866557356,0
E05342,5.754343689e-05,0
E05343,0.1859243869,0
E05344,5.378430348e-05,0
E05345,8.614898352e-05,0
E05346,0.04530452147,0
E05347,0.004663937248,0
E05348,0.0002659601644,0
E05349,0.9632818311,1
E05350,0.2800047286,0
E05351,0.0109010685,0
E05352,0.1032851214,0
E05353,0.0001333865204,0
E05354,0.04849681607,0
E05355,0.0001997426378,0
E05356,8.836426609e-05,0
E05357,4.962847882e-05,0
E05358,6.784878266e-05,0
E05359,0.0001386665633,0
E05360,0.0005735485916,0
E05361,0.0007250875912,0
E05362,0.001496007865,0
E05363,7.313448212e-05,0
E05364,0.007967115645,0
E05365,0.0001537669635,0
E05366,0.0002731485204,0
E05367,0.0002513726794,0
E05368,0.006763558278,0
E05369,4.401106252e-05,0
E05370,7.699005607e-05,0
E05371,0.0001058834565,0
E05372,0.9151416632,1
E05373,0.9847498256,1
E05374,0.002550942289,0
E05375,0.0003799744454,0
E05376,6.771849042e-05,0
E05377,3.287934633e-05,0
E05378,0.00214182736,0
E05379,0.000695832716,0
E05380,2.700190575e-05,0
E05381,0.9925830066,1
E05382,0.9833556269,1
E05383,0.9098449274,1
E05384,0.003082842962,0
E05385,0.0008014583776,0
E05386,0.008511539812,0
E05387,0.1554403768,0
E05388,0.17912119,0
E05389,5.325394895e-05,0
E05390,0.2297926543,0
E05391,0.002256836351,0
E05392,0.001843805869,0
E05393,0.0001243237649,0
E05394,0.0009371353955,0
E05395,0.0001859211236,0
E05396,0.02437687567,0
E05397,0.001514361606,0
E05398,0.0005098914144,0
E05399,0.0005227565826,0
E05400,0.0009778438496,0
E05401,0.000693113763,0
E05402,6.56144468e-05,0
E05403,0.0001127601772,0
E05404,0.0003653604967,0
E05405,0.001017554245,0
E05406,0.9556568073,1
E05407,4.811294137e-05,0
E05408,0.001637728233,0
E05409,2.912878924e-05,0
E05410,0.001496634653,0
E05411,0.001063346463,0
E05412,9.976583202e-05,0
E05413,0.0008127606225,0
E05414,0.001884782441,0
E05415,2.340126361e-05,0
E05416,0.0002326652555,0
E05417,0.04725704322,0
E05418,0.002251998926,0
E05419,0.001168347615,0
E05420,0.09489747248,0
E05421,0.0001674339281,0
E05422,3.225908626e-05,0
E05423,0.0006270543571,0
E05424,0.0003932548873,0
E05425,4.742072927e-05,0
E05426,0.0006015410698,0
E05427,8.417643858e-05,0
E05428,5.348394816e-05,0
E05429,0.0838462155,0
E05430,0.008811855299,0
E05431,0.3617057778,0
E05432,0.974668372,1
E05433,0.01484704694,0
E05434,0.001296881142,0
E05435,0.01936652042,0
E05436,6.537277006e-05,0
E05437,2.051051714e-05,0
E05438,0.01131193593,0
E05439,0.0001853603351,0
E05440,0.3132790854,0
E05441,9.110920533e-05,0
E05442,0.008622756889,0
E05443,4.173692785e-05,0
E05444,0.004171018953,0
E05445,0.01165335734,0
E05446,0.0004226251144,0
E05447,1.924828919e-05,0
E05448,0.0001450310359,0
E05449,0.000123026162,0
E05450,0.5347167569,0
E05451,6.278420883e-05,0
E05452,0.0001385312842,0
E05453,5.609079219e-05,0
E05454,0.02109410913,0
E05455,0.005319128492,0
E05456,0.0001271919524,0
E05457,0.0001240971351,0
E05458,5.192618205e-05,0
E05459,0.0007638094053,0
E05460,0.0001042544392,0
E05461,0.000831728877,0
E05462,3.411341562e-05,0
E05463,5.325092911e-05,0
E05464,0.0002089453615,0
E05465,0.000535574921,0
E05466,0.0005930819054,0
E05467,0.003099022975,0
E05468,0.0001807704265,0
E05469,0.0002165757454,0
E05470,6.89978455e-05,0
E05471,0.0002408758981,0
E05472,0.001274323607,0
E05473,7.833388519e-05,0
E05474,0.0003140359088,0
E05475,0.0007951022812,0
E05476,3.727868726e-05,0
E05477,0.0001911163472,0
E05478,4.325542918e-05,0
E05479,0.001895126085,0
E05480,0.2719594843,0
E05481,8.062839147e-05,0
E05482,0.0001341887066,0
E05483,2.107209829e-05,0
E05484,0.001999287059,0
E05485,0.00122668665,0
E05486,3.907387839e-05,0
E05487,0.004701058954,0
E05488,8.487149675e-05,0
E05489,8.604577466e-05,0
E05490,0.02783679763,0
E05491,0.002795767235,0
E05492,0.01545547832,0
E05493,8.073664049e-05,0
E05494,0.001745174104,0
E05495,0.000282637111,0
E05496,0.000143931114,0
E05497,0.0001873020083,0
E05498,5.548268789e-05,0
E05499,0.0002360188166,0
E05500,0.0002603157951,0
E05501,0.01349537346,0
E05502,0.001238609654,0
E05503,7.043800424e-05,0
E05504,0.0001947512302,0
E05505,0.0002984879811,0
E05506,2.425516269e-05,0
E05507,4.366293852e-05,0
E05508,7.362493171e-05,0
E05509,0.000118116326,0
E05510,0.003681324148,0
E05511,0.0003684498199,0
E05512,6.273536169e-05,0
E05513,5.318634074e-05,0
E05514,6.501930586e-05,0
E05515,9.7665348e-05,0
E05516,0.002697235216,0
E05517,0.9512117914,1
E05518,0.4243181479,0
E05519,0.7316784894,0
E05520,0.0004113954932,0
E05521,5.107837181e-05,0
E05522,0.0001124526957,0
E05523,0.0001678919063,0
E05524,0.0001180928856,0
E05525,0.008993916347,0
E05526,0.0006119801644,0
E05527,0.001686045333,0
E05528,0.01659264367,0
E05529,0.009533811299,0
E05530,0.002391161937,0
E05531,0.0001237882768,0
E05532,0.01923364645,0
E05533,0.003400660795,0
E05534,3.186814585e-05,0
E05535,9.714466912e-05,0
E05536,0.002950046595,0
E05537,0.009067755156,0
E05538,7.374747567e-05,0
E05539,0.0001036793003,0
E05540,0.00378551498,0
E05541,0.00241713435,0
E05542,2.269474733e-05,0
E05543,8.089836129e-05,0
E05544,0.02679433557,0
E05545,7.067495888e-05,0
E05546,1.743145864e-05,0
E05547,0.0001090816547,0
E05548,0.0003495759061,0
E05549,0.00297522876,0
E05550,0.004759236554,0
E05551,8.388892894e-05,0
E05552,0.0002771006002,0
E05553,0.0003930027071,0
E05554,0.007264547176,0
E05555,0.0001080715857,0
E05556,0.322639069,0
E05557,3.511371077e-05,0
E05558,0.9187467634,1
E05559,0.02019936615,0
E05560,8.927893859e-05,0
E05561,0.1111298876,0
E05562,5.598973969e-05,0
E05563,7.559811386e-05,0
E05564,0.004946064031,0
E05565,5.452214046e-05,0
E05566,2.555083469e-05,0
E05567,5.39600952e-05,0
E05568,0.0005199189977,0
E05569,3.066969331e-05,0
E05570,4.383372551e-05,0
E05571,0.001328436987,0
E05572,0.000148129715,0
E05573,5.746330726e-05,0
E05574,0.0002993386843,0
E05575,0.0001411139263,0
E05576,6.390329056e-05,0
E05577,0.0003609741088,0
E05578,0.000154715913,0
E05579,3.448900618e-05,0
E05580,0.1641389891,0
E05581,0.03812248476,0
E05582,0.0001019709829,0
E05583,0.0003446663686,0
E05584,3.045663974e-05,0
E05585,0.1757388473,0
E05586,0.0001219972657,0
E05587,5.539211584e-05,0
E05588,0.7781091141,0
E05589,0.001774533379,0
E05590,0.0001368125854,0
E05591,0.002612904451,0
E05592,0.0007218046455,0
E05593,0.0002742478937,0
E05594,0.0002452600716,0
E05595,0.0001155255438,0
E05596,3.651160292e-05,0
E05597,0.0006700104815,0
E05598,0.0006766775153,0
E05599,0.01962629883,0
E05600,0.0003141028035,0
E05601,0.0002742354455,0
E05602,4.077660012e-05,0
E05603,0.003364106887,0
E05604,0.0009243287978,0
E05605,2.476480398e-05,0
E05606,0.0004861952196,0
E05607,0.01227975233,0
E05608,0.001245104904,0
E05609,5.644365262e-05,0
E05610,0.1432754385,0
E05611,4.383897906e-05,0
E05612,0.007145273213,0
E05613,0.02159943196,0
E05614,4.431075847e-05,0
E05615,0.000100449253,0
E05616,0.0003803574601,0
E05617,0.06703244801,0
E05618,0.0005076388642,0
E05619,0.003093947298,0
E05620,0.0009068480239,0
E05621,0.0001579086697,0
E05622,5.636113661e-05,0
E05623,6.247600612e-05,0
E05624,0.01280874707,0
E05625,5.458721056e-05,0
E05626,0.0007905717531,0
E05627,2.184084032e-05,0
E05628,0.06100282505,0
E05629,0.01202139011,0
E05630,0.9818179898,1
E05631,5.365963486e-05,0
E05632,0.003222595581,0
E05633,0.0001537124942,0
E05634,0.0005117850025,0
E05635,8.352993704e-05,0
E05636,0.639238467,0
E05637,0.0006621714187,0
E05638,8.827567308e-05,0
E05639,4.558753301e-05,0
E05640,0.0003673307072,0
E05641,0.0001117515827,0
E05642,5.71007571e-05,0
E05643,0.2418974866,0
E05644,0.0002549428093,0
E05645,0.0001352363569,0
E05646,0.3801312406,0
E05647,3.087981395e-05,0
E05648,9.476175713e-05,0
E05649,0.0001377772965,0
E05650,0.09285444891,0
E05651,0.0001243579778,0
E05652,4.587177444e-05,0
E05653,0.005781536318,0
E05654,6.209915612e-05,0
E05655,6.266606363e-05,0
E05656,0.0001441716086,0
E05657,5.258595496e-05,0
E05658,0.002717922379,0
E05659,3.859231747e-05,0
E05660,0.0001554248767,0
E05661,0.0008535453898,0
E05662,4.486900249e-05,0
E05663,0.6759799703,0
E05664,0.0001883307252,0
E05665,0.001665302501,0
E05666,0.000900982785,0
E05667,5.084960097e-05,0
E05668,6.367411125e-05,0
E05669,5.831194561e-05,0
E05670,0.0002206122744,0
E05671,3.126300792e-05,0
E05672,0.0007714999275,0
E05673,8.817204245e-05,0
E05674,4.684159675e-05,0
E05675,0.0001057262186,0
E05676,0.0003207836184,0
E05677,3.104618246e-05,0
E05678,5.132352551e-05,0
E05679,0.001685775178,0
E05680,9.055865203e-05,0
E05681,0.0002519498297,0
E05682,4.047331033e-05,0
E05683,0.006911502536,0
E05684,6.221557488e-05,0
E05685,4.287214613e-05,0
E05686,1.727898851e-05,0
E05687,5.510145746e-05,0
E05688,0.0003818105545,0
E05689,2.117389588e-05,0
E05690,0.0001851233886,0
E05691,2.103929075e-05,0
E05692,0.0001702801072,0
E05693,4.327009458e-05,0
E05694,0.0001239849815,0
E05695,0.9955374151,1
E05696,0.3297182502,0
E05697,3.279031675e-05,0
E05698,0.2226642307,0
E05699,6.58213589e-05,0
E05700,0.0001515998423,0
E05701,0.0001522950932,0
E05702,0.01857546944,0
E05703,0.001106186614,0
E05704,0.006842421302,0
E05705,0.0001087074108,0
E05706,0.0003262694516,0
E05707,0.01982613622,0
E05708,0.0001271904617,0
E05709,0.0008158263678,0
E05710,0.0002303128463,0
E05711,2.613971637e-05,0
E05712,3.900265758e-05,0
E05713,0.000580807864,0
E05714,0.0002611666271,0
E05715,0.00202936453,0
E05716,0.0003013808151,0
E05717,0.0001167850688,0
E05718,0.0001865620817,0
E05719,0.000244917421,0
E05720,0.004296864974,0
E05721,0.0003183754354,0
E05722,3.760007124e-05,0
E05723,0.2027339731,0
E05724,0.08211894426,0
E05725,0.02978036281,0
E05726,7.844655656e-05,0
E05727,0.02009658096,0
E05728,0.46438067,0
E05729,0.7667158309,0
E05730,0.0001619682618,0
E05731,2.859750487e-05,0
E05732,0.005151278212,0
E05733,0.5547166925,0
E05734,7.04963977e-05,0
E05735,7.705053473e-05,0
E05736,4.007642312e-05,0
E05737,0.0002201646451,0
E05738,2.118230357e-05,0
E05739,0.0008094505992,0
E05740,0.0004519715018,0
E05741,0.0003279953709,0
E05742,0.00021651891,0
E05743,0.1811968109,0
E05744,0.003524249509,0
E05745,0.0003213015835,0
E05746,7.109820774e-05,0
E05747,0.00102684057,0
E05748,8.277226939e-05,0
E05749,0.7540448066,0
E05750,0.5903559902,0
E05751,2.147395345e-05,0
E05752,0.0003386351732,0
E05753,0.000483623,0
E05754,0.1712221363,0
E05755,0.0001368406886,0
E05756,0.0003815147295,0
E05757,2.718991629e-05,0
E05758,5.07162274e-05,0
E05759,0.0001224536081,0
E05760,0.4318726427,0
E05761,0.006021946433,0
E05762,7.662304649e-05,0
E05763,0.001002686417,0
E05764,0.0002578064494,0
E05765,0.009312923057,0
E05766,0.005004641844,0
E05767,0.1036108333,0
E05768,0.01012433401,0
E05769,0.8567730648,1
E05770,0.0007213112227,0
E05771,0.0001553786232,0
E05772,0.01678664043,0
E05773,0.005349831688,0
E05774,4.906115542e-05,0
E05775,0.0002444770752,0
E05776,0.0001760897807,0
E05777,0.8897205,1
E05778,0.003876715848,0
E05779,0.6713754767,0
E05780,0.0009448508148,0
E05781,5.733681167e-05,0
E05782,0.8932058863,1
E05783,0.4509869,0
E05784,0.997635031,1
E05785,0.9462061162,1
E05786,0.9979479893,1
E05787,0.9929003972,1
E05788,0.001474580905,0
E05789,7.650612744e-05,0
E05790,0.0001774995107,0
E05791,4.776861161e-05,0
E05792,7.302899034e-05,0
E05793,0.0002886349472,0
E05794,0.8618825021,1
E05795,0.210713731,0
E05796,4.821333103e-05,0
E05797,0.002087365111,0
E05798,6.73647313e-05,0
E05799,0.0001314464979,0
E05800,0.00135635069,0
E05801,2.131570492e-05,0
E05802,0.06851110002,0
E05803,3.938716358e-05,0
E05804,0.001134285294,0
E05805,4.388666989e-05,0
E05806,6.465847155e-05,0
E05807,2.705572413e-05,0
E05808,4.748444256e-05,0
E05809,0.1687906809,0
E05810,0.001303929586,0
E05811,0.0006670330369,0
E05812,0.0007237823756,0
E05813,0.2384638396,0
E05814,0.001287598828,0
E05815,0.007471000305,0
E05816,0.9742438075,1
E05817,0.0009168446341,0
E05818,0.976221432,1
E05819,0.00274760028,0
E05820,0.0001506061297,0
E05821,0.002651436365,0
E05822,0.0001294021186,0
E05823,0.1117433187,0
E05824,0.022148272,0
E05825,0.01241614428,0
E05826,0.0007478363224,0
E05827,0.0003193326547,0
E05828,0.0131198042,0
E05829,1.510194172e-05,0
E05830,4.270603558e-05,0
E05831,0.001677977985,0
E05832,0.0001589866921,0
E05833,0.00227823993,0
E05834,0.001183740766,0
E05835,0.3699734365,0
E05836,0.2399013834,0
E05837,2.908947592e-05,0
E05838,0.001199772672,0
E05839,0.0001474552263,0
E05840,0.0001986116546,0
E05841,0.0008659445743,0
E05842,5.080260306e-05,0
E05843,5.240164627e-05,0
E05844,0.0002631566961,0
E05845,0.0005290763733,0
E05846,8.986657077e-05,0
E05847,0.0002430286205,0
E05848,2.908810094e-05,0
E05849,0.0003024838655,0
E05850,0.0007281590287,0
E05851,0.002440154161,0
E05852,0.0004550985374,0
E05853,0.005648700269,0
E05854,0.0001401404834,0
E05855,0.0001556189285,0
E05856,0.0147258228,0
E05857,0.0001033386777,0
E05858,0.0002141257033,0
E05859,4.635809241e-05,0
E05860,6.376231628e-05,0
E05861,0.001097658836,0
E05862,0.06760928321,0
E05863,0.0017013814,0
E05864,8.470983707e-05,0
E05865,0.005944329945,0
E05866,6.574897301e-05,0
E05867,0.3964800311,0
E05868,0.007260241253,0
E05869,0.0006518909681,0
E05870,0.3674442433,0
E05871,0.02975969589,0
E05872,0.9623755883,1
E05873,0.007325691531,0
E05874,0.006093743547,0
E05875,3.481013764e-05,0
E05876,0.0002978408688,0
E05877,3.888498073e-05,0
E05878,0.0001496384701,0
E05879,3.085964944e-05,0
E05880,0.006419341347,0
E05881,0.001087829486,0
E05882,0.0001224982403,0
E05883,0.0002770562353,0
E05884,0.005814961475,0
E05885,9.761153005e-05,0
E05886,0.0003821258224,0
E05887,0.0002468574577,0
E05888,0.0008292125906,0
E05889,0.9996867745,1
E05890,0.0001972436927,0
E05891,0.0006112709189,0
E05892,9.165312927e-05,0
E05893,0.0002855407305,0
E05894,0.001026431517,0
E05895,0.0001687147475,0
E05896,0.00619940258,0
E05897,0.6012410588,0
E05898,0.0001030241029,0
E05899,3.641451781e-05,0
E05900,3.611759993e-05,0
E05901,4.365950984e-05,0
E05902,0.0004010735611,0
E05903,0.03396218725,0
E05904,0.0002402092452,0
E05905,0.7886859717,0
E05906,0.9269374269,1
E05907,4.712433154e-05,0
E05908,0.0008700227374,0
E05909,0.4055910971,0
E05910,0.2600006931,0
E05911,0.003188007394,0
E05912,0.0004943614248,0
E05913,3.89136788e-05,0
E05914,0.0005758972171,0
E05915,0.002250381569,0
E05916,0.0001490871327,0
E05917,0.0009161082372,0
E05918,0.3319687657,0
E05919,7.030915632e-05,0
E05920,0.1329909294,0
E05921,0.001189054406,0
E05922,9.08493233e-05,0
E05923,0.8268467069,1
E05924,0.01057223617,0
E05925,0.000523902273,0
E05926,0.02655226934,0
E05927,0.0003103614893,0
E05928,0.01628721517,0
E05929,0.3702269693,0
E05930,0.002922381956,0
E05931,0.2090145719,0
E05932,0.0001084702528,0
E05933,3.809479479e-05,0
E05934,0.003098452641,0
E05935,9.013378524e-05,0
E05936,8.044277652e-05,0
E05937,0.003125020174,0
E05938,0.002245186793,0
E05939,0.6351987321,0
E05940,0.0003303603876,0
E05941,0.0001100627961,0
E05942,0.557693591,0
E05943,3.511014146e-05,0
E05944,0.0006581708026,0
E05945,0.00047792652,0
E05946,3.717707414e-05,0
E05947,0.002664128828,0
E05948,0.4787643252,0
E05949,2.771864086e-05,0
E05950,0.8857156217,1
E05951,6.344783746e-05,0
E05952,0.0001365485776,0
E05953,0.0006332648621,0
E05954,0.01083845692,0
E05955,5.281054559e-05,0
E05956,0.0001992757712,0
E05957,0.9545454969,1
E05958,0.0001146807933,0
E05959,6.953854147e-05,0
E05960,0.4062653703,0
E05961,3.197990931e-05,0
E05962,0.4134079078,0
E05963,0.9909323056,1
E05964,0.004004785568,0
E05965,4.004569672e-05,0
E05966,0.1448384247,0
E05967,0.006037762617,0
E05968,8.845786681e-05,0
E05969,0.0002314195317,0
E05970,0.0001571646087,0
E05971,0.940746224,1
E05972,0.004555551937,0
E05973,0.006208158264,0
E05974,0.01093283392,0
E05975,0.01941984242,0
E05976,5.839797263e-05,0
E05977,0.0002805107537,0
E05978,0.9241785117,1
E05979,0.0001846381619,0
E05980,0.00167189709,0
E05981,0.003842588641,0
E05982,0.005107904866,0
E05983,0.04843039459,0
E05984,6.471377525e-05,0
E05985,5.49401346e-05,0
E05986,2.532311549e-05,0
E05987,2.530870425e-05,0
E05988,4.827333286e-05,0
E05989,0.00229723405,0
E05990,0.0002648287603,0
E05991,0.01361620562,0
E05992,0.001286835612,0
E05993,7.242192642e-05,0
E05994,0.00236478349,0
E05995,0.02055320888,0
E05996,5.203099502e-05,0
E05997,0.0001587694602,0
E05998,0.01878248725,0
E05999,0.01837782559,0
E06000,3.44117772e-05,0
E06001,6.075522763e-05,0
E06002,2.831229885e-05,0
E06003,0.008322997181,0
E06004,1.441243263e-05,0
E06005,0.000115806611,0
E06006,6.028654799e-05,0
E06007,0.0001938063574,0
E06008,0.005179076713,0
E06009,4.802370574e-05,0
E06010,0.1170024421,0
E06011,0.1499321758,0
E06012,0.01279880956,0
E06013,0.0001505889858,0
E06014,9.69559748e-05,0
E06015,0.0004198995902,0
E06016,0.001593508212,0
E06017,1.501742518e-05,0
E06018,0.008440570078,0
E06019,0.925103054,1
E06020,0.0004221638747,0
E06021,0.0001401459408,0
E06022,0.001156665637,0
E06023,0.03618373627,0
E06024,0.0001059110832,0
E06025,6.515241694e-05,0
E06026,3.673075849e-05,0
E06027,0.6584880427,0
E06028,0.0006468416481,0
E06029,0.0002559519332,0
E06030,0.0001142643288,0
E06031,0.0001518583047,0
E06032,0.7945736664,0
E06033,0.0001327465959,0
E06034,2.26988717e-05,0
E06035,0.003117588636,0
E06036,0.08462305334,0
E06037,0.004593962899,0
E06038,0.0003484749908,0
E06039,0.0008680094008,0
E06040,0.001508030195,0
E06041,0.001229731271,0
E06042,1.563796378e-05,0
E06043,9.17653385e-05,0
E06044,0.1589950974,0
E06045,8.694854394e-05,0
E06046,0.001141016089,0
E06047,0.0005632415839,0
E06048,4.323166499e-05,0
E06049,0.003764485123,0
E06050,4.76003003e-05,0
E06051,0.09463122199,0
E06052,4.246682922e-05,0
E06053,0.0002455630574,0
E06054,0.0001446960598,0
E06055,0.8718332684,1
E06056,0.003518595748,0
E06057,0.006447886032,0
E06058,2.650896479e-05,0
E06059,0.001709386867,0
E06060,0.9091389923,1
E06061,0.0001030794043,0
E06062,2.307788057e-05,0
E06063,4.694474008e-05,0
E06064,4.300443619e-05,0
E06065,8.005663732e-05,0
E06066,9.592012949e-05,0
E06067,0.0001134772665,0
E06068,0.1537787357,0
E06069,0.0001788294842,0
E06070,0.0002066922424,0
E06071,0.003836861334,0
E06072,0.01039811359,0
E06073,0.002111706147,0
E06074,0.001883752241,0
E06075,0.0001800242547,0
E06076,0.991185143,1
E06077,4.586601809e-05,0
E06078,7.862995337e-05,0
E06079,0.005741292475,0
E06080,4.798621833e-05,0
E06081,0.9582275763,1
E06082,0.001063960406,0
E06083,0.0001001222356,0
E06084,0.0001447060415,0
E06085,0.0002055340755,0
E06086,0.0001107546281,0
E06087,8.345541816e-05,0
E06088,0.0004457158279,0
E06089,0.0002928174932,0
E06090,0.8857637345,1
E06091,6.153008496e-05,0
E06092,0.283371818,0
E06093,0.0001037412232,0
E06094,1.936261911e-05,0
E06095,0.0003899682652,0
E06096,3.332067588e-05,0
E06097,0.0001128160614,0
E06098,0.0001237859674,0
E06099,0.006115201097,0
E06100,0.0001465949395,0
E06101,0.0003545950225,0
E06102,0.0004230679949,0
E06103,4.274498058e-05,0
E06104,4.178160356e-05,0
E06105,0.04260384779,0
E06106,0.0007716661826,0
E06107,3.105121279e-05,0
E06108,9.139888676e-05,0
E06109,0.01033694903,0
E06110,2.035188773e-05,0
E06111,0.0001621299878,0
E06112,0.0005089910501,0
E06113,6.390745411e-05,0
E06114,0.0002339544313,0
E06115,7.295205721e-05,0
E06116,6.19884345e-05,0
E06117,2.887327573e-05,0
E06118,9.759056589e-05,0
E06119,5.97323134e-05,0
E06120,0.0002153976334,0
E06121,5.558469036e-05,0
E06122,0.06107997356,0
E06123,0.001191873531,0
E06124,0.0004553622747,0
E06125,0.6524558148,0
E06126,2.611281586e-05,0
E06127,2.945661327e-05,0
E06128,5.91429436e-05,0
E06129,0.001563283889,0
E06130,0.04853558545,0
E06131,0.001291734917,0
E06132,0.0001211184883,0
E06133,0.454899251,0
E06134,0.0001478487254,0
E06135,0.006760707699,0
E06136,0.02159128589,0
E06137,0.0008829774342,0
E06138,0.0007270940578,0
E06139,0.005921103426,0
E06140,3.429413694e-05,0
E06141,0.0003948819201,0
E06142,4.171813145e-05,0
E06143,6.188418608e-05,0
E06144,0.01181518692,0
E06145,0.8397896231,1
E06146,2.985605038e-05,0
E06147,0.000203036904,0
E06148,8.929310141e-05,0
E06149,8.23832164e-05,0
E06150,0.0003184676073,0
E06151,0.0001175048162,0
E06152,4.687377231e-05,0
E06153,1.727813879e-05,0
E06154,0.002114768814,0
E06155,0.0001631020735,0
E06156,8.389719068e-05,0
E06157,0.0001333350252,0
E06158,3.131027882e-05,0
E06159,0.0001800352145,0
E06160,0.0003085057863,0
E06161,0.0003231581649,0
E06162,8.442296052e-05,0
E06163,0.0001308880846,0
E06164,0.0001732871849,0
E06165,0.0002097278432,0
E06166,0.0002150647564,0
E06167,0.001308175963,0
E06168,0.0001030688437,0
E06169,5.989996014e-05,0
E06170,0.002535858316,0
E06171,3.417446034e-05,0
E06172,0.000421291385,0
E06173,6.230825708e-05,0
E06174,0.001193062357,0
E06175,0.01709841692,0
E06176,0.08736249077,0
E06177,0.0001727978274,0
E06178,4.732661061e-05,0
E06179,0.004623959946,0
E06180,0.0001733755187,0
E06181,0.001058710022,0
E06182,0.0004053997911,0
E06183,0.0003772169556,0
E06184,0.9400911917,1
E06185,0.6828488458,0
E06186,2.18555955e-05,0
E06187,0.0002923304965,0
E06188,6.038173983e-05,0
E06189,0.01270980183,0
E06190,0.0001323695137,0
E06191,0.0004772717525,0
E06192,0.000493854157,0
E06193,0.0003112457439,0
E06194,0.05349905494,0
E06195,0.1540107324,0
E06196,0.008097317374,0
E06197,3.881340897e-05,0
E06198,4.723901983e-05,0
E06199,0.00125802266,0
E06200,0.0001002739245,0
E06201,0.001522083393,0
E06202,0.00744872356,0
E06203,7.061682352e-05,0
E06204,0.0006801248782,0
E06205,0.0001787365061,0
E06206,0.002016548621,0
E06207,0.004410186236,0
E06208,0.004042667275,0
E06209,0.008712948438,0
E06210,0.0005131706351,0
E06211,2.612883823e-05,0
E06212,0.001271378004,0
E06213,0.0001050979275,0
E06214,0.00473475677,0
E06215,0.007696469146,0
E06216,0.7555093749,0
E06217,0.2103994821,0
E06218,0.001166452993,0
E06219,0.1880891439,0
E06220,0.006466745593,0
E06221,0.005698748184,0
E06222,6.224994064e-05,0
E06223,4.506987411e-05,0
E06224,0.0002736539076,0
E06225,0.002289793375,0
E06226,0.0003463664174,0
E06227,7.407482298e-05,0
E06228,0.0007435016963,0
E06229,2.68725106e-05,0
E06230,0.0002027760903,0
E06231,2.76523105e-05,0
E06232,0.3901425712,0
E06233,0.05022193647,0
E06234,0.03245914097,0
E06235,3.422503483e-05,0
E06236,0.9532003902,1
E06237,0.0002990833365,0
E06238,0.0005680164077,0
E06239,0.002441234109,0
E06240,5.126375735e-05,0
E06241,1.908004158e-05,0
E06242,8.459650427e-05,0
E06243,0.0078557596,0
E06244,3.5996983e-05,0
E06245,0.1605444706,0
E06246,0.05895468322,0
E06247,0.0002641888921,0
E06248,0.0002271408302,0
E06249,0.2606922983,0
E06250,0.2446167701,0
E06251,0.0002787021472,0
E06252,0.0002710632469,0
E06253,0.0001729001605,0
E06254,0.0002208092059,0
E06255,0.007852762246,0
E06256,4.473977033e-05,0
E06257,4.005522106e-05,0
E06258,2.740729575e-05,0
E06259,6.058546333e-05,0
E06260,4.588476509e-05,0
E06261,0.0003027210479,0
E06262,0.001490451897,0
E06263,0.0004621314818,0
E06264,0.0001824620608,0
E06265,6.384014242e-05,0
E06266,0.0003196169688,0
E06267,8.349321015e-05,0
E06268,7.895582183e-05,0
E06269,0.0002060401594,0
E06270,0.8486455774,1
E06271,0.0003990090365,0
E06272,0.002611273425,0
E06273,0.0002108397762,0
E06274,5.793487082e-05,0
E06275,0.0008617147621,0
E06276,0.0008777647822,0
E06277,2.034216236e-05,0
E06278,5.905874978e-05,0
E06279,0.000639935394,0
E06280,0.000538631096,0
E06281,0.01907267129,0
E06282,0.9978237031,1
E06283,7.321786737e-05,0
E06284,2.61319731e-05,0
E06285,0.9644240655,1
E06286,6.28492888e-05,0
E06287,0.000467621453,0
E06288,5.033363003e-05,0
E06289,8.160138415e-05,0
E06290,0.0006580989646,0
E06291,0.0007238932628,0
E06292,0.0001401566393,0
E06293,8.974025347e-05,0
E06294,0.001857966397,0
E06295,0.8903919583,1
E06296,0.0009221054659,0
E06297,0.004705113256,0
E06298,0.0001812740145,0
E06299,0.002530325967,0
E06300,1.875963009e-05,0
E06301,0.9523089664,1
E06302,0.0013668987,0
E06303,0.0002830861245,0
E06304,5.711891435e-05,0
E06305,0.01596247657,0
E06306,9.953703926e-05,0
E06307,0.0006228150246,0
E06308,0.000192442468,0
E06309,0.002754567784,0
E06310,0.0005637341833,0
E06311,0.6488124247,0
E06312,0.01402045403,0
E06313,0.9224619236,1
E06314,5.30438503e-05,0
E06315,0.001068102729,0
E06316,0.02683311447,0
E06317,0.0001809153611,0
E06318,3.690028266e-05,0
E06319,0.0006698432323,0
E06320,9.646415978e-05,0
E06321,0.0006768387056,0
E06322,0.01039537181,0
E06323,0.001766664207,0
E06324,0.002320143682,0
E06325,0.0006760759909,0
E06326,0.0002645685469,0
E06327,5.911291167e-05,0
E06328,0.001498767093,0
E06329,5.233391024e-05,0
E06330,0.001616274667,0
E06331,0.004379458203,0
E06332,0.0002571698288,0
E06333,0.0001808791747,0
E06334,0.0003845184265,0
E06335,0.002362104101,0
E06336,0.01981318435,0
E06337,2.246838837e-05,0
E06338,3.301294478e-05,0
E06339,0.0001355355266,0
E06340,6.147752895e-05,0
E06341,0.9830780476,1
E06342,0.6181068536,0
E06343,6.566114776e-05,0
E06344,0.001171555244,0
E06345,0.0019297095,0
E06346,0.002663292369,0
E06347,0.01388295083,0
E06348,0.3952525226,0
E06349,0.003848931926,0
E06350,0.001376440759,0
E06351,0.01451868349,0
E06352,6.910556321e-05,0
E06353,0.0002824634943,0
E06354,0.0008446899399,0
E06355,0.2238253601,0
E06356,5.835403117e-05,0
E06357,4.079605006e-05,0
E06358,0.6467772342,0
E06359,3.975628039e-05,0
E06360,0.0002578842479,0
E06361,0.5316256195,0
E06362,1.829381511e-05,0
E06363,1.839383571e-05,0
E06364,0.0001237924502,0
E06365,5.964802431e-05,0
E06366,0.001285423065,0
E06367,0.001738039449,0
E06368,0.0382264742,0
E06369,0.008086861002,0
E06370,0.0002749421881,0
E06371,0.0003244191829,0
E06372,0.0005787959643,0
E06373,0.0006029920661,0
E06374,0.01524479154,0
E06375,0.0589399932,0
E06376,4.932072072e-05,0
E06377,0.2893637618,0
E06378,4.569673809e-05,0
E06379,0.0001233039473,0
E06380,7.059332851e-05,0
E06381,0.0002100510913,0
E06382,0.001183892749,0
E06383,0.01453622758,0
E06384,0.00387677089,0
E06385,7.284274948e-05,0
E06386,6.72295377e-05,0
E06387,0.0001885610739,0
E06388,0.001908990064,0
E06389,0.001668147486,0
E06390,0.002079188082,0
E06391,0.001221972532,0
E06392,0.001876683571,0
E06393,0.0001237913103,0
E06394,0.0004441819086,0
E06395,0.0002480466643,0
E06396,0.009893450703,0
E06397,0.007697606377,0
E06398,0.002106549189,0
E06399,0.002490073245,0
E06400,2.881535923e-05,0
E06401,0.5633667787,0
E06402,0.0006611964631,0
E06403,0.003828317339,0
E06404,0.6575438002,0
E06405,0.0002799042644,0
E06406,0.0002102302759,0
E06407,0.0001080814356,0
E06408,4.781595465e-05,0
E06409,0.008831057657,0
E06410,0.9886520951,1
E06411,0.4524165706,0
E06412,0.5671077005,0
E06413,0.001037844864,0
E06414,0.01232480806,0
E06415,0.9428083833,1
E06416,0.01057343332,0
E06417,2.186042535e-05,0
E06418,0.7820909912,0
E06419,4.826419437e-05,0
E06420,0.0005451161357,0
E06421,0.0841352218,0
E06422,6.926539125e-05,0
E06423,0.5086998018,0
E06424,0.0004544856755,0
E06425,0.002964916811,0
E06426,6.585270237e-05,0
E06427,0.0131807864,0
E06428,0.1076632253,0
E06429,0.4027327091,0
E06430,7.320720737e-05,0
E06431,0.03152177678,0
E06432,2.071150176e-05,0
E06433,0.00802735461,0
E06434,8.688002357e-05,0
E06435,0.004112549161,0
E06436,0.0001564566853,0
E06437,0.01320051923,0
E06438,0.03784607178,0
E06439,0.0005085721644,0
E06440,0.0006666898451,0
E06441,0.002818414042,0
E06442,0.2033450412,0
E06443,0.004242336038,0
E06444,0.001058208666,0
E06445,0.2184730701,0
E06446,9.930990938e-05,0
E06447,0.001355924346,0
E06448,0.9679389025,1
E06449,0.001386515611,0
E06450,0.003686711273,0
E06451,0.2092511774,0
E06452,0.005012778376,0
E06453,0.001649056896,0
E06454,0.024871744,0
E06455,0.0007171995428,0
E06456,0.002163202511,0
E06457,0.000379615699,0
E06458,0.0003741677334,0
E06459,3.637443445e-05,0
E06460,9.527036907e-05,0
E06461,0.003273070524,0
E06462,0.005553315898,0
E06463,0.0002265269009,0
E06464,0.0003645606716,0
E06465,0.8794084701,1
E06466,0.9878961793,1
E06467,6.665558355e-05,0
E06468,0.08420412119,0
E06469,0.04298880734,0
E06470,0.000688959447,0
E06471,0.0003029939377,0
E06472,0.001782502752,0
E06473,0.003029939579,0
E06474,0.0001540710288,0
E06475,5.006343455e-05,0
E06476,0.0001469685585,0
E06477,4.822171042e-05,0
E06478,0.0002655302908,0
E06479,0.1829300287,0
E06480,6.030942369e-05,0
E06481,0.01605172654,0
E06482,0.0004658303608,0
E06483,3.935873968e-05,0
E06484,7.286715883e-05,0
E06485,6.403299319e-05,0
E06486,0.0002493852256,0
E06487,0.0005106138137,0
E06488,3.28664376e-05,0
E06489,0.0001102123657,0
E06490,0.1258823757,0
E06491,0.001842332309,0
E06492,0.006731845397,0
E06493,0.001357578556,0
E06494,0.01816037629,0
E06495,0.001270665869,0
E06496,0.0002028123079,0
E06497,0.9406502137,1
E06498,0.0004192567729,0
E06499,0.000119166732,0
E06500,0.643409381,0
E06501,8.723952712e-05,0
E06502,0.01278110472,0
E06503,0.0001236317181,0
E06504,0.0001259340529,0
E06505,4.929612306e-05,0
E06506,0.0007779165212,0
E06507,0.008686124185,0
E06508,0.0006562808165,0
E06509,0.0004527233404,0
E06510,0.001787406732,0
E06511,1.558209515e-05,0
E06512,0.0003709384539,0
E06513,0.09304699163,0
E06514,0.0005977322985,0
E06515,0.0001390199729,0
E06516,2.972046072e-05,0
E06517,3.364394603e-05,0
E06518,0.002080362404,0
E06519,9.905579544e-06,0
E06520,5.883401139e-05,0
E06521,5.925028888e-05,0
E06522,0.0001813652318,0
E06523,0.0001010671218,0
E06524,0.0004789557848,0
E06525,0.0006933928404,0
E06526,2.118873057e-05,0
E06527,0.01687528731,0
E06528,0.004114070078,0
E06529,7.033663751e-05,0
E06530,7.074742322e-05,0
E06531,0.0004925195052,0
E06532,8.969286064e-05,0
E06533,0.0004603844371,0
E06534,0.0005439929004,0
E06535,2.844839096e-05,0
E06536,0.1719863329,0
E06537,0.002689437584,0
E06538,0.0006096692157,0
E06539,0.0003937700179,0
E06540,6.885337757e-05,0
E06541,1.739895636e-05,0
E06542,0.000244571123,0
E06543,8.220739725e-05,0
E06544,0.0006436333892,0
E06545,0.0013454423,0
E06546,0.0007083072882,0
E06547,9.927396049e-05,0
E06548,0.0002218511431,0
E06549,0.001407281331,0
E06550,9.006599786e-05,0
E06551,6.623466741e-05,0
E06552,0.00207375101,0
E06553,0.5884580401,0
E06554,0.0005175876068,0
E06555,3.383399821e-05,0
E06556,0.0004898030779,0
E06557,0.05609338913,0
E06558,0.5663304428,0
E06559,0.0002442017982,0
E06560,6.319858753e-05,0
E06561,0.7256968298,0
E06562,0.9692899221,1
E06563,0.001489544293,0
E06564,0.9919916674,1
E06565,0.008063918414,0
E06566,0.0003596161837,0
E06567,7.192641354e-05,0
E06568,0.001972169847,0
E06569,3.212130995e-05,0
E06570,6.77921155e-05,0
E06571,0.0006393774049,0
E06572,2.833356657e-05,0
E06573,0.0002531903058,0
E06574,8.984907493e-05,0
E06575,6.810364327e-05,0
E06576,0.8579430461,1
E06577,4.493625321e-05,0
E06578,3.442388784e-05,0
E06579,3.318083722e-05,0
E06580,0.0002201246855,0
E06581,2.552715464e-05,0
E06582,8.309601456e-05,0
E06583,0.00118475763,0
E06584,0.0001670065924,0
E06585,0.09710686716,0
E06586,0.0004683183024,0
E06587,0.6747753122,0
E06588,4.673447471e-05,0
E06589,0.000332165175,0
E06590,0.0001433446032,0
E06591,0.06347199034,0
E06592,0.1357964074,0
E06593,0.9786489551,1
E06594,0.0007005561615,0
E06595,0.003340646987,0
E06596,0.002229098818,0
E06597,0.0002197370706,0
E06598,0.4155691897,0
E06599,8.338629193e-05,0
E06600,0.0007080135763,0
E06601,0.003379257528,0
E06602,0.0003063344481,0
E06603,0.0001010823693,0
E06604,0.0001532841719,0
E06605,0.02216848927,0
E06606,0.1220531086,0
E06607,0.0004327573176,0
E06608,0.002243190681,0
E06609,1.416392797e-05,0
E06610,6.866438973e-05,0
E06611,0.001445192718,0
E06612,2.64344792e-05,0
E06613,8.074885387e-05,0
E06614,0.0004638663372,0
E06615,2.737355804e-05,0
E06616,0.0454213929,0
E06617,3.948474262e-05,0
E06618,0.03362040273,0
E06619,0.002284087312,0
E06620,0.005224682462,0
E06621,5.707544399e-05,0
E06622,0.000133558422,0
E06623,0.001177146099,0
E06624,0.0007705360322,0
E06625,7.644132804e-05,0
E06626,0.000783384482,0
E06627,0.008100679143,0
E06628,0.0001020122355,0
E06629,9.622184984e-05,0
E06630,0.000903353368,0
E06631,5.595415272e-05,0
E06632,6.712255995e-05,0
E06633,0.9842945971,1
E06634,0.0180110947,0
E06635,5.834023934e-05,0
E06636,0.002527531815,0
E06637,0.0001790219682,0
E06638,0.6724774112,0
E06639,0.009964349304,0
E06640,0.4253264963,0
E06641,0.005080299108,0
E06642,0.00121151864,0
E06643,0.001217547089,0
E06644,0.01463501268,0
E06645,0.1475792874,0
E06646,0.02617840991,0
E06647,0.0001563149367,0
E06648,0.0004352854494,0
E06649,0.3547097735,0
E06650,0.9941079542,1
E06651,0.9603045319,1
E06652,0.001158124129,0
E06653,0.01116073719,0
E06654,0.0001636418357,0
E06655,0.008039398833,0
E06656,0.001685381218,0
E06657,0.004638508734,0
E06658,0.0007067398769,0
E06659,0.0007916070267,0
E06660,0.07405927682,0
E06661,0.0006140067655,0
E06662,7.31177482e-05,0
E06663,0.006768509693,0
E06664,0.00646883476,0
E06665,0.0001745531902,0
E06666,0.0008976353238,0
E06667,0.1445579745,0
E06668,0.0002917442222,0
E06669,3.416361753e-05,0
E06670,0.314098052,0
E06671,0.0001048203294,0
E06672,0.00734418365,0
E06673,6.561710934e-05,0
E06674,2.575084872e-05,0
E06675,0.002523587958,0
E06676,0.000495471743,0
E06677,0.0001432882884,0
E06678,0.000578616355,0
E06679,0.000729012543,0
E06680,0.6789536124,0
E06681,2.533902018e-05,0
E06682,0.8492444799,1
E06683,0.0001347811876,0
E06684,0.1110511259,0
E06685,0.9561113377,1
E06686,0.9954285419,1
E06687,8.847061584e-05,0
E06688,0.8802553001,1
E06689,0.0002891788403,0
E06690,0.03291318558,0
E06691,2.315682573e-05,0
E06692,0.001744309455,0
E06693,0.0001670886351,0
E06694,0.01516334174,0
E06695,0.7118408452,0
E06696,0.9792492864,1
E06697,0.005756753373,0
E06698,0.3036884681,0
E06699,0.0001011845708,0
E06700,6.069248965e-05,0
E06701,0.002590827658,0
E06702,0.000948806939,0
E06703,0.000123345591,0
E06704,0.0001076889568,0
E06705,0.9184125055,1
E06706,0.09173233535,0
E06707,6.366834481e-05,0
E06708,0.003478495475,0
E06709,0.00067727244,0
E06710,1.983723359e-05,0
E06711,0.01121305417,0
E06712,2.540422225e-05,0
E06713,0.0003353885314,0
E06714,0.2105811989,0
E06715,0.0002437728583,0
E06716,0.0005360933327,0
E06717,0.0003406413812,0
E06718,0.001413646502,0
E06719,6.660479255e-05,0
E06720,0.01469108858,0
E06721,0.1053711751,0
E06722,0.0001989195323,0
E06723,0.0006869231787,0
E06724,0.003549051984,0
E06725,0.0002144825152,0
E06726,0.0002943907538,0
E06727,7.652461435e-05,0
E06728,9.940218815e-05,0
E06729,0.1397303166,0
E06730,0.00204751828,0
E06731,4.585563076e-05,0
E06732,0.0002159719486,0
E06733,0.9745820007,1
E06734,6.757327306e-05,0
E06735,0.0003442773197,0
E06736,0.000108301279,0
E06737,1.397187129e-05,0
E06738,0.0007852111519,0
E06739,0.4702649795,0
E06740,3.820366313e-05,0
E06741,0.01930092509,0
E06742,0.002350359035,0
E06743,0.0005694849167,0
E06744,0.08117553887,0
E06745,3.958347436e-05,0
E06746,3.091727737e-05,0
E06747,0.0001513173748,0
E06748,0.9969272522,1
E06749,0.0002890489793,0
E06750,5.646603488e-05,0
E06751,0.002707039848,0
E06752,0.06182269583,0
E06753,0.0001194039935,0
E06754,0.0001265387628,0
E06755,8.898680216e-05,0
E06756,0.0005643173164,0
E06757,0.9162782458,1
E06758,0.0004971648058,0
E06759,0.2077000548,0
E06760,7.269983486e-05,0
E06761,0.0001810314826,0
E06762,0.3999309928,0
E06763,0.8797034504,1
E06764,2.334479938e-05,0
E06765,3.250502339e-05,0
E06766,0.0001037325089,0
E06767,4.574684122e-05,0
E06768,0.0001697561773,0
E06769,0.0004043468637,0
E06770,1.810609387e-05,0
E06771,0.00158606561,0
E06772,0.003458747924,0
E06773,0.002962630234,0
E06774,0.037766633,0
E06775,7.504693617e-05,0
E06776,0.0008093694889,0
E06777,0.0002022776101,0
E06778,8.831608486e-05,0
E06779,6.096125879e-05,0
E06780,5.774246698e-05,0
E06781,9.843257014e-05,0
E06782,0.1870558593,0
E06783,0.009603780385,0
E06784,4.615224097e-05,0
E06785,7.937382439e-05,0
E06786,0.0007731831368,0
E06787,0.001540608155,0
E06788,0.0001787219494,0
E06789,0.0001083259972,0
E06790,8.927002225e-05,0
E06791,0.0002914203283,0
E06792,0.001124286569,0
E06793,0.0001871894598,0
E06794,0.8132650656,1
E06795,7.064092649e-05,0
E06796,0.0139813045,0
E06797,2.711388733e-05,0
E06798,0.0002656844882,0
E06799,0.00012863261,0
E06800,5.297714316e-05,0
E06801,0.000115918837,0
E06802,0.0002532436884,0
E06803,7.963314371e-05,0
E06804,6.729937653e-05,0
E06805,0.0001023770108,0
E06806,0.002775266474,0
E06807,2.653409965e-05,0
E06808,5.729211068e-05,0
E06809,3.123045937e-05,0
E06810,0.007185386981,0
E06811,0.03917300403,0
E06812,2.252851275e-05,0
E06813,0.0002661071876,0
E06814,7.256296485e-05,0
E06815,6.68503445e-05,0
E06816,2.844712834e-05,0
E06817,0.0001401932189,0
E06818,0.3522357042,0
E06819,0.9949751713,1
E06820,0.000149863962,0
E06821,0.0001566806166,0
E06822,0.0002097439675,0
E06823,0.01105351002,0
E06824,0.1491100534,0
E06825,4.519957377e-05,0
E06826,3.945623967e-05,0
E06827,0.0002340906225,0
E06828,0.001632651205,0
E06829,0.01060928601,0
E06830,0.003150281167,0
E06831,0.0003573831822,0
E06832,8.649259504e-05,0
E06833,0.01454861743,0
E06834,0.004385051587,0
E06835,0.0001216100606,0
E06836,0.002253095095,0
E06837,4.474553887e-05,0
E06838,5.1423046e-05,0
E06839,0.0007717021859,0
E06840,0.004716404525,0
E06841,0.01434141343,0
E06842,0.3446226998,0
E06843,0.0002036532212,0
E06844,0.02081623117,0
E06845,0.001790550441,0
E06846,7.983636743e-05,0
E06847,0.0001021130108,0
E06848,0.0004825141234,0
E06849,0.0576289645,0
E06850,6.151189626e-05,0
E06851,5.131235209e-05,0
E06852,0.001198407986,0
E06853,0.0002012093646,0
E06854,0.02103208786,0
E06855,0.108402125,0
E06856,5.83542591e-05,0
E06857,0.0001452516996,0
E06858,0.0001190871309,0
E06859,5.738528003e-05,0
E06860,0.0001333028617,0
E06861,0.0003672079147,0
E06862,0.0001044645925,0
E06863,0.0001368253044,0
E06864,9.803098374e-05,0
E06865,0.0006475083716,0
E06866,0.009064547826,0
E06867,3.008743583e-05,0
E06868,0.01885318131,0
E06869,6.458282855e-05,0
E06870,0.0008271596727,0
E06871,0.004964597584,0
E06872,0.002238890747,0
E06873,0.0008879321215,0
E06874,6.049141232e-05,0
E06875,0.002027507931,0
E06876,0.001808065058,0
E06877,0.03219867158,0
E06878,0.0001392354616,0
E06879,0.00216884717,0
E06880,2.76058208e-05,0
E06881,0.0002421037741,0
E06882,0.0006273139784,0
E06883,0.000133062263,0
E06884,0.01339704405,0
E06885,0.0004419562789,0
E06886,0.004075647619,0
E06887,0.0005782619925,0
E06888,0.005294662327,0
E06889,0.0006297616344,0
E06890,0.0003587633331,0
E06891,0.0007145903161,0
E06892,0.0001504785327,0
E06893,0.01079550569,0
E06894,0.1738745085,0
E06895,0.0003576905335,0
E06896,0.02756546938,0
E06897,0.0004927069946,0
E06898,0.0002492109964,0
E06899,0.000624113805,0
E06900,1.888187375e-05,0
E06901,0.0002782642091,0
E06902,0.01005593207,0
E06903,0.0005192896381,0
E06904,0.004204835712,0
E06905,0.210877046,0
E06906,7.599276852e-05,0
E06907,0.0007145903161,0
E06908,4.550804115e-05,0
E06909,0.2881859492,0
E06910,0.001101673972,0
E06911,0.0003440074854,0
E06912,0.001325597165,0
E06913,0.0002492109964,0
E06914,0.0001855331649,0
E06915,0.0001191875419,0
E06916,5.273157199e-05,0
E06917,0.0009394657031,0
E06918,0.0002809310911,0
E06919,0.001438217551,0
E06920,0.06377335066,0
E06921,0.01005593207,0
E06922,0.001203046764,0
E06923,0.004643574696,0
E06924,0.0003105845787,0
E06925,5.423486528e-05,0
E06926,0.0006628636102,0
E06927,0.00110150053,0
E06928,0.000278737024,0
E06929,0.003180312668,0
E06930,0.0004123120059,0
E06931,6.379210194e-05,0
E06932,0.0008774805259,0
E06933,6.010915096e-05,0
E06934,0.0009561873792,0
E06935,0.01798943563,0
E06936,0.007385518979,0
E06937,0.001168306747,0
E06938,0.0001894514228,0
E06939,0.01797436663,0
E06940,0.001106286445,0
E06941,0.001453222238,0
E06942,0.9907767772,1
E06943,0.002592410602,0
E06944,9.043903293e-05,0
E06945,0.06515669829,0
E06946,8.146457796e-05,0
E06947,4.754147423e-05,0
E06948,0.0001742872704,0
E06949,0.001364322491,0
E06950,0.0001582530952,0
E06951,3.930822949e-05,0
E06952,0.02007125783,0
E06953,0.0001847361765,0
E06954,0.8540507048,1
E06955,0.2476635585,0
E06956,0.0001841700693,0
E06957,5.64937625e-05,0
E06958,0.0006250008704,0
E06959,0.0006297159862,0
E06960,0.0005409315364,0
E06961,0.0002447724403,0
E06962,0.03916952797,0
E06963,3.365426108e-05,0
E06964,4.748537527e-05,0
E06965,0.0001165774185,0
E06966,2.112471757e-05,0
E06967,5.608486651e-05,0
E06968,0.0002076396658,0
E06969,0.2250767083,0
E06970,0.0003532162223,0
E06971,0.0002611251916,0
E06972,0.06422355776,0
E06973,0.03059886778,0
E06974,0.0001257016399,0
E06975,0.001539314957,0
E06976,0.01338594883,0
E06977,7.930595862e-05,0
E06978,0.006814885747,0
E06979,0.002737585606,0
E06980,0.2246627198,0
E06981,0.0001913064989,0
E06982,0.0003086978982,0
E06983,0.0006036950243,0
E06984,0.006642012537,0
E06985,0.1929247208,0
E06986,0.3068439536,0
E06987,0.6280499308,0
E06988,0.0006195251607,0
E06989,0.6502725316,0
E06990,0.8137609114,1
E06991,0.180222251,0
E06992,0.003916065147,0
E06993,0.05216799179,0
E06994,0.04722453426,0
E06995,0.7330980327,0
E06996,3.921961485e-05,0
E06997,0.00027701296,0
E06998,3.061183254e-05,0
E06999,0.0002763450772,0
E07000,8.985764745e-05,0
E07001,7.436128809e-05,0
E07002,0.0001384236769,0
E07003,0.002033166541,0
E07004,0.04454857619,0
E07005,0.9068996757,1
E07006,0.0009565592371,0
E07007,0.004396396338,0
E07008,0.0007307470763,0
E07009,0.001458698015,0
E07010,0.0003649088335,0
E07011,0.0002170784164,0
E07012,0.151118837,0
E07013,7.385203023e-05,0
E07014,0.0002342849975,0
E07015,0.001169007416,0
E07016,0.0006658924347,0
E07017,0.0001490878469,0
E07018,0.8933339892,1
E07019,0.00167660904,0
E07020,3.484075727e-05,0
E07021,0.007324231459,0
E07022,0.0002056569432,0
E07023,0.000105717976,0
E07024,2.903456327e-05,0
E07025,0.0001134858515,0
E07026,0.002743209747,0
E07027,0.009944236498,0
E07028,8.876356505e-05,0
E07029,0.02256047014,0
E07030,2.346058854e-05,0
E07031,0.0001082840566,0
E07032,0.001740292059,0
E07033,0.001385809397,0
E07034,5.894239775e-05,0
E07035,0.002472731563,0
E07036,0.001165301168,0
E07037,8.877569493e-05,0
E07038,0.0003298425641,0
E07039,0.0003875400313,0
E07040,0.7122359039,0
E07041,0.004843689621,0
E07042,4.278255552e-05,0
E07043,0.0001933623411,0
E07044,0.01174215906,0
E07045,0.0002796947702,0
E07046,0.04255623441,0
E07047,0.0002179182755,0
E07048,6.177302569e-05,0
E07049,0.000189429769,0
E07050,0.01154320028,0
E07051,0.0001567746311,0
E07052,0.0001439971689,0
E07053,0.8099614734,1
E07054,0.2439297784,0
E07055,0.0004999238058,0
E07056,0.001468543971,0
E07057,0.005386106403,0
E07058,0.006379567329,0
E07059,7.151346889e-05,0
E07060,0.0002094607518,0
E07061,0.0005951161637,0
E07062,0.009187967075,0
E07063,0.1259658734,0
E07064,0.0004727682257,0
E07065,0.0009343307966,0
E07066,5.840310762e-05,0
E07067,0.003349728096,0
E07068,0.0003275277276,0
E07069,0.001808201473,0
E07070,0.0001194099457,0
E07071,0.0001587038242,0
E07072,0.0003844913808,0
E07073,0.0002380547288,0
E07074,0.0004002216137,0
E07075,0.002306746312,0
E07076,0.000280932053,0
E07077,0.0002037359927,0
E07078,0.0001253641307,0
E07079,0.01848009904,0
E07080,2.290754173e-05,0
E07081,0.0001185562363,0
E07082,1.812601053e-05,0
E07083,0.003776521597,0
E07084,0.5179453085,0
E07085,0.3080432977,0
E07086,0.0001762080062,0
E07087,0.04504494802,0
E07088,5.0324154e-05,0
E07089,0.2785926708,0
E07090,0.009425970658,0
E07091,0.001575410859,0
E07092,9.238171031e-05,0
E07093,0.0008112744387,0
E07094,0.5773172621,0
E07095,0.0003378904786,0
E07096,3.897237331e-05,0
E07097,0.0005939859402,0
E07098,0.0005831676785,0
E07099,0.000976201845,0
E07100,0.008578809073,0
E07101,0.0963526624,0
E07102,0.1811706399,0
E07103,6.46619165e-05,0
E07104,0.001476246592,0
E07105,3.736400327e-05,0
E07106,0.001260322651,0
E07107,9.194966663e-05,0
E07108,4.171852638e-05,0
E07109,0.01283161955,0
E07110,0.9120199748,1
E07111,2.982674478e-05,0
E07112,3.246634236e-05,0
E07113,0.04939655147,0
E07114,0.001900381931,0
E07115,3.854334405e-05,0
E07116,0.002233437189,0
E07117,2.738118248e-05,0
E07118,6.197917074e-05,0
E07119,2.775586337e-05,0
E07120,0.0003606031424,0
E07121,8.055692445e-05,0
E07122,0.003103985029,0
E07123,0.0008585735348,0
E07124,0.0002165710288,0
E07125,6.04471967e-05,0
E07126,0.4668243888,0
E07127,5.332707537e-05,0
E07128,0.0001221625649,0
E07129,0.02093866497,0
E07130,0.0003794650689,0
E07131,0.04686753634,0
E07132,0.0001027592278,0
E07133,0.007022661362,0
E07134,1.145787499e-05,0
E07135,0.0001331681337,0
E07136,9.134610863e-05,0
E07137,0.3077528958,0
E07138,7.478562685e-05,0
E07139,0.0003179584715,0
E07140,0.0002097922961,0
E07141,0.0005946703018,0
E07142,0.006553192575,0
E07143,0.01383270076,0
E07144,2.210701068e-05,0
E07145,0.0008309445589,0
E07146,0.00375240598,0
E07147,0.001736420869,0
E07148,0.002046916164,0
E07149,0.00137315217,0
E07150,2.230160947e-05,0
E07151,0.000700706597,0
E07152,0.0002439527341,0
E07153,0.008020424421,0
E07154,0.0002459028216,0
E07155,0.9976782808,1
E07156,2.092784089e-05,0
E07157,1.552385939e-05,0
E07158,0.001396506854,0
E07159,0.9727176265,1
E07160,0.0003668403475,0
E07161,0.0003414123372,0
E07162,5.229520245e-05,0
E07163,0.0004614881047,0
E07164,0.0004864933432,0
E07165,0.0001447373086,0
E07166,3.167173399e-05,0
E07167,0.0002391510227,0
E07168,0.0001738937545,0
E07169,0.0003944223739,0
E07170,0.001246389564,0
E07171,0.0002680547106,0
E07172,0.0007575014543,0
E07173,0.9751290852,1
E07174,0.004146460906,0
E07175,0.001410589185,0
E07176,3.084021764e-05,0
E07177,6.377746493e-05,0
E07178,0.0002206274796,0
E07179,0.003034828966,0
E07180,0.0001575877992,0
E07181,8.324277427e-05,0
E07182,0.002307971438,0
E07183,3.144586405e-05,0
E07184,0.9655818243,1
E07185,1.361742948e-05,0
E07186,0.0003998443882,0
E07187,0.002175762997,0
E07188,0.0004252682234,0
E07189,0.0001008999916,0
E07190,5.911858336e-05,0
E07191,0.000269151262,0
E07192,0.0004903084829,0
E07193,0.3543570294,0
E07194,0.001210924059,0
E07195,0.1286146111,0
E07196,6.887175274e-05,0
E07197,0.001853847093,0
E07198,0.2049888498,0
E07199,0.007875985524,0
E07200,0.9949115242,1
E07201,0.0004885256235,0
E07202,0.001713717777,0
E07203,1.077659621e-05,0
E07204,0.006161773407,0
E07205,0.0003164659226,0
E07206,0.1758238202,0
E07207,0.2567750767,0
E07208,0.0005287756546,0
E07209,0.0002082170088,0
E07210,3.261354055e-05,0
E07211,8.226641696e-05,0
E07212,4.859212473e-05,0
E07213,3.775010234e-05,0
E07214,0.003233465022,0
E07215,2.034241389e-05,0
E07216,0.8353996986,1
E07217,0.0005903504848,0
E07218,0.009113272782,0
E07219,0.0003498480107,0
E07220,0.008133975839,0
E07221,0.000240376964,0
E07222,2.402494651e-05,0
E07223,0.1469263103,0
E07224,0.0001260801396,0
E07225,1.75777899e-05,0
E07226,6.70855468e-05,0
E07227,0.003073724645,0
E07228,0.0006228862259,0
E07229,0.4515402992,0
E07230,8.807713572e-05,0
E07231,0.7126736668,0
E07232,0.03778973902,0
E07233,0.0001822264567,0
E07234,0.0001083463079,0
E07235,9.274670881e-05,0
E07236,0.002173957376,0
E07237,0.9424021435,1
E07238,0.08225011795,0
E07239,0.3491477363,0
E07240,0.0002149196859,0
E07241,0.1278781372,0
E07242,6.939374519e-05,0
E07243,0.0002820899998,0
E07244,0.0002284433221,0
E07245,4.858962585e-05,0
E07246,0.3509575951,0
E07247,0.3310333877,0
E07248,0.01047113534,0
E07249,0.07462280751,0
E07250,3.650664252e-05,0
E07251,0.001078354558,0
E07252,0.05551995313,0
E07253,0.0002454532018,0
E07254,0.0001294099793,0
E07255,0.0002691334477,0
E07256,0.0003452906597,0
E07257,6.011200329e-05,0
E07258,0.002237896065,0
E07259,0.0005542948698,0
E07260,0.001536761942,0
E07261,0.003800174079,0
E07262,8.684822873e-05,0
E07263,0.0002003567696,0
E07264,0.0001591059185,0
E07265,0.0004231256202,0
E07266,0.4322250192,0
E07267,8.728152676e-05,0
E07268,3.39875265e-05,0
E07269,0.001072255851,0
E07270,0.001384099995,0
E07271,6.979208792e-05,0
E07272,0.0009156984129,0
E07273,0.000339264185,0
E07274,0.02046172106,0
E07275,0.7735359027,0
E07276,0.0009851593322,0
E07277,0.0002856864159,0
E07278,0.5401883208,0
E07279,0.0004819677991,0
E07280,4.01272769e-05,0
E07281,0.0001193121353,0
E07282,0.005027278429,0
E07283,0.0002252011747,0
E07284,9.485372314e-05,0
E07285,0.0001732026778,0
E07286,7.589238398e-05,0
E07287,0.002387006672,0
E07288,0.001063346321,0
E07289,0.003550944539,0
E07290,0.002593504139,0
E07291,0.00292146664,0
E07292,4.466938975e-05,0
E07293,9.034564528e-05,0
E07294,2.859217793e-05,0
E07295,0.0002020318894,0
E07296,1.904817156e-05,0
E07297,0.0001980255524,0
E07298,0.0001766756965,0
E07299,6.308884482e-05,0
E07300,0.00166506014,0
E07301,0.1134456364,0
E07302,6.839521302e-05,0
E07303,0.6856365227,0
E07304,6.757292261e-05,0
E07305,3.716341548e-05,0
E07306,0.004067006997,0
E07307,0.5359463532,0
E07308,0.1011505227,0
E07309,0.0002024569373,0
E07310,0.007017810648,0
E07311,0.005633901513,0
E07312,0.996628545,1
E07313,0.03821144825,0
E07314,0.0004028387094,0
E07315,0.9925162829,1
E07316,0.0002343650784,0
E07317,0.00443273674,0
E07318,2.505362229e-05,0
E07319,0.0007716001829,0
E07320,0.0001948175269,0
E07321,4.162071466e-05,0
E07322,0.0007324158489,0
E07323,0.0001541428928,0
E07324,0.0001752275747,0
E07325,0.0001281019076,0
E07326,7.873673699e-05,0
E07327,9.161458858e-05,0
E07328,0.1245653915,0
E07329,4.39226695e-05,0
E07330,8.973809477e-05,0
E07331,7.35575922e-05,0
E07332,0.0002055634789,0
E07333,6.296817464e-05,0
E07334,0.006806202736,0
E07335,0.0009620000326,0
E07336,0.0001401222477,0
E07337,0.0001049741578,0
E07338,4.245645168e-05,0
E07339,7.977645042e-05,0
E07340,0.0001232639392,0
E07341,0.0001000294831,0
E07342,0.0001735630461,0
E07343,0.0001692217471,0
E07344,0.9977311308,1
E07345,0.0003392822545,0
E07346,1.041186114e-05,0
E07347,0.0001879935423,0
E07348,0.01872794999,0
E07349,4.423052223e-05,0
E07350,0.0009411116725,0
E07351,0.0001860146221,0
E07352,0.0001320055047,0
E07353,8.327884274e-05,0
E07354,0.000211328656,0
E07355,0.0002835856905,0
E07356,3.218954973e-05,0
E07357,4.740791204e-05,0
E07358,5.302663648e-05,0
E07359,2.540130814e-05,0
E07360,0.7855082535,0
E07361,4.738130401e-05,0
E07362,0.0003363542661,0
E07363,0.000368532998,0
E07364,0.0002776064193,0
E07365,0.0002634082919,0
E07366,0.03154211295,0
E07367,0.7717580683,0
E07368,0.001914089755,0
E07369,4.954258047e-05,0
E07370,0.0009013228219,0
E07371,1.903145054e-05,0
E07372,0.0002007629228,0
E07373,0.001505709079,0
E07374,0.001490903037,0
E07375,0.00142587259,0
E07376,0.003850009024,0
E07377,3.854727565e-05,0
E07378,0.01982251165,0
E07379,0.3340782021,0
E07380,0.04067892064,0
E07381,3.753874873e-05,0
E07382,0.0002086327355,0
E07383,1.57198852e-05,0
E07384,0.01228452613,0
E07385,7.669097363e-05,0
E07386,7.313045979e-05,0
E07387,0.0003157802421,0
E07388,0.0006741052751,0
E07389,0.008433394803,0
E07390,0.0004432970001,0
E07391,0.0007742760322,0
E07392,0.0001476297276,0
E07393,0.001329125883,0
E07394,0.04137097198,0
E07395,0.04137097198,0
E07396,0.0002482440418,0
E07397,0.02271230326,0
E07398,6.601845102e-05,0
E07399,0.0002400711345,0
E07400,9.805996068e-05,0
E07401,0.0001995846059,0
E07402,0.0001601514471,0
E07403,2.276512087e-05,0
E07404,8.100800816e-05,0
E07405,0.0003069280331,0
E07406,5.445418569e-05,0
E07407,3.481345525e-05,0
E07408,0.002310761647,0
E07409,0.7043918553,0
E07410,0.0001763749177,0
E07411,0.0003267278309,0
E07412,0.0008680402443,0
E07413,0.000389574979,0
E07414,4.45268441e-05,0
E07415,3.261781144e-05,0
E07416,0.0005243026409,0
E07417,0.0005521074488,0
E07418,0.0001101591508,0
E07419,0.0001631412179,0
E07420,0.0003345026173,0
E07421,0.02735515916,0
E07422,0.0001646332117,0
E07423,0.06492552554,0
E07424,0.0001735857478,0
E07425,0.04022105821,0
E07426,4.310281897e-05,0
E07427,5.279635405e-05,0
E07428,0.0001971274276,0
E07429,0.0002199389597,0
E07430,0.0002480500093,0
E07431,0.002658096591,0
E07432,0.0004198886005,0
E07433,0.0004370425284,0
E07434,0.001345507699,0
E07435,0.0004072017139,0
E07436,0.0002464841077,0
E07437,3.872267971e-05,0
E07438,3.62665954e-05,0
E07439,0.003569408478,0
E07440,0.003069524919,0
E07441,0.001050217667,0
E07442,0.0003094203626,0
E07443,0.0003299218307,0
E07444,0.001028165278,0
E07445,0.0009066832443,0
E07446,0.0002742081389,0
E07447,0.005948110623,0
E07448,0.002278375884,0
E07449,0.000240537662,0
E07450,0.0003315888452,0
E07451,0.0001276429856,0
E07452,0.0002965344568,0
E07453,0.01575798429,0
E07454,0.01767229282,0
E07455,0.006890554769,0
E07456,0.0001469632106,0
E07457,0.0002103592575,0
E07458,5.619351512e-05,0
E07459,0.0001287127458,0
E07460,2.49680245e-05,0
E07461,0.043601449,0
E07462,0.001554650786,0
E07463,6.489464686e-05,0
E07464,4.092515413e-05,0
E07465,0.0002184274817,0
E07466,0.0002673471184,0
E07467,0.02216783394,0
E07468,0.002503584486,0
E07469,8.215386832e-05,0
E07470,0.0001497727048,0
E07471,0.01888278375,0
E07472,2.995329117e-05,0
E07473,0.001066280117,0
E07474,4.333584447e-05,0
E07475,4.706402274e-05,0
E07476,0.0001021361647,0
E07477,0.000696405986,0
E07478,0.000558509831,0
E07479,5.18002053e-05,0
E07480,0.2572114168,0
E07481,0.0001467742644,0
E07482,8.092006131e-05,0
E07483,0.02052626647,0
E07484,0.03477859618,0
E07485,0.05196028004,0
E07486,0.04065184126,0
E07487,0.001567487079,0
E07488,0.9322011165,1
E07489,2.176729322e-05,0
E07490,0.9922684313,1
E07491,0.0007977815369,0
E07492,0.001290157228,0
E07493,0.001520439421,0
E07494,0.0181897543,0
E07495,0.0001688175188,0
E07496,0.001897226995,0
E07497,0.01026831346,0
E07498,0.0009305614215,0
E07499,0.0003155090945,0
E07500,0.0008709803283,0
E07501,0.0003543301005,0
E07502,9.667688559e-05,0
E07503,0.4516709153,0
E07504,0.001253594179,0
E07505,8.297416663e-05,0
E07506,0.002891819752,0
E07507,0.0004165372232,0
E07508,0.0001560464431,0
E07509,0.000769630096,0
E07510,0.000769630096,0
E07511,7.87503883e-05,0
E07512,3.907715379e-05,0
E07513,6.431350701e-05,0
E07514,0.0004406455685,0
E07515,0.001020374056,0
E07516,5.085535892e-05,0
E07517,0.0003545802514,0
E07518,5.670090045e-05,0
E07519,0.0001324898252,0
E07520,2.701832089e-05,0
E07521,0.1300056279,0
E07522,6.929698741e-05,0
E07523,0.06716507899,0
E07524,0.001953645513,0
E07525,7.2731882e-05,0
E07526,0.001513205592,0
E07527,0.002905953488,0
E07528,0.0001156540629,0
E07529,0.002099983916,0
E07530,0.0003324887664,0
E07531,2.041578635e-05,0
E07532,0.001861749791,0
E07533,0.008028625558,0
E07534,9.465915839e-05,0
E07535,7.420172468e-05,0
E07536,0.0003024482322,0
E07537,0.002495879995,0
E07538,0.0002257209644,0
E07539,3.284208249e-05,0
E07540,2.895492087e-05,0
E07541,0.1246991437,0
E07542,0.0005383231431,0
E07543,3.368128176e-05,0
E07544,0.0003072048566,0
E07545,7.945265112e-05,0
E07546,0.006294781169,0
E07547,0.01197646789,0
E07548,0.01126635714,0
E07549,0.224902188,0
E07550,0.0006631149336,0
E07551,0.0006509008332,0
E07552,0.0001699239599,0
E07553,0.001034029033,0
E07554,5.352592407e-05,0
E07555,0.0006723463772,0
E07556,0.1851119845,0
E07557,7.86832989e-05,0
E07558,0.006901705112,0
E07559,0.001404972573,0
E07560,0.173364028,0
E07561,5.80638834e-05,0
E07562,0.0008296733547,0
E07563,0.0001338263193,0
E07564,6.353988436e-05,0
E07565,0.0001403924041,0
E07566,0.0008369744081,0
E07567,0.6663113042,0
E07568,4.140290411e-05,0
E07569,0.000456196226,0
E07570,0.0001305193005,0
E07571,0.0008370578391,0
E07572,0.001008689613,0
E07573,8.104603711e-05,0
E07574,5.919867108e-05,0
E07575,6.03488875e-05,0
E07576,0.002109556732,0
E07577,6.321866758e-05,0
E07578,9.931564594e-05,0
E07579,8.704748801e-05,0
E07580,0.0005759452797,0
E07581,0.001148525358,0
E07582,0.0002550833604,0
E07583,7.296363134e-05,0
E07584,0.004396036796,0
E07585,1.763043846e-05,0
E07586,0.003099299814,0
E07587,8.265735787e-05,0
E07588,0.0001000891508,0
E07589,0.0007125526436,0
E07590,3.278257226e-05,0
E07591,0.0540783357,0
E07592,0.0003295958133,0
E07593,0.003891022895,0
E07594,5.416079398e-05,0
E07595,0.9802145126,1
E07596,9.904951671e-05,0
E07597,7.803228815e-05,0
E07598,0.002732800551,0
E07599,3.457245396e-05,0
E07600,7.347144316e-05,0
E07601,0.0001554662017,0
E07602,0.0001750939095,0
E07603,8.220247157e-05,0
E07604,8.228596169e-05,0
E07605,0.08488309585,0
E07606,0.0001406875226,0
E07607,0.0002285089791,0
E07608,0.000574123958,0
E07609,0.000616557483,0
E07610,0.0003348526215,0
E07611,0.0002085498345,0
E07612,4.951862005e-05,0
E07613,2.515712656e-05,0
E07614,0.0004592336326,0
E07615,0.00236705526,0
E07616,0.0002669609057,0
E07617,8.253619548e-05,0
E07618,5.171797549e-05,0
E07619,0.008655473194,0
E07620,0.001570994701,0
E07621,0.001984127842,0
E07622,6.334157646e-05,0
E07623,0.0001350499146,0
E07624,0.000214587576,0
E07625,0.0009333725716,0
E07626,0.0004826976715,0
E07627,0.0001202132521,0
E07628,0.0006778309425,0
E07629,3.76753683e-05,0
E07630,0.0004621383781,0
E07631,0.01990528328,0
E07632,5.285320132e-05,0
E07633,6.310839258e-05,0
E07634,0.02760349811,0
E07635,0.0003739068457,0
E07636,0.0003630381974,0
E07637,0.0001047816299,0
E07638,0.08870990094,0
E07639,0.0009308171261,0
E07640,0.03487905813,0
E07641,0.9691899993,1
E07642,0.9862307692,1
E07643,0.0002527790998,0
E07644,0.0001308582545,0
E07645,0.0001950729571,0
E07646,0.0137591947,0
E07647,0.0001968666107,0
E07648,3.440112977e-05,0
E07649,5.605619866e-05,0
E07650,0.0002088841351,0
E07651,0.5419910248,0
E07652,0.0003074142618,0
E07653,0.0001202257663,0
E07654,0.0001094539176,0
E07655,0.0003118401306,0
E07656,0.003165559741,0
E07657,3.744003889e-05,0
E07658,0.0001575260643,0
E07659,3.910769263e-05,0
E07660,3.151331619e-05,0
E07661,4.909812724e-05,0
E07662,0.0004847842056,0
E07663,1.79717524e-05,0
E07664,0.01076249718,0
E07665,0.000324753255,0
E07666,0.0004016195878,0
E07667,0.0004554676086,0
E07668,8.771259942e-05,0
E07669,0.008896194988,0
E07670,0.0001705862455,0
E07671,0.1874493118,0
E07672,0.008409345217,0
E07673,0.0162824086,0
E07674,0.0001514945005,0
E07675,0.005409556145,0
E07676,8.463995182e-05,0
E07677,0.0004829085546,0
E07678,0.007686470838,0
E07679,0.03605418835,0
E07680,4.531272934e-05,0
E07681,4.822354638e-05,0
E07682,0.0004036679389,0
E07683,8.054405293e-05,0
E07684,8.818949276e-05,0
E07685,0.0001099443789,0
E07686,1.758292675e-05,0
E07687,0.003032185079,0
E07688,0.002109838842,0
E07689,0.0001545568959,0
E07690,0.002592510422,0
E07691,0.000674576015,0
E07692,0.001804690903,0
E07693,0.243691332,0
E07694,0.006424934764,0
E07695,4.524593866e-05,0
E07696,0.0002074100527,0
E07697,0.0008946416987,0
E07698,0.7557098974,0
E07699,0.6421956428,0
E07700,0.0002277351741,0
E07701,0.000186864497,0
E07702,0.002062336595,0
E07703,0.000256714715,0
E07704,0.3060803118,0
E07705,0.000443554146,0
E07706,0.00172687799,0
E07707,0.00187571841,0
E07708,0.0002147462734,0
E07709,0.00912298006,0
E07710,0.004435471524,0
E07711,0.002837186516,0
E07712,0.0001031572357,0
E07713,0.000201783484,0
E07714,2.12301078e-05,0
E07715,6.624282234e-05,0
E07716,2.782123535e-05,0
E07717,0.0001487636882,0
E07718,0.0001059859195,0
E07719,0.000126405589,0
E07720,0.0001004390286,0
E07721,0.000812109426,0
E07722,0.0189685509,0
E07723,0.9169315851,1
E07724,0.01204077326,0
E07725,0.007448265786,0
E07726,6.957332656e-05,0
E07727,0.0003106541286,0
E07728,0.0004340841441,0
E07729,0.02492966747,0
E07730,0.0009625957605,0
E07731,9.528001095e-05,0
E07732,0.0008005271219,0
E07733,0.01792897865,0
E07734,0.0002495860685,0
E07735,0.419551315,0
E07736,0.0009090387413,0
E07737,0.002020344965,0
E07738,0.01438060179,0
E07739,0.5972137954,0
E07740,0.0001572392674,0
E07741,6.247048554e-05,0
E07742,0.0003305990656,0
E07743,0.0002688668463,0
E07744,0.0004381484813,0
E07745,0.7663695671,0
E07746,3.289729944e-05,0
E07747,0.001322007864,0
E07748,4.82320862e-05,0
E07749,3.029365042e-05,0
E07750,0.0001517343809,0
E07751,7.432747066e-05,0
E07752,0.001619155284,0
E07753,0.0001973401026,0
E07754,0.003499049552,0
E07755,0.0005550362598,0
E07756,3.442525981e-05,0
E07757,0.0001699153688,0
E07758,2.38777005e-05,0
E07759,0.0008366699104,0
E07760,3.558167352e-05,0
E07761,0.0009514725937,0
E07762,7.473310459e-05,0
E07763,0.0002023966578,0
E07764,0.0005344607868,0
E07765,0.0001985212073,0
E07766,0.001691838148,0
E07767,0.007124522513,0
E07768,0.001029194805,0
E07769,9.913630097e-05,0
E07770,3.062024507e-05,0
E07771,4.419702143e-05,0
E07772,3.688494697e-05,0
E07773,7.712240795e-05,0
E07774,4.287146011e-05,0
E07775,8.945451469e-05,0
E07776,5.240380629e-05,0
E07777,0.0005749530071,0
E07778,0.0002780733327,0
E07779,0.0001879719427,0
E07780,3.69899975e-05,0
E07781,0.0003600961327,0
E07782,0.002258561702,0
E07783,0.0004082130772,0
E07784,0.0001726325621,0
E07785,2.472653293e-05,0
E07786,0.0001519059263,0
E07787,0.0009448119507,0
E07788,6.518618108e-05,0
E07789,0.06777048857,0
E07790,0.00010191188,0
E07791,0.0005342916914,0
E07792,0.0009412442877,0
E07793,0.003975813819,0
E07794,0.0002254035013,0
E07795,8.641318683e-05,0
E07796,0.2207785364,0
E07797,7.622162085e-05,0
E07798,0.0001058582548,0
E07799,0.001290806269,0
E07800,0.0002029798521,0
E07801,0.0008815903839,0
E07802,9.426501161e-05,0
E07803,0.4725929958,0
E07804,2.245931558e-05,0
E07805,0.0004360374163,0
E07806,0.000293505046,0
E07807,0.0004115725944,0
E07808,6.493771145e-05,0
E07809,0.06385159984,0
E07810,0.001954298091,0
E07811,0.0004331950506,0
E07812,8.99816403e-05,0
E07813,0.07351374791,0
E07814,9.477555036e-05,0
E07815,0.005579039059,0
E07816,0.02224430504,0
E07817,0.0002625857656,0
E07818,0.3912328278,0
E07819,0.001633162209,0
E07820,9.284641752e-05,0
E07821,0.0001603828059,0
E07822,2.683934167e-05,0
E07823,0.001151841998,0
E07824,2.431351349e-05,0
E07825,0.001154963675,0
E07826,0.02052439174,0
E07827,0.01754292334,0
E07828,0.0001402332051,0
E07829,0.01341876608,0
E07830,0.005699368582,0
E07831,0.0002761989054,0
E07832,0.00536269309,0
E07833,0.0006578379005,0
E07834,2.930313714e-05,0
E07835,0.0004806824775,0
E07836,8.452521105e-05,0
E07837,2.970514993e-05,0
E07838,0.0001312181148,0
E07839,7.458533366e-05,0
E07840,0.000625030714,0
E07841,0.0001223079011,0
E07842,0.0002532659655,0
E07843,3.33971817e-05,0
E07844,0.003337828679,0
E07845,0.0001074410311,0
E07846,0.0006812320405,0
E07847,0.9929066378,1
E07848,0.01553276215,0
E07849,3.459014444e-05,0
E07850,0.0008318652603,0
E07851,7.799875553e-05,0
E07852,0.006509875402,0
E07853,0.9930677928,1
E07854,5.698961869e-05,0
E07855,0.004000713658,0
E07856,0.1602958017,0
E07857,8.488718135e-05,0
E07858,0.001025225192,0
E07859,0.0001311396872,0
E07860,0.007602594514,0
E07861,7.139394648e-05,0
E07862,0.0001395726688,0
E07863,6.921097017e-05,0
E07864,0.3157987832,0
E07865,2.476091961e-05,0
E07866,0.00113823156,0
E07867,0.0662364242,0
E07868,0.0002698601144,0
E07869,6.487602418e-05,0
E07870,3.716642483e-05,0
E07871,0.153898564,0
E07872,0.0002800001624,0
E07873,0.3784552298,0
E07874,0.001976957167,0
E07875,0.000236899277,0
E07876,0.0007282138826,0
E07877,0.0002902932249,0
E07878,0.0001214482201,0
E07879,5.005983518e-05,0
E07880,1.541999904e-05,0
E07881,0.0002017831368,0
E07882,5.20000473e-05,0
E07883,0.0003903654282,0
E07884,0.0001576694956,0
E07885,0.0001639945973,0
E07886,5.2909776e-05,0
E07887,0.03171103162,0
E07888,0.000565032799,0
E07889,0.0008068557678,0
E07890,0.00163632377,0
E07891,0.0001282351729,0
E07892,8.613930683e-05,0
E07893,0.9753039837,1
E07894,1.63083862e-05,0
E07895,0.0001563555556,0
E07896,0.9019704126,1
E07897,0.0002417506945,0
E07898,8.403265708e-05,0
E07899,0.0002783532143,0
E07900,0.000118165713,0
E07901,3.518788928e-05,0
E07902,1.980088255e-05,0
E07903,0.9866133983,1
E07904,2.385534487e-05,0
E07905,4.695089039e-05,0
E07906,0.0001725218227,0
E07907,0.0003208121612,0
E07908,4.516604091e-05,0
E07909,0.1004907343,0
E07910,0.0001580393669,0
E07911,0.6533716435,0
E07912,0.0003915942346,0
E07913,5.906016749e-05,0
E07914,7.781982537e-05,0
E07915,4.089419943e-05,0
E07916,2.881364672e-05,0
E07917,8.414742685e-05,0
E07918,0.0001110823214,0
E07919,3.347321912e-05,0
E07920,0.0002164653436,0
E07921,6.131833338e-05,0
E07922,6.313724955e-05,0
E07923,6.600214484e-05,0
E07924,0.0002131116656,0
E07925,0.0002429139214,0
E07926,0.0004227271809,0
E07927,0.0004681461378,0
E07928,0.0009660453543,0
E07929,0.0001114237851,0
E07930,0.0002803403025,0
E07931,0.0001979960388,0
E07932,0.0002250513727,0
E07933,0.0001986668644,0
E07934,9.036173778e-05,0
E07935,0.0002260978634,0
E07936,0.03874240557,0
E07937,0.005136616567,0
E07938,0.0003049185955,0
E07939,0.0001372109803,0
E07940,9.268003284e-05,0
E07941,0.004104795283,0
E07942,5.476629637e-05,0
E07943,4.322028676e-05,0
E07944,0.004185022129,0
E07945,0.00715022893,0
E07946,0.05884345595,0
E07947,0.0001912837146,0
E07948,0.002735688287,0
E07949,9.393148441e-05,0
E07950,0.0001265777018,0
E07951,1.837089535e-05,0
E07952,0.0001438653171,0
E07953,1.369077211e-05,0
E07954,5.007302905e-05,0
E07955,7.299475904e-05,0
E07956,7.399459656e-05,0
E07957,0.001310271804,0
E07958,0.3609638524,0
E07959,3.221774832e-05,0
E07960,0.0001971792995,0
E07961,0.000235529977,0
E07962,8.225497724e-05,0
E07963,2.897274702e-05,0
E07964,0.0001238853651,0
E07965,0.0009503898287,0
E07966,0.0001049558785,0
E07967,0.007406300105,0
E07968,0.03054764393,0
E07969,0.9905790322,1
E07970,0.005521552028,0
E07971,0.1721512263,0
E07972,0.01185613235,0
E07973,9.437042255e-05,0
E07974,0.1735551305,0
E07975,5.522847691e-05,0
E07976,3.728326938e-05,0
E07977,3.23678062e-05,0
E07978,7.609206255e-05,0
E07979,7.315481503e-05,0
E07980,5.78835522e-05,0
E07981,2.284622908e-05,0
E07982,0.8861192401,1
E07983,0.0005052225099,0
E07984,0.3727170603,0
E07985,3.406720774e-05,0
E07986,7.660471975e-05,0
E07987,0.01113443941,0
E07988,0.9787001767,1
E07989,0.0001606117616,0
E07990,0.9544258186,1
E07991,0.0001086223375,0
E07992,0.0001725019048,0
E07993,0.00286830262,0
E07994,0.0002619682657,0
E07995,0.0003570337462,0
E07996,0.002948912479,0
E07997,0.003527004234,0
E07998,0.0001108896214,0
E07999,8.042153062e-05,0
E08000,2.901136821e-05,0
E08001,4.457265851e-05,0
E08002,0.0002341150118,0
E08003,3.799392725e-05,0
E08004,9.660927148e-05,0
E08005,8.943752935e-05,0
E08006,0.1337326233,0
E08007,0.0001348952172,0
E08008,0.002131120029,0
E08009,9.391564456e-05,0
E08010,0.0001504428525,0
E08011,0.001164467131,0
E08012,0.8116368394,1
E08013,8.018787283e-05,0
E08014,8.228815664e-05,0
E08015,0.0001379688052,0
E08016,0.00859462511,0
E08017,0.03809639127,0
E08018,0.0003315447406,0
E08019,7.032263174e-05,0
E08020,2.351070725e-05,0
E08021,0.001905038756,0
E08022,0.0009372290331,0
E08023,0.0002489380641,0
E08024,0.001899291696,0
E08025,0.002150111771,0
E08026,0.002887882916,0
E08027,0.9954977436,1
E08028,0.004694407254,0
E08029,0.01588084663,0
E08030,0.1675565248,0
E08031,4.085224576e-05,0
E08032,9.761543555e-05,0
E08033,5.274632923e-05,0
E08034,0.9667235311,1
E08035,6.635301066e-05,0
E08036,0.0001145839184,0
E08037,3.420892869e-05,0
E08038,0.002488737564,0
E08039,0.00446211019,0
E08040,0.03684870536,0
E08041,0.0001082385928,0
E08042,0.0001400122969,0
E08043,0.8846322934,1
E08044,0.000392062603,0
E08045,0.08379533787,0
E08046,0.8504809488,1
E08047,0.9930332968,1
E08048,0.03527118192,0
E08049,0.0005089322557,0
E08050,0.0001325785306,0
E08051,0.008804191242,0
E08052,0.003508224407,0
E08053,0.009646146882,0
E08054,0.0001704303794,0
E08055,9.268144737e-05,0
E08056,0.0005174733813,0
E08057,0.0001815551775,0
E08058,0.0002963811231,0
E08059,0.001507089117,0
E08060,9.603535605e-05,0
E08061,4.15723061e-05,0
E08062,0.000118591325,0
E08063,9.704164302e-05,0
E08064,9.458295714e-05,0
E08065,0.0001028245463,0
E08066,0.0002505336649,0
E08067,0.001128495682,0
E08068,1.785462877e-05,0
E08069,5.898356008e-05,0
E08070,0.0001132817774,0
E08071,7.040898871e-05,0
E08072,0.0003142515656,0
E08073,0.0004478999135,0
E08074,0.0001598133441,0
E08075,0.0009444708788,0
E08076,7.172357478e-05,0
E08077,0.007826514746,0
E08078,0.001193542045,0
E08079,5.128009153e-05,0
E08080,4.866561306e-05,0
E08081,0.0004598885365,0
E08082,0.0001429559927,0
E08083,0.0002016147608,0
E08084,0.001686487185,0
E08085,0.0001490655458,0
E08086,0.001757022588,0
E08087,0.0001769959549,0
E08088,0.0005554916323,0
E08089,0.003717545673,0
E08090,5.629256102e-05,0
E08091,5.223257687e-05,0
E08092,0.000275660329,0
E08093,4.062956955e-05,0
E08094,0.0002344392529,0
E08095,4.394774336e-05,0
E08096,9.086009584e-05,0
E08097,0.0001901840112,0
E08098,0.0001908173155,0
E08099,0.001027635486,0
E08100,0.09041678944,0
E08101,0.0006849625202,0
E08102,1.217660374e-05,0
E08103,0.0001273732287,0
E08104,1.856862595e-05,0
E08105,7.976731422e-05,0
E08106,3.737099133e-05,0
E08107,0.003949371133,0
E08108,2.874276513e-05,0
E08109,0.1487679105,0
E08110,0.000904372193,0
E08111,0.01022682307,0
E08112,6.504272569e-05,0
E08113,0.0002203004036,0
E08114,0.0002373118758,0
E08115,0.0001468765472,0
E08116,0.0003835760309,0
E08117,0.0002325471816,0
E08118,0.001164387247,0
E08119,6.789387158e-05,0
E08120,6.204245518e-05,0
E08121,0.9352607283,1
E08122,0.0001637699647,0
E08123,8.569315971e-05,0
E08124,7.663271534e-05,0
E08125,0.3328394281,0
E08126,0.2085846611,0
E08127,0.0004306170742,0
E08128,0.0004688405968,0
E08129,0.003431792572,0
E08130,5.462247262e-05,0
E08131,0.8501639546,1
E08132,0.0005288508727,0
E08133,0.0003578271339,0
E08134,0.001567199731,0
E08135,0.0001037557056,0
E08136,0.0003117350875,0
E08137,7.069139078e-05,0
E08138,0.001454179899,0
E08139,0.0001356494726,0
E08140,0.003249639617,0
E08141,0.4372494554,0
E08142,0.00123338155,0
E08143,0.0005544063624,0
E08144,8.011158482e-05,0
E08145,7.622674349e-05,0
E08146,0.0001103731656,0
E08147,5.15958435e-05,0
E08148,0.08995617484,0
E08149,0.001598956014,0
E08150,0.0008683601684,0
E08151,6.147566202e-05,0
E08152,2.443856121e-05,0
E08153,7.167709863e-05,0
E08154,0.03420566817,0
E08155,0.002136359699,0
E08156,8.578804548e-05,0
E08157,7.547516367e-05,0
E08158,0.001445129548,0
E08159,0.00315522216,0
E08160,3.037355101e-05,0
E08161,6.805826226e-05,0
E08162,3.393379445e-05,0
E08163,0.0001600978209,0
E08164,8.645030198e-05,0
E08165,0.0006531938032,0
E08166,0.01660270983,0
E08167,7.595168368e-05,0
E08168,1.36768779e-05,0
E08169,0.0002686489527,0
E08170,0.001550045374,0
E08171,0.5128634532,0
E08172,7.505198529e-05,0
E08173,0.9552871176,1
E08174,0.001632544458,0
E08175,0.0001994916675,0
E08176,5.823342488e-05,0
E08177,0.01364592632,0
E08178,0.0004240496031,0
E08179,1.619178739e-05,0
E08180,0.2782204881,0
E08181,0.7966127998,0
E08182,0.825406114,1
E08183,0.0005681992088,0
E08184,0.0001468191498,0
E08185,0.0003261120245,0
E08186,1.657361939e-05,0
E08187,6.22425555e-05,0
E08188,7.522899466e-05,0
E08189,0.001281958904,0
E08190,0.07187327163,0
E08191,5.860643278e-05,0
E08192,0.0007573263837,0
E08193,0.000152331755,0
E08194,0.001370809798,0
E08195,0.7175842336,0
E08196,0.001535779426,0
E08197,0.01460980121,0
E08198,0.0008985031269,0
E08199,7.03161106e-05,0
E08200,0.0002119133482,0
E08201,0.0004237175911,0
E08202,0.8629442605,1
E08203,3.603758389e-05,0
E08204,0.0004614112784,0
E08205,0.005210814338,0
E08206,3.55110425e-05,0
E08207,0.002238495312,0
E08208,0.0002562716914,0
E08209,3.466107938e-05,0
E08210,0.000877527848,0
E08211,0.00602683106,0
E08212,0.9863802637,1
E08213,2.231769384e-05,0
E08214,0.0001577619978,0
E08215,4.586694071e-05,0
E08216,1.836601965e-05,0
E08217,4.927969633e-05,0
E08218,0.0003015356251,0
E08219,0.1094831735,0
E08220,0.0008505474195,0
E08221,0.0001317658831,0
E08222,0.0002841977433,0
E08223,6.318673674e-05,0
E08224,0.04172277636,0
E08225,0.0003488909992,0
E08226,3.148995893e-05,0
E08227,0.0003512812996,0
E08228,3.090595376e-05,0
E08229,0.01277623873,0
E08230,0.0005857857981,0
E08231,0.0007998066665,0
E08232,6.636403682e-05,0
E08233,0.0004800960025,0
E08234,0.0002795477462,0
E08235,8.886793745e-05,0
E08236,0.0006536888771,0
E08237,4.360929735e-05,0
E08238,0.0002283292307,0
E08239,0.001854872115,0
E08240,0.0001412647767,0
E08241,0.0004992305811,0
E08242,0.0002416171589,0
E08243,3.249088187e-05,0
E08244,0.0002064199379,0
E08245,0.003562237569,0
E08246,8.730955521e-05,0
E08247,0.002980623648,0
E08248,0.001525369444,0
E08249,0.0001089370836,0
E08250,9.059650105e-05,0
E08251,0.5112921715,0
E08252,0.0002760503259,0
E08253,0.0004947298564,0
E08254,0.0003857473982,0
E08255,4.970747728e-05,0
E08256,0.001186602005,0
E08257,4.370335308e-05,0
E08258,0.0003652411665,0
E08259,0.001637898628,0
E08260,2.624345083e-05,0
E08261,0.000697883401,0
E08262,0.0001793261778,0
E08263,0.9801629358,1
E08264,4.646670501e-05,0
E08265,3.823441512e-05,0
E08266,0.5212244786,0
E08267,0.0001398590601,0
E08268,0.0001932105899,0
E08269,1.437789342e-05,0
E08270,8.370304908e-05,0
E08271,3.131810288e-05,0
E08272,0.00212291889,0
E08273,0.000408462601,0
E08274,4.503114318e-05,0
E08275,8.635857618e-05,0
E08276,5.446074595e-05,0
E08277,0.0001795409689,0
E08278,0.007315362281,0
E08279,0.002733202305,0
E08280,0.0002180645153,0
E08281,0.0003213842347,0
E08282,0.0001750881377,0
E08283,1.865265654e-05,0
E08284,3.293290682e-05,0
E08285,1.756811674e-05,0
E08286,9.156732004e-05,0
E08287,2.136730217e-05,0
E08288,0.0008640428081,0
E08289,0.0007659684668,0
E08290,0.0001150439797,0
E08291,0.001823327427,0
E08292,0.001422345815,0
E08293,0.0001063847382,0
E08294,7.411407273e-05,0
E08295,0.0001371576866,0
E08296,0.0004925013421,0
E08297,6.526586695e-05,0
E08298,0.0002274091283,0
E08299,0.00264776985,0
E08300,9.057143487e-05,0
E08301,0.09916605197,0
E08302,3.620995663e-05,0
E08303,0.02532965472,0
E08304,0.0005518295838,0
E08305,0.5781600487,0
E08306,0.0005840095506,0
E08307,0.0001362385107,0
E08308,0.0003332855063,0
E08309,0.0001857957076,0
E08310,0.002627169406,0
E08311,5.811214282e-05,0
E08312,0.007922136323,0
E08313,0.0002783825587,0
E08314,0.0009044950569,0
E08315,2.896517817e-05,0
E08316,0.0113383237,0
E08317,0.02518367424,0
E08318,0.02934631368,0
E08319,0.0001015477749,0
E08320,5.118583213e-05,0
E08321,0.01761968869,0
E08322,7.061984791e-05,0
E08323,0.01214675023,0
E08324,0.0005299675223,0
E08325,2.174325617e-05,0
E08326,0.0002198576826,0
E08327,0.001824516666,0
E08328,0.0004383288463,0
E08329,0.0001478879046,0
E08330,0.0002210435214,0
E08331,0.000237747714,0
E08332,0.008783944696,0
E08333,5.551004335e-05,0
E08334,0.0001679786053,0
E08335,0.0004391492108,0
E08336,0.0002607043077,0
E08337,0.0002197584727,0
E08338,0.000180929214,0
E08339,0.0009937966981,0
E08340,0.0001861020167,0
E08341,0.0009391115455,0
E08342,0.0004689032518,0
E08343,0.2933112357,0
E08344,0.0007369491277,0
E08345,0.001600364623,0
E08346,0.005211323373,0
E08347,6.624399334e-05,0
E08348,0.0002389513358,0
E08349,4.787957737e-05,0
E08350,0.5792440181,0
E08351,0.01080665596,0
E08352,0.0007325851592,0
E08353,0.001288865362,0
E08354,2.118080796e-05,0
E08355,0.01410372359,0
E08356,0.001757661917,0
E08357,0.0005545257884,0
E08358,5.533091272e-05,0
E08359,0.0002177615822,0
E08360,0.0001462081101,0
E08361,5.31508552e-05,0
E08362,0.01285810914,0
E08363,0.0003784745953,0
E08364,7.983835093e-05,0
E08365,0.000287845113,0
E08367,0.7043866358,0
E08368,0.0001873630568,0
E08369,7.941696293e-05,0
E08370,0.0002471261054,0
E08371,0.000569582215,0
E08372,0.005128396843,0
E08373,0.0008052982459,0
E08374,0.0001531622158,0
E08375,0.9752535311,1
E08376,0.0002432669927,0
E08377,0.9625265892,1
E08378,2.939855687e-05,0
E08379,0.003358574903,0
E08380,0.0003731342029,0
E08381,0.0007315764405,0
E08382,2.478036144e-05,0
E08383,0.0002958896388,0
E08384,0.0001156362192,0
E08385,9.679916876e-05,0
E08386,3.807518808e-05,0
E08387,7.545203544e-05,0
E08388,0.0001125499544,0
E08389,0.000299381478,0
E08390,0.0001195258458,0
E08391,9.019978085e-05,0
E08392,0.0002133945356,0
E08393,0.1783464483,0
E08394,0.001027531627,0
E08395,0.002564614875,0
E08396,0.0001203259866,0
E08397,0.002078589963,0
E08398,0.0002015771768,0
E08399,4.630888932e-05,0
E08400,0.000125935659,0
E08401,0.0002480735,0
E08402,0.0006523992499,0
E08403,0.001058353438,0
E08404,0.001142823128,0
E08405,0.01104872411,0
E08406,0.01226063472,0
E08407,0.02548221614,0
E08408,3.936492518e-05,0
E08409,0.0001648723575,0
E08410,4.530752187e-05,0
E08411,0.0003598108323,0
E08412,3.051077243e-05,0
E08413,2.03340821e-05,0
E08414,3.222736803e-05,0
E08415,0.0009455013354,0
E08416,0.9956745633,1
E08417,0.04269212131,0
E08418,5.265294309e-05,0
E08419,1.821922888e-05,0
E08420,2.131890622e-05,0
E08421,0.0003146651593,0
E08422,0.000539250609,0
E08423,6.105185258e-05,0
E08424,0.000664094782,0
E08425,0.0004269741422,0
E08426,0.000208515265,0
E08427,0.0004637044375,0
E08428,0.9655392568,1
E08429,0.0004498557524,0
E08430,0.0005288715321,0
E08431,7.742197245e-05,0
E08432,3.036970132e-05,0
E08433,0.001912957628,0
E08434,6.938981329e-05,0
E08435,7.863669138e-05,0
E08436,0.559679246,0
E08437,0.2818602766,0
E08438,0.000131473919,0
E08439,0.0001871308682,0
E08440,0.0001593428213,0
E08441,0.004038341407,0
E08442,0.0001009561524,0
E08443,0.0007449832457,0
E08444,5.702082463e-05,0
E08445,1.872323871e-05,0
E08446,0.02635152373,0
E08447,8.736277776e-05,0
E08448,0.0002460779018,0
E08449,0.0001587371599,0
E08450,0.000906137488,0
E08451,0.0009304989873,0
E08452,0.0001069087333,0
E08453,7.349659967e-05,0
E08454,0.000807611984,0
E08455,0.0010277981,0
E08456,4.759046807e-05,0
E08457,0.0003883951273,0
E08458,6.705092145e-05,0
E08459,0.0002182011854,0
E08460,0.001840019544,0
E08461,8.597649082e-05,0
E08462,8.632236815e-05,0
E08463,1.830594113e-05,0
E08464,0.0006634369792,0
E08465,4.862101484e-05,0
E08466,9.344084148e-05,0
E08467,7.5013977e-05,0
E08468,2.174946865e-05,0
E08469,0.03595270656,0
E08470,0.001450753317,0
E08471,6.604831958e-05,0
E08472,0.0008525314172,0
E08473,0.000109684245,0
E08474,1.700665085e-05,0
E08475,0.0001366360356,0
E08476,8.33343839e-05,0
E08477,0.02995666244,0
E08478,0.0005320766002,0
E08479,0.0002464067807,0
E08480,0.0002820927383,0
E08481,0.00214445811,0
E08482,0.0009707735115,0
E08483,0.0005123267951,0
E08484,0.0001430525673,0
E08485,7.095823898e-05,0
E08486,0.3645239817,0
E08487,2.296974976e-05,0
E08488,0.00195210424,0
E08489,0.0003511744869,0
E08490,0.007364317918,0
E08491,5.222134878e-05,0
E08492,4.596998377e-05,0
E08493,5.812973236e-05,0
E08494,0.001368202933,0
E08495,0.0001044255462,0
E08496,6.312416133e-05,0
E08497,0.0007586626036,0
E08498,0.0002972803841,0
E08499,0.0001509383233,0
E08500,0.7459346891,0
E08501,6.513832399e-05,0
E08502,0.07665095487,0
E08503,0.01788175724,0
E08504,0.008334693006,0
E08505,0.005407448378,0
E08506,0.0002030118991,0
E08507,6.421870548e-05,0
E08508,0.7958755549,0
E08509,3.008536167e-05,0
E08510,0.0003061583079,0
E08511,0.001346117176,0
E08513,0.9710929348,1
E08514,0.5261761631,0
E08515,0.0005499145598,0
E08516,0.0003766803265,0
E08517,0.0001026270009,0
E08518,4.709510992e-05,0
E08519,0.0006847733716,0
E08520,3.69742064e-05,0
E08521,0.0001356195674,0
E08522,0.01849194575,0
E08523,0.4626240239,0
E08524,0.9768579968,1
E08525,0.0003211643014,0
E08526,0.000271565239,0
E08527,0.0001020352616,0
E08528,0.2067386262,0
E08529,0.5338071369,0
E08530,9.075182297e-05,0
E08531,0.0004244087898,0
E08532,3.31832051e-05,0
E08533,0.000486240008,0
E08534,0.001071592853,0
E08535,0.02569494609,0
E08536,3.524904062e-05,0
E08537,8.476669407e-05,0
E08538,8.133914041e-05,0
E08539,0.0009565235016,0
E08540,0.000121268435,0
E08541,0.0003619411968,0
E08542,0.001252904605,0
E08543,3.815572253e-05,0
E08544,0.9119636319,1
E08545,0.0005251172798,0
E08546,0.003336998947,0
E08547,6.443225318e-05,0
E08548,0.0002261161708,0
E08549,0.0001417852539,0
E08550,0.0002060875033,0
E08551,0.0004431490022,0
E08552,0.001556789249,0
E08553,0.0005433411108,0
E08554,3.356471211e-05,0
E08555,3.30442052e-05,0
E08556,0.0002879516747,0
E08557,5.778729612e-05,0
E08558,0.0009151731644,0
E08559,1.429651562e-05,0
E08560,0.9337328759,1
E08561,0.0001796523293,0
E08562,0.0004350810368,0
E08563,0.001940463754,0
E08564,3.975901053e-05,0
E08565,0.0144277772,0
E08566,4.156923049e-05,0
E08567,3.859148665e-05,0
E08568,4.156923049e-05,0
E08569,0.01250545546,0
E08570,0.0002198413574,0
E08571,0.0009531899303,0
E08572,0.0008873047927,0
E08573,0.0135742715,0
E08574,0.0001051994386,0
E08575,0.0004087537206,0
E08576,0.1078364304,0
E08577,0.0002647899595,0
E08578,0.000102663631,0
E08579,0.008953602135,0
E08580,4.02163208e-05,0
E08581,0.0002354960485,0
E08582,0.0001556384186,0
E08583,7.553210213e-05,0
E08584,0.000280156756,0
E08585,0.004964708558,0
E08586,4.714592692e-05,0
E08587,3.882772442e-05,0
E08588,8.026884907e-05,0
E08589,0.0001080413741,0
E08590,0.0001168183459,0
E08591,0.0001132558638,0
E08592,0.001099550902,0
E08593,0.130126633,0
E08594,3.43955893e-05,0
E08595,3.068926528e-05,0
E08596,7.358915164e-05,0
E08597,0.9951385521,1
E08598,0.0001037135173,0
E08599,3.107189367e-05,0
E08600,3.315525348e-05,0
E08601,1.401001291e-05,0
E08602,3.24368296e-05,0
E08603,8.766961884e-05,0
E08604,0.0003299493219,0
E08605,3.228493282e-05,0
E08606,0.01094025328,0
E08607,1.039314414e-05,0
E08608,5.787250656e-05,0
E08609,0.000138791296,0
E08610,0.0004337259381,0
E08611,0.9543651663,1
E08612,0.0005494837973,0
E08613,0.0001027486926,0
E08614,0.0001943230351,0
E08615,0.0009753956071,0
E08616,0.00018678401,0
E08617,3.870677405e-05,0
E08618,0.000500738335,0
E08619,3.104442965e-05,0
E08620,0.0002514028025,0
E08621,0.0007702440181,0
E08622,0.005299105639,0
E08623,0.0005977384653,0
E08624,0.0001933496135,0
E08625,0.001000432027,0
E08626,0.0008128126404,0
E08627,2.650985781e-05,0
E08628,0.0003043864362,0
E08629,0.005281856402,0
E08630,4.852566126e-05,0
E08631,0.1226560105,0
E08632,2.549711351e-05,0
E08633,0.0005810610292,0
E08634,0.00047595813,0
E08635,0.0008123866536,0
E08636,2.249441029e-05,0
E08637,0.002140725758,0
E08638,0.001329702141,0
E08639,0.003419439206,0
E08640,0.0002216328123,0
E08641,0.004366309715,0
E08642,0.04371160811,0
E08644,0.5808191602,0
E08645,0.0001738540052,0
E08646,0.0007065187565,0
E08647,8.432106404e-05,0
E08648,0.0006265848137,0
E08649,0.1608150982,0
E08650,0.0006139870987,0
E08651,0.000268899469,0
E08652,0.0008302628286,0
E08653,0.001009095119,0
E08654,0.0001856286389,0
E08655,0.001470218655,0
E08656,0.6181263945,0
E08657,0.002475254949,0
E08658,0.0001953534436,0
E08659,0.0005225338228,0
E08660,0.002647219045,0
E08661,6.368949477e-05,0
E08662,0.0002189437757,0
E08663,0.001209589516,0
E08664,6.888054624e-05,0
E08665,0.9768842826,1
E08666,0.0002261191754,0
E08667,9.31298595e-05,0
E08669,0.005056067228,0
E08670,0.0003412892731,0
E08671,0.0004666877542,0
E08672,0.0001445212195,0
E08673,0.5025316145,0
E08674,0.002715431015,0
E08675,0.0006041153266,0
E08676,4.870008645e-05,0
E08677,0.001098034137,0
E08678,0.6143502978,0
E08679,0.0002464686816,0
E08680,7.011591391e-05,0
E08681,0.002112198007,0
E08682,0.0002693722725,0
E08683,9.50895681e-05,0
E08684,0.0004596883183,0
E08685,0.0009423468603,0
E08687,0.000165555683,0
E08688,0.0004841817097,0
E08689,0.006239520342,0
E08690,1.634671816e-05,0
E08691,0.0001357738106,0
E08692,6.839836763e-05,0
E08693,8.734804015e-05,0
E08694,0.0006535010934,0
E08695,1.387304119e-05,0
E08696,2.129705669e-05,0
E08697,0.002086867389,0
E08698,0.0003559360285,0
E08699,0.00108554876,0
E08700,3.764363104e-05,0
E08701,0.0001313954145,0
E08702,9.632798564e-05,0
E08703,3.559371945e-05,0
E08704,0.0001212736753,0
E08705,0.0002354201251,0
E08706,0.0001913657565,0
E08707,0.01278723427,0
E08708,0.01843734278,0
E08709,0.000482608664,0
E08710,3.763413176e-05,0
E08711,0.0002013380516,0
E08712,7.906781244e-05,0
E08713,0.02218866477,0
E08714,0.0003948812573,0
E08715,0.0002382441427,0
E08716,0.000322353909,0
E08718,0.005163003585,0
E08719,0.006688925041,0
E08720,3.810381344e-05,0
E08721,0.876566157,1
E08722,0.003085028558,0
E08723,0.0004261579853,0
E08724,0.0003115300253,0
E08725,2.810333342e-05,0
E08726,6.801645299e-05,0
E08727,7.632748746e-05,0
E08728,0.0001946105202,0
E08729,9.357081358e-05,0
E08730,0.0002713844777,0
E08731,6.288952461e-05,0
E08732,0.001076240033,0
E08733,8.629344039e-05,0
E08734,0.0004518274159,0
E08735,5.472890975e-05,0
E08736,0.002480478986,0
E08737,6.114945687e-05,0
E08738,0.0007742355112,0
E08739,0.0006952633311,0
E08740,0.00034481685,0
E08741,0.004268728716,0
E08742,5.152685668e-05,0
E08743,0.0002569042006,0
E08745,0.0428072355,0
E08746,5.808590019e-05,0
E08747,0.0009009072405,0
E08748,0.000137951129,0
E08749,5.708242827e-05,0
E08750,4.243076457e-05,0
E08751,0.0006128538526,0
E08752,0.001085611493,0
E08753,0.0003762305943,0
E08754,8.740036059e-05,0
E08755,2.365412461e-05,0
E08756,0.001035391508,0
E08757,0.0001071388495,0
E08758,0.0001628306599,0
E08759,0.0001033416043,0
E08760,0.0009035988186,0
E08761,4.319807532e-05,0
E08762,0.4996896703,0
E08763,0.001557463922,0
E08764,0.0008307990454,0
E08765,0.005947694663,0
E08766,0.0005124680902,0
E08768,0.0006946499297,0
E08769,0.006870239312,0
E08770,6.163588694e-05,0
E08772,0.0006757122952,0
E08773,8.099449827e-05,0
E08774,0.0002713844777,0
E08775,0.0003347822053,0
E08776,0.001912943693,0
E08777,3.639195906e-05,0
E08778,0.0002398623671,0
E08779,6.114945687e-05,0
E08780,0.0007742355112,0
E08781,0.0006952633311,0
E08782,0.002034988942,0
E08783,0.01281014569,0
E08784,0.0001340752663,0
E08785,0.01232113953,0
E08786,0.9997567061,1
E08787,0.0428072355,0
E08788,0.00312273094,0
E08789,0.0009009072405,0
E08790,5.708242827e-05,0
E08791,1.563342548e-05,0
E08792,0.001829460983,0
E08793,2.235961159e-05,0
E08794,0.0002547947352,0
E08795,0.0003059174942,0
E08796,1.222738053e-05,0
E08797,2.13171981e-05,0
E08798,0.000110755089,0
E08799,0.0001563878617,0
E08801,0.000221337589,0
E08802,0.002795102646,0
E08803,0.0003036735458,0
E08804,0.02748094249,0
E08805,0.0002373282563,0
E08806,0.000322353909,0
E08807,0.0001441714657,0
E08808,0.003085028558,0
E08809,0.0002440487661,0
E08810,0.1703494547,0
E08811,2.810333342e-05,0
E08812,6.801645299e-05,0
E08813,7.632748746e-05,0
E08814,5.513922736e-05,0
E08815,0.0145969817,0
E08816,6.212432124e-05,0
E08817,0.001971238218,0
E08818,0.006376730308,0
E08819,8.629344039e-05,0
E08820,9.793389993e-05,0
E08821,0.0001951528717,0
E08823,0.009648477024,0
E08825,6.900303369e-05,0
E08826,0.0002569042006,0
E08827,0.0005471503595,0
E08828,0.0001344290308,0
E08829,0.0002428119966,0
E08830,0.0001251509584,0
E08831,0.9792992955,1
E08832,4.243076457e-05,0
E08833,0.001156601906,0
E08834,0.001132129295,0
E08835,0.00270522293,0
E08836,0.0001071388495,0
E08837,0.001473577632,0
E08838,0.0571147682,0
E08839,0.0001033416043,0
E08841,0.0009439583102,0
E08842,0.0005545078959,0
E08843,7.703130544e-05,0
E08844,0.00115018596,0
E08845,0.005947694663,0
E08846,9.687735633e-05,0
E08847,0.0006891433091,0
E08848,0.01719289806,0
E08849,2.63276847e-05,0
E08850,0.0133193701,0
E08851,9.962949487e-05,0
E08852,4.152509286e-05,0
E08853,5.985179804e-05,0
E08854,6.214531322e-05,0
E08855,0.1730977542,0
E08856,0.001514200889,0
E08857,0.000287401353,0
E08858,0.0007627489319,0
E08859,0.0008404289993,0
E08860,1.880780671e-05,0
E08861,0.04094493936,0
E08862,0.0004675407975,0
E08865,0.000204871629,0
E08866,0.1226809676,0
E08867,5.863952507e-05,0
E08868,9.019273814e-05,0
E08869,0.001429331866,0
E08870,0.005812009014,0
E08871,0.009554757118,0
E08872,0.0006167071074,0
E08873,0.0007672240771,0
E08874,0.0001022383125,0
E08875,0.0004239329494,0
E08877,0.007866402695,0
E08878,0.03088115811,0
E08879,0.001984575934,0
E08880,0.0046694705,0
E08881,0.1861968751,0
E08882,4.656961342e-05,0
E08883,0.0006742399285,0
E08884,0.0004701766421,0
E08885,0.0001272509171,0
E08886,0.002008295691,0
E08887,3.449245048e-05,0
E08888,0.0001232453799,0
E08889,0.0005021308193,0
E08890,3.180391804e-05,0
E08891,0.0001493742022,0
E08892,2.199314098e-05,0
E08893,2.402293556e-05,0
E08894,0.0005272942518,0
E08895,7.260551361e-05,0
E08896,2.305616602e-05,0
E08897,0.0005871645578,0
E08898,0.006105345213,0
E08899,0.0008405561046,0
E08900,4.948503555e-05,0
E08901,0.003078531051,0
E08902,0.0001380945294,0
E08903,0.001617609759,0
E08904,7.440752832e-05,0
E08905,0.0001035821834,0
E08906,0.001131212572,0
E08907,0.0003454024675,0
E08908,0.0008691615165,0
E08909,8.434219697e-05,0
E08910,0.01857091158,0
E08911,0.01706356461,0
E08912,3.841918006e-05,0
E08913,0.000729886,0
E08914,0.0006371145745,0
E08915,9.803090114e-05,0
E08916,0.000313478865,0
E08917,8.284074404e-05,0
E08918,0.04043046675,0
E08919,0.0006274279553,0
E08920,3.331220415e-05,0
E08921,0.0005124914736,0
E08922,1.880553993e-05,0
E08923,0.0001127404821,0
E08924,0.2031175225,0
E08925,5.06341204e-05,0
E08926,0.000373982953,0
E08927,0.0009279357493,0
E08928,2.627796939e-05,0
E08929,2.640448459e-05,0
E08930,4.15723115e-05,0
E08931,2.783775609e-05,0
E08932,0.001417134154,0
E08933,0.003828989886,0
E08934,0.003121972047,0
E08935,0.4695586893,0
E08936,0.0009526357007,0
E08937,0.0001944457586,0
E08938,5.932747405e-05,0
E08939,2.965698444e-05,0
E08940,5.195617064e-05,0
E08941,0.0002377726495,0
E08942,0.0005084242547,0
E08943,0.0004410633084,0
E08944,0.0001782286614,0
E08945,0.9567745699,1
E08946,0.9820263072,1
E08947,0.0003160548378,0
E08948,0.002580657734,0
E08949,5.953545618e-05,0
E08950,6.378766846e-05,0
E08951,6.147827453e-05,0
E08952,0.0001265629843,0
E08953,0.001277598541,0
E08954,9.935470143e-05,0
E08955,0.0001801241375,0
E08956,3.71892656e-05,0
E08957,0.0005230164889,0
E08958,0.0004467268139,0
E08959,0.0003929486898,0
E08960,8.087067634e-05,0
E08961,0.001748235716,0
E08962,0.0002922228353,0
E08963,0.01149018972,0
E08964,6.376797369e-05,0
E08965,0.001789586609,0
E08966,7.46954225e-05,0
E08967,5.052429222e-05,0
E08968,0.1804918079,0
E08969,0.0008609214257,0
E08970,2.333042968e-05,0
E08971,0.0001484568587,0
E08972,0.0002173600686,0
E08973,4.099186168e-05,0
E08974,0.0005332198912,0
E08975,1.515074587e-05,0
E08976,5.866057608e-05,0
E08977,0.0001320042878,0
E08978,0.0001927884509,0
E08979,0.0003044398619,0
E08980,0.9832479603,1
E08981,0.0003690908937,0
E08982,0.007463238116,0
E08983,4.737862261e-05,0
E08984,0.005793785803,0
E08985,0.0001131139147,0
E08986,0.0003570457409,0
E08987,0.0009324361045,0
E08988,0.0003270067709,0
E08989,0.8875476929,1
E08990,0.9872441503,1
E08991,0.0001563500259,0
E08992,2.575878048e-05,0
E08993,2.462495111e-05,0
E08994,0.0002911283796,0
E08995,8.25952237e-05,0
E08996,3.197731004e-05,0
E08997,0.6432593853,0
E08998,2.71204895e-05,0
E08999,0.0002706645999,0
