true_auc,budget,lambda_nominal,bias_sign,lambda_actual,method,method_label,mae,direct_mae,mean_excess_mae,q95_excess_mae,mean_weight,max_identity_residual,gain_percent,noninferior
0.55,8,0.0,0,0.0,DIRECT_FULL,Direct,0.178875,0.178875,0.0,0.0,0.0,0.0,0.0,True
0.55,8,0.0,0,0.0,PC_DELONG,DeLong,0.1726709824677375,0.178875,-0.006204017532262522,0.029308867574086708,0.1429470925244064,0.0,3.4683536169182516,True
0.55,8,0.0,0,0.0,PC_DELONG_VARGATE,DeLong + gate,0.18018205743918525,0.178875,0.001307057439185246,0.008824739936160184,0.011493925824387703,0.0,-0.7307099590134092,False
0.55,8,0.0,0,0.0,PC_ORACLE,Oracle,0.1627125,0.178875,-0.01616249999999999,0.030625000000000013,0.23274999999999998,0.0,9.035639412997899,True
0.55,8,0.0,0,0.0,PC_PAIRED_HOEFFDING,CMDO,0.1736194444444491,0.178875,-0.005255555555550905,0.010833333333323925,0.10166666666658183,0.0,2.9381163133757715,True
0.55,8,0.0,0,0.0,PC_PLUGIN,Plug-in,0.1627125,0.178875,-0.01616249999999999,0.030625000000000013,0.23274999999999998,0.0,9.035639412997899,True
0.55,8,0.0,0,0.0,PC_PLUGIN_VARGATE,Plug-in + gate,0.178353125,0.178875,-0.0005218750000000053,0.013125000000000053,0.042437499999999996,0.0,0.2917540181691103,True
0.55,8,0.0,0,0.0,PC_USTAT_MCDIARMID,U-stat,0.1736194444444491,0.178875,-0.005255555555550905,0.010833333333323925,0.10166666666658183,0.0,2.9381163133757715,True
0.55,8,0.25,-1,0.24999999999999994,DIRECT_FULL,Direct,0.1679375,0.1679375,0.0,0.0,0.0,0.0,0.0,True
0.55,8,0.25,-1,0.24999999999999994,PC_DELONG,DeLong,0.1648499349918162,0.1679375,-0.0030875650081837935,0.03304474065961276,0.14055157298985757,0.0,1.8385202877164386,True
0.55,8,0.25,-1,0.24999999999999994,PC_DELONG_VARGATE,DeLong + gate,0.17008673599492286,0.1679375,0.0021492359949228665,0.01488245350761919,0.017007887139619794,0.0,-1.2797832496749484,False
0.55,8,0.25,-1,0.24999999999999994,PC_ORACLE,Oracle,0.15861104746380242,0.1679375,-0.009326452536197577,0.03856998603927925,0.22531249999999997,0.0,5.553525886831457,True
0.55,8,0.25,-1,0.24999999999999994,PC_PAIRED_HOEFFDING,CMDO,0.16433956544196615,0.1679375,-0.003597934558033838,0.012837545110857877,0.10041666666658317,0.0,2.1424247461310553,True
0.55,8,0.25,-1,0.24999999999999994,PC_PLUGIN,Plug-in,0.15861104746380242,0.1679375,-0.009326452536197577,0.03856998603927925,0.22531249999999997,0.0,5.553525886831457,True
0.55,8,0.25,-1,0.24999999999999994,PC_PLUGIN_VARGATE,Plug-in + gate,0.1707330739296781,0.1679375,0.0027955739296780776,0.027698996044462333,0.044625,0.0,-1.6646513909508664,False
0.55,8,0.25,-1,0.24999999999999994,PC_USTAT_MCDIARMID,U-stat,0.16433956544196615,0.1679375,-0.003597934558033838,0.012837545110857877,0.10041666666658317,0.0,2.1424247461310553,True
0.55,8,0.25,1,0.25000000000000017,DIRECT_FULL,Direct,0.1729375,0.1729375,0.0,0.0,0.0,0.0,0.0,True
0.55,8,0.25,1,0.25000000000000017,PC_DELONG,DeLong,0.16576254664179707,0.1729375,-0.007174953358202911,0.03618999534642642,0.14777565477628424,0.0,4.148870752845923,True
0.55,8,0.25,1,0.25000000000000017,PC_DELONG_VARGATE,DeLong + gate,0.17445621991454477,0.1729375,0.0015187199145447548,0.015030745113747518,0.011982496893140899,0.0,-0.8781900481646732,False
0.55,8,0.25,1,0.25000000000000017,PC_ORACLE,Oracle,0.1537184975568739,0.1729375,-0.019219002443126118,0.04294498603927932,0.2454375,0.0,11.113264874955464,True
0.55,8,0.25,1,0.25000000000000017,PC_PAIRED_HOEFFDING,CMDO,0.16538856730340026,0.1729375,-0.00754893269659975,0.019792440041999267,0.10791666666657672,0.0,4.365121906237645,True
0.55,8,0.25,1,0.25000000000000017,PC_PLUGIN,Plug-in,0.1537184975568739,0.1729375,-0.019219002443126118,0.04294498603927932,0.2454375,0.0,11.113264874955464,True
0.55,8,0.25,1,0.25000000000000017,PC_PLUGIN_VARGATE,Plug-in + gate,0.17392297411582103,0.1729375,0.0009854741158210212,0.03618999534642642,0.03937499999999999,0.0,-0.5698440857656806,False
0.55,8,0.25,1,0.25000000000000017,PC_USTAT_MCDIARMID,U-stat,0.16538856730340026,0.1729375,-0.00754893269659975,0.019792440041999267,0.10791666666657672,0.0,4.365121906237645,True
0.55,8,0.5,-1,0.5000000000000001,DIRECT_FULL,Direct,0.1750625,0.1750625,0.0,0.0,0.0,0.0,0.0,True
0.55,8,0.5,-1,0.5000000000000001,PC_DELONG,DeLong,0.1706797791123693,0.1750625,-0.004382720887630705,0.041239552457683404,0.14391427179172747,0.0,2.5035178222810095,True
0.55,8,0.5,-1,0.5000000000000001,PC_DELONG_VARGATE,DeLong + gate,0.1773613258164643,0.1750625,0.0022988258164643185,0.03155727622884169,0.01574160182548196,0.0,-1.3131457716325734,False
0.55,8,0.5,-1,0.5000000000000001,PC_ORACLE,Oracle,0.16413082283561237,0.1750625,-0.010931677164387634,0.041239552457683404,0.23099999999999998,0.0,6.244442507326031,True
0.55,8,0.5,-1,0.5000000000000001,PC_PAIRED_HOEFFDING,CMDO,0.1708711156272865,0.1750625,-0.004191384372713507,0.020036365859564254,0.10211111111102608,0.0,2.394221705227284,True
0.55,8,0.5,-1,0.5000000000000001,PC_PLUGIN,Plug-in,0.16413082283561237,0.1750625,-0.010931677164387634,0.041239552457683404,0.23099999999999998,0.0,6.244442507326031,True
0.55,8,0.5,-1,0.5000000000000001,PC_PLUGIN_VARGATE,Plug-in + gate,0.17853608958178724,0.1750625,0.003473589581787259,0.03155727622884169,0.034999999999999996,0.0,-1.9841996897035141,False
0.55,8,0.5,-1,0.5000000000000001,PC_USTAT_MCDIARMID,U-stat,0.1708711156272865,0.1750625,-0.004191384372713507,0.020036365859564254,0.10211111111102608,0.0,2.394221705227284,True
0.55,8,0.5,1,0.5000000000000004,DIRECT_FULL,Direct,0.18118749999999997,0.18118749999999997,0.0,0.0,0.0,0.0,0.0,True
0.55,8,0.5,1,0.5000000000000004,PC_DELONG,DeLong,0.1784561898106503,0.18118749999999997,-0.002731310189349713,0.05319249008249627,0.14073652723968844,0.0,1.5074495698376933,True
0.55,8,0.5,1,0.5000000000000004,PC_DELONG_VARGATE,DeLong + gate,0.1840175608143358,0.18118749999999997,0.002830060814335797,0.036864552457683386,0.019160923899969314,0.0,-1.5619514670359713,False
0.55,8,0.5,1,0.5000000000000004,PC_ORACLE,Oracle,0.17104850659387238,0.18118749999999997,-0.010138993406127611,0.05529682868652519,0.22618749999999999,0.0,5.595857002347071,True
0.55,8,0.5,1,0.5000000000000004,PC_PAIRED_HOEFFDING,CMDO,0.175877079534533,0.18118749999999997,-0.005310420465466991,0.030505259639527216,0.10047222222213863,0.0,2.930897807777566,True
0.55,8,0.5,1,0.5000000000000004,PC_PLUGIN,Plug-in,0.17115393383682825,0.18118749999999997,-0.010033566163171755,0.05529682868652519,0.22517230748502445,0.0,5.5376701831924,True
0.55,8,0.5,1,0.5000000000000004,PC_PLUGIN_VARGATE,Plug-in + gate,0.1849776168934616,0.18118749999999997,0.0037901168934616025,0.05529682868652519,0.04645836307617133,0.0,-2.091820293045399,False
0.55,8,0.5,1,0.5000000000000004,PC_USTAT_MCDIARMID,U-stat,0.175877079534533,0.18118749999999997,-0.005310420465466991,0.030505259639527216,0.10047222222213863,0.0,2.930897807777566,True
0.55,8,0.75,-1,0.75,DIRECT_FULL,Direct,0.16699999999999998,0.16699999999999998,0.0,0.0,0.0,0.0,0.0,True
0.55,8,0.75,-1,0.75,PC_DELONG,DeLong,0.16641443556457902,0.16699999999999998,-0.0005855644354209836,0.04755815393401758,0.14554971189152546,0.0,0.35063738647961307,True
0.55,8,0.75,-1,0.75,PC_DELONG_VARGATE,DeLong + gate,0.16994517191513378,0.16699999999999998,0.0029451719151337773,0.025683153934017544,0.019808324375815516,0.0,-1.7635759970860976,False
0.55,8,0.75,-1,0.75,PC_ORACLE,Oracle,0.16474782696700876,0.16699999999999998,-0.0022521730329912067,0.051366307868035144,0.23362499999999997,0.0,1.3486066065815705,True
0.55,8,0.75,-1,0.75,PC_PAIRED_HOEFFDING,CMDO,0.16551590724007006,0.16699999999999998,-0.0014840927599299389,0.02569722350735637,0.10416666666658006,0.0,0.8886782993592357,True
0.55,8,0.75,-1,0.75,PC_PLUGIN,Plug-in,0.16474782696700876,0.16699999999999998,-0.0022521730329912067,0.051366307868035144,0.23362499999999997,0.0,1.3486066065815705,True
0.55,8,0.75,-1,0.75,PC_PLUGIN_VARGATE,Plug-in + gate,0.1728744215564736,0.16699999999999998,0.005874421556473601,0.04755815393401758,0.042874999999999996,0.0,-3.5176176984871965,False
0.55,8,0.75,-1,0.75,PC_USTAT_MCDIARMID,U-stat,0.16551590724007006,0.16699999999999998,-0.0014840927599299389,0.02569722350735637,0.10416666666658006,0.0,0.8886782993592357,True
0.55,8,0.75,1,0.7500000000000006,DIRECT_FULL,Direct,0.1683125,0.1683125,0.0,0.0,0.0,0.0,0.0,True
0.55,8,0.75,1,0.7500000000000006,PC_DELONG,DeLong,0.1733783037424812,0.1683125,0.005065803742481203,0.06505815393401759,0.15400197157592857,0.0,-3.0097608570255785,False
0.55,8,0.75,1,0.7500000000000006,PC_DELONG_VARGATE,DeLong + gate,0.1755979218112675,0.1683125,0.007285421811267485,0.04346657696700884,0.02609687600422139,0.0,-4.328509059795005,False
0.55,8,0.75,1,0.7500000000000006,PC_ORACLE,Oracle,0.16628321811294722,0.1683125,-0.002029281887052791,0.06613773278236766,0.23537499999999997,0.0,1.2056632080521545,True
0.55,8,0.75,1,0.7500000000000006,PC_PAIRED_HOEFFDING,CMDO,0.1663676873070283,0.1683125,-0.001944812692971694,0.03692415637738522,0.10394444444435788,0.0,1.1554772776660616,True
0.55,8,0.75,1,0.7500000000000006,PC_PLUGIN,Plug-in,0.16660786553156137,0.1683125,-0.0017046344684386178,0.06613773278236766,0.23390830068760685,0.0,1.0127794836620185,True
0.55,8,0.75,1,0.7500000000000006,PC_PLUGIN_VARGATE,Plug-in + gate,0.17869317141687194,0.1683125,0.01038067141687195,0.06613773278236766,0.0587590449698497,0.0,-6.16749879947831,False
0.55,8,0.75,1,0.7500000000000006,PC_USTAT_MCDIARMID,U-stat,0.1663676873070283,0.1683125,-0.001944812692971694,0.03692415637738522,0.10394444444435788,0.0,1.1554772776660616,True
0.55,8,1.0,-1,0.9999999999999998,DIRECT_FULL,Direct,0.18337499999999998,0.18337499999999998,0.0,0.0,0.0,0.0,0.0,True
0.55,8,1.0,-1,0.9999999999999998,PC_DELONG,DeLong,0.17956037732441793,0.18337499999999998,-0.0038146226755820666,0.046447537950016216,0.13921353959441038,0.0,2.08023049793159,True
0.55,8,1.0,-1,0.9999999999999998,PC_DELONG_VARGATE,DeLong + gate,0.186317780565225,0.18337499999999998,0.0029427805652249834,0.03100998138570571,0.01653140019032337,0.0,-1.6047883109611583,False
0.55,8,1.0,-1,0.9999999999999998,PC_ORACLE,Oracle,0.17587034236813934,0.18337499999999998,-0.0075046576318606424,0.062019962771411474,0.22749999999999995,0.0,4.09251949931051,True
0.55,8,1.0,-1,0.9999999999999998,PC_PAIRED_HOEFFDING,CMDO,0.17973010972242787,0.18337499999999998,-0.0036448902775721324,0.027564427898382204,0.10133333333324908,0.0,1.9876702263515345,True
0.55,8,1.0,-1,0.9999999999999998,PC_PLUGIN,Plug-in,0.17587034236813934,0.18337499999999998,-0.0075046576318606424,0.062019962771411474,0.22749999999999995,0.0,4.09251949931051,True
0.55,8,1.0,-1,0.9999999999999998,PC_PLUGIN_VARGATE,Plug-in + gate,0.1894706215098198,0.18337499999999998,0.006095621509819824,0.05288498138570574,0.0389375,0.0,-3.3241289760435278,False
0.55,8,1.0,-1,0.9999999999999998,PC_USTAT_MCDIARMID,U-stat,0.17973010972242787,0.18337499999999998,-0.0036448902775721324,0.027564427898382204,0.10133333333324908,0.0,1.9876702263515345,True
0.55,8,1.0,1,0.9999999999999998,DIRECT_FULL,Direct,0.17943749999999997,0.17943749999999997,0.0,0.0,0.0,0.0,0.0,True
0.55,8,1.0,1,0.9999999999999998,PC_DELONG,DeLong,0.18206569390190525,0.17943749999999997,0.002628193901905237,0.06591484197658706,0.14401847743660937,0.0,-1.464684863479082,False
0.55,8,1.0,1,0.9999999999999998,PC_DELONG_VARGATE,DeLong + gate,0.1843945413151303,0.17943749999999997,0.004957041315130311,0.048509981385705725,0.02044180694148552,0.0,-2.7625447942210224,False
0.55,8,1.0,1,0.9999999999999998,PC_ORACLE,Oracle,0.18015721271456578,0.17943749999999997,0.0007197127145657767,0.07514496277141147,0.22924999999999998,0.0,-0.40109381515336384,False
0.55,8,1.0,1,0.9999999999999998,PC_PAIRED_HOEFFDING,CMDO,0.17655666459841116,0.17943749999999997,-0.002880835401588857,0.041617761674902644,0.10244444444435931,0.0,1.6054812408715091,True
0.55,8,1.0,1,0.9999999999999998,PC_PLUGIN,Plug-in,0.18040898710661118,0.17943749999999997,0.0009714871066112,0.07514496277141147,0.22774656924722525,0.0,-0.5414069559658508,False
0.55,8,1.0,1,0.9999999999999998,PC_PLUGIN_VARGATE,Plug-in + gate,0.18679658302220303,0.17943749999999997,0.007359083022203046,0.07276497207855859,0.05462385641574175,0.0,-4.1011956933211025,False
0.55,8,1.0,1,0.9999999999999998,PC_USTAT_MCDIARMID,U-stat,0.17655666459841116,0.17943749999999997,-0.002880835401588857,0.041617761674902644,0.10244444444435931,0.0,1.6054812408715091,True
0.55,8,1.5,-1,1.4999999999999998,DIRECT_FULL,Direct,0.17550000000000002,0.17550000000000002,0.0,0.0,0.0,0.0,0.0,True
0.55,8,1.5,-1,1.4999999999999998,PC_DELONG,DeLong,0.17888325759076548,0.17550000000000002,0.0033832575907654762,0.06182083328876814,0.14440097585307582,0.0,-1.927782103000264,False
0.55,8,1.5,-1,1.4999999999999998,PC_DELONG_VARGATE,DeLong + gate,0.1777433204661064,0.17550000000000002,0.002243320466106427,0.018988204156275126,0.011856396063389254,0.0,-1.2782452798327126,False
0.55,8,1.5,-1,1.4999999999999998,PC_ORACLE,Oracle,0.18048516663903627,0.17550000000000002,0.004985166639036261,0.07989166657753627,0.23975,0.0,-2.8405507914736505,False
0.55,8,1.5,-1,1.4999999999999998,PC_PAIRED_HOEFFDING,CMDO,0.17654532142080234,0.17550000000000002,0.0010453214208023384,0.03798320103128772,0.10855555555546553,0.0,-0.5956247411978977,False
0.55,8,1.5,-1,1.4999999999999998,PC_PLUGIN,Plug-in,0.18087174056308278,0.17550000000000002,0.005371740563082774,0.07989166657753627,0.2381940439681041,0.0,-3.0608208336653897,False
0.55,8,1.5,-1,1.4999999999999998,PC_PLUGIN_VARGATE,Plug-in + gate,0.1838579238364982,0.17550000000000002,0.008357923836498202,0.07989166657753621,0.03736567399468402,0.0,-4.762349764386431,False
0.55,8,1.5,-1,1.4999999999999998,PC_USTAT_MCDIARMID,U-stat,0.17654532142080234,0.17550000000000002,0.0010453214208023384,0.03798320103128772,0.10855555555546553,0.0,-0.5956247411978977,False
0.55,8,1.5,1,1.4999999999999998,DIRECT_FULL,Direct,0.168,0.168,0.0,0.0,0.0,0.0,0.0,True
0.55,8,1.5,1,1.4999999999999998,PC_DELONG,DeLong,0.17151769018831162,0.168,0.0035176901883116106,0.07323351035007475,0.13845244887530878,0.0,-2.093863207328339,False
0.55,8,1.5,1,1.4999999999999998,PC_DELONG_VARGATE,DeLong + gate,0.1733070572809927,0.168,0.005307057280992675,0.05744583328876818,0.017311507155100474,0.0,-3.1589626672575477,False
0.55,8,1.5,1,1.4999999999999998,PC_ORACLE,Oracle,0.168956895808154,0.168,0.0009568958081540136,0.09301666657753638,0.230125,0.0,-0.5695808381869005,False
0.55,8,1.5,1,1.4999999999999998,PC_PAIRED_HOEFFDING,CMDO,0.16397852380425906,0.168,-0.004021476195740943,0.04934798276564089,0.10461111111102442,0.0,2.3937358307981826,True
0.55,8,1.5,1,1.4999999999999998,PC_PLUGIN,Plug-in,0.16965353128942057,0.168,0.0016535312894205628,0.09301666657753638,0.22763766828530657,0.0,-0.9842448151312855,False
0.55,8,1.5,1,1.4999999999999998,PC_PLUGIN_VARGATE,Plug-in + gate,0.1778210588782981,0.168,0.00982105887829813,0.07932083328876816,0.043876583535663316,0.0,-5.845868379939345,False
0.55,8,1.5,1,1.4999999999999998,PC_USTAT_MCDIARMID,U-stat,0.16397852380425906,0.168,-0.004021476195740943,0.04934798276564089,0.10461111111102442,0.0,2.3937358307981826,True
0.55,8,2.0,-1,2.0000000000000004,DIRECT_FULL,Direct,0.1736875,0.1736875,0.0,0.0,0.0,0.0,0.0,True
0.55,8,2.0,-1,2.0000000000000004,PC_DELONG,DeLong,0.17599749977339635,0.1736875,0.002309999773396346,0.06935410491536687,0.12977993393938317,0.0,-1.329974680616819,False
0.55,8,2.0,-1,2.0000000000000004,PC_DELONG_VARGATE,DeLong + gate,0.17629483645736369,0.1736875,0.00260733645736369,0.045660801373837316,0.014295773652806855,0.0,-1.5011652867153336,False
0.55,8,2.0,-1,2.0000000000000004,PC_ORACLE,Oracle,0.1784190356381846,0.1736875,0.004731535638184578,0.09495820983073366,0.221375,0.0,-2.724165894600694,False
0.55,8,2.0,-1,2.0000000000000004,PC_PAIRED_HOEFFDING,CMDO,0.17383251272516584,0.1736875,0.000145012725165862,0.0425270791552641,0.09883333333325119,0.0,-0.08349059383423452,False
0.55,8,2.0,-1,2.0000000000000004,PC_PLUGIN,Plug-in,0.17988352226418478,0.1736875,0.0061960222641847815,0.09495820983073366,0.2169106575719796,0.0,-3.567339194924668,False
0.55,8,2.0,-1,2.0000000000000004,PC_PLUGIN_VARGATE,Plug-in + gate,0.1841330173891664,0.1736875,0.010445517389166398,0.09309365737305025,0.044183159824783866,0.0,-6.013971868537693,False
0.55,8,2.0,-1,2.0000000000000004,PC_USTAT_MCDIARMID,U-stat,0.17383251272516584,0.1736875,0.000145012725165862,0.0425270791552641,0.09883333333325119,0.0,-0.08349059383423452,False
0.55,8,2.0,1,2.0000000000000004,DIRECT_FULL,Direct,0.16449999999999998,0.16449999999999998,0.0,0.0,0.0,0.0,0.0,True
0.55,8,2.0,1,2.0000000000000004,PC_DELONG,DeLong,0.17379768432544357,0.16449999999999998,0.009297684325443584,0.07951022053810905,0.13871095183217907,0.0,-5.652087735831968,False
0.55,8,2.0,1,2.0000000000000004,PC_DELONG_VARGATE,DeLong + gate,0.1730022623279783,0.16449999999999998,0.008502262327978303,0.06497910491536685,0.0224839882730404,0.0,-5.168548527646388,False
0.55,8,2.0,1,2.0000000000000004,PC_ORACLE,Oracle,0.17220673532633593,0.16449999999999998,0.00770673532633594,0.10808320983073383,0.23624999999999996,0.0,-4.684945487134318,False
0.55,8,2.0,1,2.0000000000000004,PC_PAIRED_HOEFFDING,CMDO,0.16405651461642026,0.16449999999999998,-0.00044348538357972227,0.05569637564169838,0.1047777777776906,0.0,0.26959597786001543,True
0.55,8,2.0,1,2.0000000000000004,PC_PLUGIN,Plug-in,0.17363080870396064,0.16449999999999998,0.00913080870396064,0.10808320983073383,0.23164766807051748,0.0,-5.550643589033832,False
0.55,8,2.0,1,2.0000000000000004,PC_PLUGIN_VARGATE,Plug-in + gate,0.17869472802728759,0.16449999999999998,0.0141947280272876,0.09746865737305033,0.044113629785613055,0.0,-8.62901399835112,False
0.55,8,2.0,1,2.0000000000000004,PC_USTAT_MCDIARMID,U-stat,0.16405651461642026,0.16449999999999998,-0.00044348538357972227,0.05569637564169838,0.1047777777776906,0.0,0.26959597786001543,True
0.55,8,4.0,-1,4.0,DIRECT_FULL,Direct,0.18350000000000002,0.18350000000000002,0.0,0.0,0.0,0.0,0.0,True
0.55,8,4.0,-1,4.0,PC_DELONG,DeLong,0.20129381610265287,0.18350000000000002,0.017793816102652876,0.09264496277141143,0.12736015966003422,0.0,-9.696902508257676,False
0.55,8,4.0,-1,4.0,PC_DELONG_VARGATE,DeLong + gate,0.18888427094247998,0.18350000000000002,0.005384270942479985,0.07076996277141145,0.014843742024693433,0.0,-2.9342075980817173,False
0.55,8,4.0,-1,4.0,PC_ORACLE,Oracle,0.21443132189241568,0.18350000000000002,0.03093132189241568,0.1415399255428229,0.23362499999999997,0.0,-16.856306208400905,False
0.55,8,4.0,-1,4.0,PC_PAIRED_HOEFFDING,CMDO,0.19329030137257228,0.18350000000000002,0.009790301372572278,0.06494885106931803,0.10216666666658143,0.0,-5.335314099494415,False
0.55,8,4.0,-1,4.0,PC_PLUGIN,Plug-in,0.21659118012120374,0.18350000000000002,0.03309118012120374,0.1415399255428229,0.22681562666826138,0.0,-18.033340665506103,False
0.55,8,4.0,-1,4.0,PC_PLUGIN_VARGATE,Plug-in + gate,0.1978743451147212,0.18350000000000002,0.014374345114721205,0.11451996277141147,0.03880405631249783,0.0,-7.833430580229539,False
0.55,8,4.0,-1,4.0,PC_USTAT_MCDIARMID,U-stat,0.19329030137257228,0.18350000000000002,0.009790301372572278,0.06494885106931803,0.10216666666658143,0.0,-5.335314099494415,False
0.55,8,4.0,1,3.9229139340127124,DIRECT_FULL,Direct,0.1774375,0.1774375,0.0,0.0,0.0,0.0,0.0,True
0.55,8,4.0,1,3.9229139340127124,PC_DELONG,DeLong,0.18732812500000176,0.1774375,0.009890625000001757,0.09815972222219706,0.1269166666665971,0.0,-5.574145825996069,False
0.55,8,4.0,1,3.9229139340127124,PC_DELONG_VARGATE,DeLong + gate,0.18352777777777818,0.1774375,0.006090277777778188,0.06562500000000004,0.012298611111109923,0.0,-3.4323509843061206,False
0.55,8,4.0,1,3.9229139340127124,PC_ORACLE,Oracle,0.193765625,0.1774375,0.01632812499999998,0.15312499999999996,0.23712499999999997,0.0,-9.202183867559,False
0.55,8,4.0,1,3.9229139340127124,PC_PAIRED_HOEFFDING,CMDO,0.17519444444443855,0.1774375,-0.0022430555555614253,0.0708333333332748,0.10249999999991433,0.0,1.2641383898902125,True
0.55,8,4.0,1,3.9229139340127124,PC_PLUGIN,Plug-in,0.1972135416666827,0.1774375,0.019776041666682693,0.15312499999999996,0.2292499999999648,0.0,-11.14535634614031,False
0.55,8,4.0,1,3.9229139340127124,PC_PLUGIN_VARGATE,Plug-in + gate,0.19188541666666745,0.1774375,0.014447916666667443,0.1312500000000001,0.03272916666666411,0.0,-8.142538452507186,False
0.55,8,4.0,1,3.9229139340127124,PC_USTAT_MCDIARMID,U-stat,0.17519444444443855,0.1774375,-0.0022430555555614253,0.0708333333332748,0.10249999999991433,0.0,1.2641383898902125,True
0.55,16,0.0,0,0.0,DIRECT_FULL,Direct,0.11828125,0.11828125,0.0,0.0,0.0,0.0,0.0,True
0.55,16,0.0,0,0.0,PC_DELONG,DeLong,0.11001991560611897,0.11828125,-0.008261334393881027,0.004886684197475038,0.10430305678470309,0.0,6.984483503413297,True
0.55,16,0.0,0,0.0,PC_DELONG_VARGATE,DeLong + gate,0.1183449507155832,0.11828125,6.37007155831948e-05,0.0,0.0005611096876194763,0.0,-0.05385529454853266,False
0.55,16,0.0,0,0.0,PC_ORACLE,Oracle,0.0827015625,0.11828125,-0.03557968749999999,-0.0010937500000000044,0.33775,0.0,30.08058124174372,True
0.55,16,0.0,0,0.0,PC_PAIRED_HOEFFDING,CMDO,0.1131659302238772,0.11828125,-0.005115319776122791,0.0006709355717679236,0.059595737330262785,0.0,4.324708925652033,True
0.55,16,0.0,0,0.0,PC_PLUGIN,Plug-in,0.08273728377677081,0.11828125,-0.03554396622322919,-0.0010937500000000044,0.334411708851985,0.0,30.05038095490975,True
0.55,16,0.0,0,0.0,PC_PLUGIN_VARGATE,Plug-in + gate,0.11081636719254791,0.11828125,-0.007464882807452095,0.0,0.12694717826090016,0.0,6.3111294541206675,True
0.55,16,0.0,0,0.0,PC_USTAT_MCDIARMID,U-stat,0.11450726333881804,0.11828125,-0.0037739866611819694,0.0010620127187248734,0.04813188342403411,0.0,3.1906888548962398,True
0.55,16,0.25,-1,0.25000000000000006,DIRECT_FULL,Direct,0.117390625,0.117390625,0.0,0.0,0.0,0.0,0.0,True
0.55,16,0.25,-1,0.25000000000000006,PC_DELONG,DeLong,0.1097256903384602,0.117390625,-0.007664934661539784,0.008203728468833441,0.10211921403060628,0.0,6.529426571789521,True
0.55,16,0.25,-1,0.25000000000000006,PC_DELONG_VARGATE,DeLong + gate,0.11744792459607982,0.117390625,5.7299596079818935e-05,0.0,0.000782937578202315,0.0,-0.048811049502317516,False
0.55,16,0.25,-1,0.25000000000000006,PC_ORACLE,Oracle,0.08426642440905247,0.117390625,-0.03312420059094754,0.020273807084427387,0.3390625,0.0,28.217074907768435,True
0.55,16,0.25,-1,0.25000000000000006,PC_PAIRED_HOEFFDING,CMDO,0.11247894499266087,0.117390625,-0.004911680007339128,0.004126777830631627,0.061345274639435024,0.0,4.184047923195855,True
0.55,16,0.25,-1,0.25000000000000006,PC_PLUGIN,Plug-in,0.0846258304042553,0.117390625,-0.0327647945957447,0.020273807084427387,0.33613813815679144,0.0,27.910912473414896,True
0.55,16,0.25,-1,0.25000000000000006,PC_PLUGIN_VARGATE,Plug-in + gate,0.11556945824367325,0.117390625,-0.0018211667563267492,0.020273807084427387,0.12367181904633656,0.0,1.5513732517624335,True
0.55,16,0.25,-1,0.25000000000000006,PC_USTAT_MCDIARMID,U-stat,0.11365687823075211,0.117390625,-0.0037337467692478816,0.002954985454311288,0.0491171774601449,0.0,3.180617506080985,True
0.55,16,0.25,1,0.25000000000000006,DIRECT_FULL,Direct,0.127796875,0.127796875,0.0,0.0,0.0,0.0,0.0,True
0.55,16,0.25,1,0.25000000000000006,PC_DELONG,DeLong,0.11959584243734887,0.127796875,-0.008201032562651114,0.01374453630689605,0.10869343289022447,0.0,6.417240298443239,True
0.55,16,0.25,1,0.25000000000000006,PC_DELONG_VARGATE,DeLong + gate,0.1279639409813557,0.127796875,0.00016706598135568794,0.0,0.0007627228670169681,0.0,-0.13072775164155725,False
0.55,16,0.25,1,0.25000000000000006,PC_ORACLE,Oracle,0.09138482845435267,0.127796875,-0.03641204654564733,0.02168005708442733,0.336875,0.0,28.492125919078482,True
0.55,16,0.25,1,0.25000000000000006,PC_PAIRED_HOEFFDING,CMDO,0.12250322677258099,0.127796875,-0.005293648227419005,0.005043808364871676,0.05804425722912762,0.0,4.142236050309533,True
0.55,16,0.25,1,0.25000000000000006,PC_PLUGIN,Plug-in,0.09234068009366786,0.127796875,-0.03545619490633215,0.021711790745871984,0.3320957505705402,0.0,27.74417989980752,True
0.55,16,0.25,1,0.25000000000000006,PC_PLUGIN_VARGATE,Plug-in + gate,0.12522835334259516,0.127796875,-0.0025685216574048526,0.01699255708442738,0.10834407371577182,0.0,2.0098469993142243,True
0.55,16,0.25,1,0.25000000000000006,PC_USTAT_MCDIARMID,U-stat,0.12353425106655327,0.127796875,-0.004262623933446723,0.004270445193715539,0.04829691815235559,0.0,3.335468049157486,True
0.55,16,0.5,-1,0.5000000000000002,DIRECT_FULL,Direct,0.11199999999999999,0.11199999999999999,0.0,0.0,0.0,0.0,0.0,True
0.55,16,0.5,-1,0.5000000000000002,PC_DELONG,DeLong,0.10575628590073702,0.11199999999999999,-0.006243714099262977,0.011735765723898972,0.09987771678012657,0.0,5.5747447314847935,True
0.55,16,0.5,-1,0.5000000000000002,PC_DELONG_VARGATE,DeLong + gate,0.11202093274003191,0.11199999999999999,2.093274003192064e-05,0.0,0.0004991774317692422,0.0,-0.01868994645708444,False
0.55,16,0.5,-1,0.5000000000000002,PC_ORACLE,Oracle,0.08385592241275422,0.11199999999999999,-0.028144077587245776,0.03138976944280636,0.3355625,0.0,25.128640702898007,True
0.55,16,0.5,-1,0.5000000000000002,PC_PAIRED_HOEFFDING,CMDO,0.10763931839406998,0.11199999999999999,-0.004360681605930007,0.006200723534570898,0.05939479673222193,0.0,3.893465719580358,True
0.55,16,0.5,-1,0.5000000000000002,PC_PLUGIN,Plug-in,0.08531955135816753,0.11199999999999999,-0.026680448641832465,0.031489259554535555,0.3302569218042157,0.0,23.821829144493268,True
0.55,16,0.5,-1,0.5000000000000002,PC_PLUGIN_VARGATE,Plug-in + gate,0.11342681325631768,0.11199999999999999,0.0014268132563176703,0.025921019442806337,0.11011805069681437,0.0,-1.2739404074264993,False
0.55,16,0.5,-1,0.5000000000000002,PC_USTAT_MCDIARMID,U-stat,0.1085575676575204,0.11199999999999999,-0.003442432342479592,0.00435952849071883,0.04853991760901535,0.0,3.07360030578534,True
0.55,16,0.5,1,0.5000000000000002,DIRECT_FULL,Direct,0.118859375,0.118859375,0.0,0.0,0.0,0.0,0.0,True
0.55,16,0.5,1,0.5000000000000002,PC_DELONG,DeLong,0.11426277405215181,0.118859375,-0.004596600947848194,0.021700335181496794,0.1081711782285543,0.0,3.867259900910802,True
0.55,16,0.5,1,0.5000000000000002,PC_DELONG_VARGATE,DeLong + gate,0.11887190754622144,0.118859375,1.2532546221442342e-05,0.0,0.0007712242282082202,0.0,-0.01054401154425566,False
0.55,16,0.5,1,0.5000000000000002,PC_ORACLE,Oracle,0.09143846473899978,0.118859375,-0.027420910261000225,0.03357726944280648,0.3346875,0.0,23.070044126515242,True
0.55,16,0.5,1,0.5000000000000002,PC_PAIRED_HOEFFDING,CMDO,0.11479819728685675,0.118859375,-0.004061177713143256,0.007504643875160944,0.05753684866823408,0.0,3.4167920815192376,True
0.55,16,0.5,1,0.5000000000000002,PC_PLUGIN,Plug-in,0.0928299439473685,0.118859375,-0.02602943105263149,0.03357726944280648,0.3272483878535648,0.0,21.89935043208119,True
0.55,16,0.5,1,0.5000000000000002,PC_PLUGIN_VARGATE,Plug-in + gate,0.12129951665638178,0.118859375,0.002440141656381783,0.02834289444280637,0.10077606767809905,0.0,-2.0529652426506395,False
0.55,16,0.5,1,0.5000000000000002,PC_USTAT_MCDIARMID,U-stat,0.11541548401505967,0.118859375,-0.003443890984940333,0.006047652753411357,0.047760554370607854,0.0,2.897450020194303,True
0.55,16,0.75,-1,0.7499999999999998,DIRECT_FULL,Direct,0.112578125,0.112578125,0.0,0.0,0.0,0.0,0.0,True
0.55,16,0.75,-1,0.7499999999999998,PC_DELONG,DeLong,0.10753584415379316,0.112578125,-0.005042280846206825,0.01614266070859174,0.09909139304900748,0.0,4.478917059781229,True
0.55,16,0.75,-1,0.7499999999999998,PC_DELONG_VARGATE,DeLong + gate,0.11253526731070002,0.112578125,-4.2857689299980463e-05,0.0,0.00046366287406947884,0.0,0.03806928681747701,True
0.55,16,0.75,-1,0.7499999999999998,PC_ORACLE,Oracle,0.08614793130377868,0.112578125,-0.02643019369622133,0.04538809735774874,0.34028199538821285,0.0,23.477201895324974,True
0.55,16,0.75,-1,0.7499999999999998,PC_PAIRED_HOEFFDING,CMDO,0.10869354839483492,0.112578125,-0.0038845766051650832,0.008787615394683961,0.059616646879294494,0.0,3.4505607596192256,True
0.55,16,0.75,-1,0.7499999999999998,PC_PLUGIN,Plug-in,0.08715945281281876,0.112578125,-0.025418672187181243,0.04538809735774874,0.3348174343228198,0.0,22.578695627752943,True
0.55,16,0.75,-1,0.7499999999999998,PC_PLUGIN_VARGATE,Plug-in + gate,0.11504004345542226,0.112578125,0.0024619184554222685,0.028981847357748787,0.07783832301377991,0.0,-2.186853312241843,False
0.55,16,0.75,-1,0.7499999999999998,PC_USTAT_MCDIARMID,U-stat,0.10919366845565687,0.112578125,-0.003384456544343136,0.006839154362450639,0.049468937492749034,0.0,3.006318096293692,True
0.55,16,0.75,1,0.7499999999999998,DIRECT_FULL,Direct,0.120140625,0.120140625,0.0,0.0,0.0,0.0,0.0,True
0.55,16,0.75,1,0.7499999999999998,PC_DELONG,DeLong,0.11624076082664851,0.120140625,-0.0038998641733514815,0.026789022900777358,0.10909561799241312,0.0,3.246082807835804,True
0.55,16,0.75,1,0.7499999999999998,PC_DELONG_VARGATE,DeLong + gate,0.12059980832699432,0.120140625,0.00045918332699432907,0.0,0.001224931562366146,0.0,-0.3822048761560337,False
0.55,16,0.75,1,0.7499999999999998,PC_ORACLE,Oracle,0.09246098473878421,0.120140625,-0.027679640261215787,0.04210684735774883,0.33651310521827194,0.0,23.039367625410467,True
0.55,16,0.75,1,0.7499999999999998,PC_PAIRED_HOEFFDING,CMDO,0.11581341620651156,0.120140625,-0.004327208793488436,0.009994048930412268,0.05835352574846375,0.0,3.6017864843706615,True
0.55,16,0.75,1,0.7499999999999998,PC_PLUGIN,Plug-in,0.09326026868995184,0.120140625,-0.026880356310048162,0.042127386765776965,0.33135538296673084,0.0,22.374077303200444,True
0.55,16,0.75,1,0.7499999999999998,PC_PLUGIN_VARGATE,Plug-in + gate,0.12622295790896923,0.120140625,0.006082332908969221,0.042127386765776965,0.09307001946697496,0.0,-5.062677931773063,False
0.55,16,0.75,1,0.7499999999999998,PC_USTAT_MCDIARMID,U-stat,0.11617819203122139,0.120140625,-0.003962432968778612,0.007256149241456433,0.04833408661321058,0.0,3.2981624398729537,True
0.55,16,1.0,-1,1.0000000000000002,DIRECT_FULL,Direct,0.11217187499999999,0.11217187499999999,0.0,0.0,0.0,0.0,0.0,True
0.55,16,1.0,-1,1.0000000000000002,PC_DELONG,DeLong,0.10844616624249565,0.11217187499999999,-0.0037257087575043642,0.017810269313264685,0.09768951312150932,0.0,3.3214286179172325,True
0.55,16,1.0,-1,1.0000000000000002,PC_DELONG_VARGATE,DeLong + gate,0.11212331693589363,0.11217187499999999,-4.8558064106375974e-05,0.0,0.00016746230416075466,0.0,0.04328898318438634,True
0.55,16,1.0,-1,1.0000000000000002,PC_ORACLE,Oracle,0.09098074733379949,0.11217187499999999,-0.02119112766620051,0.047110114168854744,0.33516863018478554,0.0,18.89165859641778,True
0.55,16,1.0,-1,1.0000000000000002,PC_PAIRED_HOEFFDING,CMDO,0.10863968547344843,0.11217187499999999,-0.003532189526551564,0.009513163097312214,0.059717594881260855,0.0,3.1489083395918605,True
0.55,16,1.0,-1,1.0000000000000002,PC_PLUGIN,Plug-in,0.0917566896844609,0.11217187499999999,-0.020415185315539115,0.0471882320641925,0.3303061560116713,0.0,18.19991447547712,True
0.55,16,1.0,-1,1.0000000000000002,PC_PLUGIN_VARGATE,Plug-in + gate,0.11613401669838677,0.11217187499999999,0.003962141698386764,0.0361726141688547,0.07886197975696096,0.0,-3.5322059993976085,False
0.55,16,1.0,-1,1.0000000000000002,PC_USTAT_MCDIARMID,U-stat,0.10895021267122329,0.11217187499999999,-0.003221662328776708,0.00751275658654755,0.049982258521914964,0.0,2.8720767382881873,True
0.55,16,1.0,1,1.0000000000000002,DIRECT_FULL,Direct,0.11140625,0.11140625,0.0,0.0,0.0,0.0,0.0,True
0.55,16,1.0,1,1.0000000000000002,PC_DELONG,DeLong,0.10766805890367005,0.11140625,-0.0037381910963299623,0.025002071573148245,0.10475606389220155,0.0,3.3554590485991076,True
0.55,16,1.0,1,1.0000000000000002,PC_DELONG_VARGATE,DeLong + gate,0.11141628873084881,0.11140625,1.0038730848807854e-05,0.0,0.0017752096828604423,0.0,-0.00901092250105151,False
0.55,16,1.0,1,1.0000000000000002,PC_ORACLE,Oracle,0.0861970684269615,0.11140625,-0.025209181573038513,0.04929761416885481,0.33697877145788374,0.0,22.628157372713385,True
0.55,16,1.0,1,1.0000000000000002,PC_PAIRED_HOEFFDING,CMDO,0.10666651624147733,0.11140625,-0.004739733758522683,0.010820189466753005,0.05877875781580344,0.0,4.254459474690753,True
0.55,16,1.0,1,1.0000000000000002,PC_PLUGIN,Plug-in,0.08657049869794287,0.11140625,-0.024835751302057132,0.04929761416885481,0.3309289676017969,0.0,22.29296049553515,True
0.55,16,1.0,1,1.0000000000000002,PC_PLUGIN_VARGATE,Plug-in + gate,0.11507058946975988,0.11140625,0.003664339469759885,0.04119374743864868,0.08356393886870334,0.0,-3.289168668508169,False
0.55,16,1.0,1,1.0000000000000002,PC_USTAT_MCDIARMID,U-stat,0.10708863190383237,0.11140625,-0.004317618096167633,0.008189776781564,0.048820366053098904,0.0,3.875561825452001,True
0.55,16,1.5,-1,1.4999999999999998,DIRECT_FULL,Direct,0.12114062499999999,0.12114062499999999,0.0,0.0,0.0,0.0,0.0,True
0.55,16,1.5,-1,1.4999999999999998,PC_DELONG,DeLong,0.11676078467356814,0.12114062499999999,-0.004379840326431857,0.021775430464989146,0.09135733999321335,0.0,3.6155008498857,True
0.55,16,1.5,-1,1.4999999999999998,PC_DELONG_VARGATE,DeLong + gate,0.12129029359122777,0.12114062499999999,0.0001496685912277673,0.0,0.0004834565574808333,0.0,-0.12354946264128142,False
0.55,16,1.5,-1,1.4999999999999998,PC_ORACLE,Oracle,0.09524755622506455,0.12114062499999999,-0.025893068774935447,0.059172758937484415,0.3333379287106505,0.0,21.37438928925407,True
0.55,16,1.5,-1,1.4999999999999998,PC_PAIRED_HOEFFDING,CMDO,0.11659702914905473,0.12114062499999999,-0.004543595850945259,0.0115658559721763,0.0559983393497726,0.0,3.7506788915322664,True
0.55,16,1.5,-1,1.4999999999999998,PC_PLUGIN,Plug-in,0.09588394175313869,0.12114062499999999,-0.025256683246861297,0.059172758937484415,0.3289052556241499,0.0,20.849061367201383,True
0.55,16,1.5,-1,1.4999999999999998,PC_PLUGIN_VARGATE,Plug-in + gate,0.1274951087458882,0.12114062499999999,0.006354483745888211,0.042958321547137635,0.06886434352258176,0.0,-5.245543141194964,False
0.55,16,1.5,-1,1.4999999999999998,PC_USTAT_MCDIARMID,U-stat,0.11669665373725399,0.12114062499999999,-0.004443971262745995,0.008841475662966952,0.048424733644496926,0.0,3.6684400982296417,True
0.55,16,1.5,1,1.4999999999999998,DIRECT_FULL,Direct,0.11910937499999999,0.11910937499999999,0.0,0.0,0.0,0.0,0.0,True
0.55,16,1.5,1,1.4999999999999998,PC_DELONG,DeLong,0.12175986069157299,0.11910937499999999,0.0026504856915729813,0.03667786704658458,0.11118090813304632,0.0,-2.2252536306004433,False
0.55,16,1.5,1,1.4999999999999998,PC_DELONG_VARGATE,DeLong + gate,0.11976372926304955,0.11910937499999999,0.0006543542630495652,0.0,0.001603223194781765,0.0,-0.5493725939285321,False
0.55,16,1.5,1,1.4999999999999998,PC_ORACLE,Oracle,0.10916438297371163,0.11910937499999999,-0.009944992026288364,0.061360258937484424,0.3298537268594027,0.0,8.349462018660049,True
0.55,16,1.5,1,1.4999999999999998,PC_PAIRED_HOEFFDING,CMDO,0.11652233442037913,0.11910937499999999,-0.0025870405796208774,0.013464077656963464,0.05845376864184673,0.0,2.1719873684341473,True
0.55,16,1.5,1,1.4999999999999998,PC_PLUGIN,Plug-in,0.10928062416494778,0.11910937499999999,-0.009828750835052212,0.061360258937484424,0.3262193766995003,0.0,8.2518700438586,True
0.55,16,1.5,1,1.4999999999999998,PC_PLUGIN_VARGATE,Plug-in + gate,0.12775704288009335,0.11910937499999999,0.008647667880093352,0.053354800967873504,0.07571244747768269,0.0,-7.26027475175095,False
0.55,16,1.5,1,1.4999999999999998,PC_USTAT_MCDIARMID,U-stat,0.11631274250223105,0.11910937499999999,-0.0027966324977689635,0.009854498629617079,0.04750120453472428,0.0,2.3479532973529116,True
0.55,16,2.0,-1,2.0,DIRECT_FULL,Direct,0.12932812500000002,0.12932812500000002,0.0,0.0,0.0,0.0,0.0,True
0.55,16,2.0,-1,2.0,PC_DELONG,DeLong,0.12727599107868598,0.12932812500000002,-0.0020521339213140184,0.024078589967945582,0.09054212619247812,0.0,1.5867653855756725,True
0.55,16,2.0,-1,2.0,PC_DELONG_VARGATE,DeLong + gate,0.12938806958969823,0.12932812500000002,5.994458969823424e-05,0.0,0.00022729397750362903,0.0,-0.0463507761349069,False
0.55,16,2.0,-1,2.0,PC_ORACLE,Oracle,0.11220064205024258,0.12932812500000002,-0.01712748294975741,0.06934203888561274,0.3240481662352392,0.0,13.243432509175735,True
0.55,16,2.0,-1,2.0,PC_PAIRED_HOEFFDING,CMDO,0.1258997003049194,0.12932812500000002,-0.00342842469508061,0.013675037062614442,0.05567559483770895,0.0,2.6509505918226317,True
0.55,16,2.0,-1,2.0,PC_PLUGIN,Plug-in,0.11431692684998888,0.12932812500000002,-0.015011198150011125,0.06934203888561274,0.3171021970444335,0.0,11.607063931384708,True
0.55,16,2.0,-1,2.0,PC_PLUGIN_VARGATE,Plug-in + gate,0.13604679647258858,0.12932812500000002,0.006718671472588569,0.041998288885612745,0.06799838435432182,0.0,-5.195058284954301,False
0.55,16,2.0,-1,2.0,PC_USTAT_MCDIARMID,U-stat,0.12565938480143854,0.12932812500000002,-0.003668740198561467,0.010939880369227294,0.047847374003315506,0.0,2.8367690311457583,True
0.55,16,2.0,1,2.000000000000001,DIRECT_FULL,Direct,0.11518750000000001,0.11518750000000001,0.0,0.0,0.0,0.0,0.0,True
0.55,16,2.0,1,2.000000000000001,PC_DELONG,DeLong,0.11571467922481495,0.11518750000000001,0.000527179224814936,0.0378874617823671,0.10155562508379143,0.0,-0.45767051530325453,False
0.55,16,2.0,1,2.000000000000001,PC_DELONG_VARGATE,DeLong + gate,0.11531316312019041,0.11518750000000001,0.00012566312019039128,0.0,0.0010729391805150564,0.0,-0.10909440711048823,False
0.55,16,2.0,1,2.000000000000001,PC_ORACLE,Oracle,0.10174852248073696,0.11518750000000001,-0.013438977519263042,0.07152953888561275,0.33237011455383375,0.0,11.667045051991797,True
0.55,16,2.0,1,2.000000000000001,PC_PAIRED_HOEFFDING,CMDO,0.11122546613051693,0.11518750000000001,-0.003962033869483073,0.01636403016740744,0.06055172094223244,0.0,3.4396387363933467,True
0.55,16,2.0,1,2.000000000000001,PC_PLUGIN,Plug-in,0.10128189663263484,0.11518750000000001,-0.013905603367365165,0.07152953888561275,0.3302297431620341,0.0,12.072146168086961,True
0.55,16,2.0,1,2.000000000000001,PC_PLUGIN_VARGATE,Plug-in + gate,0.1212753158375148,0.11518750000000001,0.006087815837514809,0.04973172031901408,0.04983977633859601,0.0,-5.285135832894006,False
0.55,16,2.0,1,2.000000000000001,PC_USTAT_MCDIARMID,U-stat,0.11107709730606136,0.11518750000000001,-0.00411040269393865,0.01186162562102604,0.049441769741257746,0.0,3.568445095117656,True
0.55,16,4.0,-1,4.0,DIRECT_FULL,Direct,0.12078125,0.12078125,0.0,0.0,0.0,0.0,0.0,True
0.55,16,4.0,-1,4.0,PC_DELONG,DeLong,0.12400740540881572,0.12078125,0.003226155408815718,0.03747389387254311,0.08341771141431359,0.0,-2.671073042227756,False
0.55,16,4.0,-1,4.0,PC_DELONG_VARGATE,DeLong + gate,0.1215027808690182,0.12078125,0.0007215308690181882,0.0,0.0019797739730041076,0.0,-0.5973864892259151,False
0.55,16,4.0,-1,4.0,PC_ORACLE,Oracle,0.12736837912461393,0.12078125,0.006587129124613925,0.10019369240990361,0.3108921276140009,0.0,-5.453767968632484,False
0.55,16,4.0,-1,4.0,PC_PAIRED_HOEFFDING,CMDO,0.11941358848710115,0.12078125,-0.0013676615128988487,0.020812867450549617,0.05662610258701525,0.0,1.1323458839007317,True
0.55,16,4.0,-1,4.0,PC_PLUGIN,Plug-in,0.13246238758850598,0.12078125,0.011681137588505988,0.10078272833770952,0.3184107378919464,0.0,-9.671317020237801,False
0.55,16,4.0,-1,4.0,PC_PLUGIN_VARGATE,Plug-in + gate,0.12671626319715174,0.12078125,0.005935013197151741,0.05776822781415198,0.0375474550140476,0.0,-4.913853099841026,False
0.55,16,4.0,-1,4.0,PC_USTAT_MCDIARMID,U-stat,0.11787353909227662,0.12078125,-0.002907710907723381,0.01620705084358894,0.048689753445786785,0.0,2.407419121530363,True
0.55,16,4.0,1,4.000000000000001,DIRECT_FULL,Direct,0.12478125000000001,0.12478125000000001,0.0,0.0,0.0,0.0,0.0,True
0.55,16,4.0,1,4.000000000000001,PC_DELONG,DeLong,0.1336192709621236,0.12478125000000001,0.008838020962123593,0.06592287281249548,0.09980387584402786,0.0,-7.082811690156632,False
0.55,16,4.0,1,4.000000000000001,PC_DELONG_VARGATE,DeLong + gate,0.12689213432071397,0.12478125000000001,0.0021108843207139844,0.0,0.005913449995880295,0.0,-1.6916678753530423,False
0.55,16,4.0,1,4.000000000000001,PC_ORACLE,Oracle,0.1319611770897887,0.12478125000000001,0.007179927089788671,0.10088482449253242,0.3014946884726744,0.0,-5.75401119141592,False
0.55,16,4.0,1,4.000000000000001,PC_PAIRED_HOEFFDING,CMDO,0.12237556591363039,0.12478125000000001,-0.0024056840863696145,0.020155601050479033,0.0540038549999266,0.0,1.9279211310750832,True
0.55,16,4.0,1,4.000000000000001,PC_PLUGIN,Plug-in,0.13477987730256868,0.12478125000000001,0.009998627302568678,0.10167078701411252,0.3083576168371046,0.0,-8.012924459859683,False
0.55,16,4.0,1,4.000000000000001,PC_PLUGIN_VARGATE,Plug-in + gate,0.1366349881551944,0.12478125000000001,0.011853738155194415,0.08296985875328204,0.052985903154691184,0.0,-9.499614850143256,False
0.55,16,4.0,1,4.000000000000001,PC_USTAT_MCDIARMID,U-stat,0.12132509635996268,0.12478125000000001,-0.0034561536400373118,0.016492021854714795,0.04743339104721638,0.0,2.7697700095465683,True
0.55,32,0.0,0,0.0,DIRECT_FULL,Direct,0.086453125,0.086453125,0.0,0.0,0.0,0.0,0.0,True
0.55,32,0.0,0,0.0,PC_DELONG,DeLong,0.07803274546613558,0.086453125,-0.00842037953386443,-0.0010860597783102224,0.10313609193648413,0.0,9.739820895848972,True
0.55,32,0.0,0,0.0,PC_DELONG_VARGATE,DeLong + gate,0.086453125,0.086453125,0.0,0.0,0.0,0.0,0.0,True
0.55,32,0.0,0,0.0,PC_ORACLE,Oracle,0.056194531250000006,0.086453125,-0.030258593749999996,-0.0037871093750000777,0.35,0.0,35.0,True
0.55,32,0.0,0,0.0,PC_PAIRED_HOEFFDING,CMDO,0.08237858783484113,0.086453125,-0.004074537165158888,-0.0004870980718185,0.05155984555017643,0.0,4.713001600762123,True
0.55,32,0.0,0,0.0,PC_PLUGIN,Plug-in,0.056361387289004784,0.086453125,-0.030091737710995218,-0.0037871093750000777,0.3473732106113795,0.0,34.806998255985796,True
0.55,32,0.0,0,0.0,PC_PLUGIN_VARGATE,Plug-in + gate,0.07492226562500001,0.086453125,-0.011530859374999994,0.0,0.21525,0.0,13.337701066329288,True
0.55,32,0.0,0,0.0,PC_USTAT_MCDIARMID,U-stat,0.08397140516760192,0.086453125,-0.0024817198323980882,-0.0003122010659037281,0.03129960073283388,0.0,2.870595866139125,True
0.55,32,0.25,-1,0.24999999999999983,DIRECT_FULL,Direct,0.08398828124999999,0.08398828124999999,0.0,0.0,0.0,0.0,0.0,True
0.55,32,0.25,-1,0.24999999999999983,PC_DELONG,DeLong,0.0769072465925207,0.08398828124999999,-0.00708103465747931,0.005451526926390168,0.10141733187148094,0.0,8.430979360563228,True
0.55,32,0.25,-1,0.24999999999999983,PC_DELONG_VARGATE,DeLong + gate,0.08398828124999999,0.08398828124999999,0.0,0.0,0.0,0.0,0.0,True
0.55,32,0.25,-1,0.24999999999999983,PC_ORACLE,Oracle,0.057243481416905315,0.08398828124999999,-0.026744799833094687,0.014454394417621197,0.35,0.0,31.843489871504758,True
0.55,32,0.25,-1,0.24999999999999983,PC_PAIRED_HOEFFDING,CMDO,0.08018022371632591,0.08398828124999999,-0.0038080575336740794,0.0024908632566303154,0.05366090382953842,0.0,4.534034364078721,True
0.55,32,0.25,-1,0.24999999999999983,PC_PLUGIN,Plug-in,0.0572651017888121,0.08398828124999999,-0.0267231794611879,0.014471655953835566,0.3481272903571703,0.0,31.817747742263624,True
0.55,32,0.25,-1,0.24999999999999983,PC_PLUGIN_VARGATE,Plug-in + gate,0.07770366450248901,0.08398828124999999,-0.0062846167475109835,0.014454394417621197,0.20475,0.0,7.482730511896241,True
0.55,32,0.25,-1,0.24999999999999983,PC_USTAT_MCDIARMID,U-stat,0.08181308970184639,0.08398828124999999,-0.0021751915481535967,0.0014787016323427875,0.03125967041918383,0.0,2.589875058496449,True
0.55,32,0.25,1,0.25000000000000033,DIRECT_FULL,Direct,0.086171875,0.086171875,0.0,0.0,0.0,0.0,0.0,True
0.55,32,0.25,1,0.25000000000000033,PC_DELONG,DeLong,0.07856709986199341,0.086171875,-0.007604775138006593,0.007225666949930004,0.10287959847685423,0.0,8.825124366861681,True
0.55,32,0.25,1,0.25000000000000033,PC_DELONG_VARGATE,DeLong + gate,0.086171875,0.086171875,0.0,0.0,0.0,0.0,0.0,True
0.55,32,0.25,1,0.25000000000000033,PC_ORACLE,Oracle,0.05746964532855544,0.086171875,-0.028702229671444555,0.01390751941762125,0.34998539119918975,0.0,33.308117841748896,True
0.55,32,0.25,1,0.25000000000000033,PC_PAIRED_HOEFFDING,CMDO,0.08219354240631166,0.086171875,-0.0039783325936883435,0.002956336691275705,0.0517216721437236,0.0,4.616741359855913,True
0.55,32,0.25,1,0.25000000000000033,PC_PLUGIN,Plug-in,0.05773734486745971,0.086171875,-0.02843453013254029,0.01390751941762125,0.34698059461608777,0.0,32.99746017194158,True
0.55,32,0.25,1,0.25000000000000033,PC_PLUGIN_VARGATE,Plug-in + gate,0.08056819869240311,0.086171875,-0.005603676307596897,0.01390751941762125,0.19774999999999998,0.0,6.502906322505897,True
0.55,32,0.25,1,0.25000000000000033,PC_USTAT_MCDIARMID,U-stat,0.08377376754423072,0.086171875,-0.002398107455769276,0.0017859793048663306,0.031113495305627126,0.0,2.7829352161239163,True
0.55,32,0.5,-1,0.49999999999999983,DIRECT_FULL,Direct,0.08370703125000001,0.08370703125000001,0.0,0.0,0.0,0.0,0.0,True
0.55,32,0.5,-1,0.49999999999999983,PC_DELONG,DeLong,0.07694125713718097,0.08370703125000001,-0.006765774112819026,0.0072601129146938545,0.0971068403070249,0.0,8.082683153118076,True
0.55,32,0.5,-1,0.49999999999999983,PC_DELONG_VARGATE,DeLong + gate,0.08370703125000001,0.08370703125000001,0.0,0.0,0.0,0.0,0.0,True
0.55,32,0.5,-1,0.49999999999999983,PC_ORACLE,Oracle,0.05699247563182901,0.08370703125000001,-0.026714555618170984,0.019292886914749292,0.3498169950937852,0.0,31.91435082482512,True
0.55,32,0.5,-1,0.49999999999999983,PC_PAIRED_HOEFFDING,CMDO,0.07992814161784638,0.08370703125000001,-0.0037788896321536173,0.003619647724376712,0.05091491667468692,0.0,4.514423192082361,True
0.55,32,0.5,-1,0.49999999999999983,PC_PLUGIN,Plug-in,0.05746200523189916,0.08370703125000001,-0.02624502601810083,0.019292886914749292,0.34585088315591295,0.0,31.353430681010853,True
0.55,32,0.5,-1,0.49999999999999983,PC_PLUGIN_VARGATE,Plug-in + gate,0.08067585600249176,0.08370703125000001,-0.0030311752475082345,0.019292886914749285,0.19211601213764445,0.0,3.621171605591078,True
0.55,32,0.5,-1,0.49999999999999983,PC_USTAT_MCDIARMID,U-stat,0.08147483606612567,0.08370703125000001,-0.0022321951838743153,0.0020515241980647073,0.030357889586684002,0.0,2.6666758461516227,True
0.55,32,0.5,1,0.5000000000000006,DIRECT_FULL,Direct,0.08251171874999999,0.08251171874999999,0.0,0.0,0.0,0.0,0.0,True
0.55,32,0.5,1,0.5000000000000006,PC_DELONG,DeLong,0.07737158141912158,0.08251171874999999,-0.0051401373308784205,0.011689912666429342,0.1020858705489291,0.0,6.22958460779659,True
0.55,32,0.5,1,0.5000000000000006,PC_DELONG_VARGATE,DeLong + gate,0.08251171874999999,0.08251171874999999,0.0,0.0,0.0,0.0,0.0,True
0.55,32,0.5,1,0.5000000000000006,PC_ORACLE,Oracle,0.060209688448826404,0.08251171874999999,-0.022302030301173593,0.022915933789749463,0.34877889302256676,0.0,27.02892466553254,True
0.55,32,0.5,1,0.5000000000000006,PC_PAIRED_HOEFFDING,CMDO,0.07937950670702121,0.08251171874999999,-0.003132212042978794,0.005139473643457071,0.05205291193558097,0.0,3.7960814420421762,True
0.55,32,0.5,1,0.5000000000000006,PC_PLUGIN,Plug-in,0.0605622568347068,0.08251171874999999,-0.0219494619152932,0.024214761914749368,0.3435132987478175,0.0,26.601629741585274,True
0.55,32,0.5,1,0.5000000000000006,PC_PLUGIN_VARGATE,Plug-in + gate,0.08222575700295598,0.08251171874999999,-0.00028596174704401844,0.02284757441474939,0.19717197676849302,0.0,0.34657107060203085,True
0.55,32,0.5,1,0.5000000000000006,PC_USTAT_MCDIARMID,U-stat,0.08065180235437484,0.08251171874999999,-0.001859916395625156,0.0029359079850609197,0.0305982078042606,0.0,2.254123927851337,True
0.55,32,0.75,-1,0.7499999999999997,DIRECT_FULL,Direct,0.0824609375,0.0824609375,0.0,0.0,0.0,0.0,0.0,True
0.55,32,0.75,-1,0.7499999999999997,PC_DELONG,DeLong,0.07722466423368625,0.0824609375,-0.00523627326631375,0.010045793231812941,0.0969224120336326,0.0,6.350004529494646,True
0.55,32,0.75,-1,0.7499999999999997,PC_DELONG_VARGATE,DeLong + gate,0.0824609375,0.0824609375,0.0,0.0,0.0,0.0,0.0,True
0.55,32,0.75,-1,0.7499999999999997,PC_ORACLE,Oracle,0.0605290554593015,0.0824609375,-0.0219318820406985,0.027838127521684464,0.3491589132966563,0.0,26.596692574224612,True
0.55,32,0.75,-1,0.7499999999999997,PC_PAIRED_HOEFFDING,CMDO,0.07943571297341738,0.0824609375,-0.00302522452658262,0.005088684555761729,0.050086499206342915,0.0,3.6686758825445254,True
0.55,32,0.75,-1,0.7499999999999997,PC_PLUGIN,Plug-in,0.06154526691233428,0.0824609375,-0.02091567058766572,0.027838127521684464,0.34306268617455354,0.0,25.36433761460173,True
0.55,32,0.75,-1,0.7499999999999997,PC_PLUGIN_VARGATE,Plug-in + gate,0.08495663093573383,0.0824609375,0.0024956934357338177,0.027838127521684464,0.18025,0.0,-3.02651596185628,False
0.55,32,0.75,-1,0.7499999999999997,PC_USTAT_MCDIARMID,U-stat,0.08058654328522294,0.0824609375,-0.0018743942147770643,0.002847526166784597,0.030415273939089542,0.0,2.2730692514586814,True
0.55,32,0.75,1,0.7499999999999997,DIRECT_FULL,Direct,0.0818828125,0.0818828125,0.0,0.0,0.0,0.0,0.0,True
0.55,32,0.75,1,0.7499999999999997,PC_DELONG,DeLong,0.07670937289058229,0.0818828125,-0.005173439609417709,0.0121117128968778,0.10132547912192186,0.0,6.318101994136693,True
0.55,32,0.75,1,0.7499999999999997,PC_DELONG_VARGATE,DeLong + gate,0.0818828125,0.0818828125,0.0,0.0,0.0,0.0,0.0,True
0.55,32,0.75,1,0.7499999999999997,PC_ORACLE,Oracle,0.059947402739831325,0.0818828125,-0.02193540976016867,0.027291252521684406,0.34956737110695585,0.0,26.7887839834137,True
0.55,32,0.75,1,0.7499999999999997,PC_PAIRED_HOEFFDING,CMDO,0.0786564086258386,0.0818828125,-0.003226403874161403,0.005309839946170178,0.051060361952910055,0.0,3.9402699732149493,True
0.55,32,0.75,1,0.7499999999999997,PC_PLUGIN,Plug-in,0.06034373748502213,0.0818828125,-0.02153907501497787,0.027291252521684406,0.3450739624209164,0.0,26.304757197950266,True
0.55,32,0.75,1,0.7499999999999997,PC_PLUGIN_VARGATE,Plug-in + gate,0.08287376368519171,0.0818828125,0.000990951185191709,0.02592406502168454,0.182,0.0,-1.2102065805222662,False
0.55,32,0.75,1,0.7499999999999997,PC_USTAT_MCDIARMID,U-stat,0.0799470981127274,0.0818828125,-0.0019357143872725858,0.003165582955599022,0.03056291497167156,0.0,2.364005739632591,True
0.55,32,1.0,-1,1.0000000000000002,DIRECT_FULL,Direct,0.0841015625,0.0841015625,0.0,0.0,0.0,0.0,0.0,True
0.55,32,1.0,-1,1.0000000000000002,PC_DELONG,DeLong,0.07837205934194338,0.0841015625,-0.005729503158056617,0.011207392293675006,0.0904547120154112,0.0,6.812600132199231,True
0.55,32,1.0,-1,1.0000000000000002,PC_DELONG_VARGATE,DeLong + gate,0.0841015625,0.0841015625,0.0,0.0,0.0,0.0,0.0,True
0.55,32,1.0,-1,1.0000000000000002,PC_ORACLE,Oracle,0.05847146218188391,0.0841015625,-0.02563010031811608,0.03280527321024244,0.34979765335305407,0.0,30.475177340630378,True
0.55,32,1.0,-1,1.0000000000000002,PC_PAIRED_HOEFFDING,CMDO,0.08087330038341477,0.0841015625,-0.0032282621165852176,0.005389568624766154,0.04740650497921343,0.0,3.838528108898376,True
0.55,32,1.0,-1,1.0000000000000002,PC_PLUGIN,Plug-in,0.05971820657401291,0.0841015625,-0.02438335592598708,0.03280527321024244,0.34303629914920075,0.0,28.992750195321392,True
0.55,32,1.0,-1,1.0000000000000002,PC_PLUGIN_VARGATE,Plug-in + gate,0.08756606707959604,0.0841015625,0.0034645045795960346,0.032736913835242465,0.1452111740001831,0.0,-4.119429504768157,False
0.55,32,1.0,-1,1.0000000000000002,PC_USTAT_MCDIARMID,U-stat,0.08212012310401834,0.0841015625,-0.001981439395981659,0.003424307439070473,0.02900307997935102,0.0,2.3560078280134955,True
0.55,32,1.0,1,0.9999999999999993,DIRECT_FULL,Direct,0.0698125,0.0698125,0.0,0.0,0.0,0.0,0.0,True
0.55,32,1.0,1,0.9999999999999993,PC_DELONG,DeLong,0.06617453943130468,0.0698125,-0.003637960568695314,0.013757936352127024,0.10081275668080412,0.0,5.2110446821061025,True
0.55,32,1.0,1,0.9999999999999993,PC_DELONG_VARGATE,DeLong + gate,0.0698125,0.0698125,0.0,0.0,0.0,0.0,0.0,True
0.55,32,1.0,1,0.9999999999999993,PC_ORACLE,Oracle,0.05411776135135124,0.0698125,-0.01569473864864876,0.033557226335242385,0.3496568349207845,0.0,22.4812729076437,True
0.55,32,1.0,1,0.9999999999999993,PC_PAIRED_HOEFFDING,CMDO,0.06706499504505233,0.0698125,-0.002747504954947676,0.006340941547292443,0.051566803839493545,0.0,3.935548726872229,True
0.55,32,1.0,1,0.9999999999999993,PC_PLUGIN,Plug-in,0.05482196266182664,0.0698125,-0.01499053733817337,0.033557226335242385,0.3434636722667544,0.0,21.472569150472143,True
0.55,32,1.0,1,0.9999999999999993,PC_PLUGIN_VARGATE,Plug-in + gate,0.0769679403581232,0.0698125,0.007155440358123193,0.031447851335242326,0.18186927850681445,0.0,-10.249511703667968,False
0.55,32,1.0,1,0.9999999999999993,PC_USTAT_MCDIARMID,U-stat,0.06818690417566771,0.0698125,-0.0016255958243322894,0.003647054968596019,0.030803122486004638,0.0,2.328516847745443,True
0.55,32,1.5,-1,1.4999999999999993,DIRECT_FULL,Direct,0.090109375,0.090109375,0.0,0.0,0.0,0.0,0.0,True
0.55,32,1.5,-1,1.4999999999999993,PC_DELONG,DeLong,0.0863048024306938,0.090109375,-0.0038045725693062068,0.013316486043408715,0.09158336269091535,0.0,4.222171743291092,True
0.55,32,1.5,-1,1.4999999999999993,PC_DELONG_VARGATE,DeLong + gate,0.090109375,0.090109375,0.0,0.0,0.0,0.0,0.0,True
0.55,32,1.5,-1,1.4999999999999993,PC_ORACLE,Oracle,0.07074722866480657,0.090109375,-0.019362146335193436,0.0409547187856974,0.3487687829686548,0.0,21.487382789186405,True
0.55,32,1.5,-1,1.4999999999999993,PC_PAIRED_HOEFFDING,CMDO,0.08753129628269468,0.090109375,-0.0025780787173053225,0.006427140084329896,0.04812421019376118,0.0,2.8610549316376077,True
0.55,32,1.5,-1,1.4999999999999993,PC_PLUGIN,Plug-in,0.07250410403364813,0.090109375,-0.01760527096635188,0.0409547187856974,0.34071685725619316,0.0,19.537668490489335,True
0.55,32,1.5,-1,1.4999999999999993,PC_PLUGIN_VARGATE,Plug-in + gate,0.09636974860999233,0.090109375,0.006260373609992336,0.03685315628569741,0.15925,0.0,-6.947527501985573,False
0.55,32,1.5,-1,1.4999999999999993,PC_USTAT_MCDIARMID,U-stat,0.08845600410948012,0.090109375,-0.0016533708905198674,0.003863472884570399,0.02949653350816065,0.0,1.83484891613096,True
0.55,32,1.5,1,1.4999999999999993,DIRECT_FULL,Direct,0.08433203125000001,0.08433203125000001,0.0,0.0,0.0,0.0,0.0,True
0.55,32,1.5,1,1.4999999999999993,PC_DELONG,DeLong,0.07995388986084867,0.08433203125000001,-0.0043781413891513365,0.016468498717530776,0.09669461977024588,0.0,5.191552159075186,True
0.55,32,1.5,1,1.4999999999999993,PC_DELONG_VARGATE,DeLong + gate,0.08433203125000001,0.08433203125000001,0.0,0.0,0.0,0.0,0.0,True
0.55,32,1.5,1,1.4999999999999993,PC_ORACLE,Oracle,0.06606113550166202,0.08433203125000001,-0.01827089574833797,0.040407843785697395,0.3488187933985516,0.0,21.665428280951062,True
0.55,32,1.5,1,1.4999999999999993,PC_PAIRED_HOEFFDING,CMDO,0.08089743569132969,0.08433203125000001,-0.003434595558670319,0.007453513966003827,0.04887750875837891,0.0,4.072705836396318,True
0.55,32,1.5,1,1.4999999999999993,PC_PLUGIN,Plug-in,0.06740375940071716,0.08433203125000001,-0.01692827184928284,0.040407843785697395,0.34024348033276475,0.0,20.07335955077312,True
0.55,32,1.5,1,1.4999999999999993,PC_PLUGIN_VARGATE,Plug-in + gate,0.09013710351398059,0.08433203125000001,0.005805072263980589,0.03767346878569744,0.154980320215808,0.0,-6.883591178743931,False
0.55,32,1.5,1,1.4999999999999993,PC_USTAT_MCDIARMID,U-stat,0.08226812871408974,0.08433203125000001,-0.0020639025359102557,0.004419351470205096,0.029619430069064187,0.0,2.447353046426548,True
0.55,32,2.0,-1,1.9999999999999993,DIRECT_FULL,Direct,0.0848046875,0.0848046875,0.0,0.0,0.0,0.0,0.0,True
0.55,32,2.0,-1,1.9999999999999993,PC_DELONG,DeLong,0.08247410138414375,0.0848046875,-0.0023305861158562542,0.015746327304778995,0.08819839613039199,0.0,2.7481807722671614,True
0.55,32,2.0,-1,1.9999999999999993,PC_DELONG_VARGATE,DeLong + gate,0.0848046875,0.0848046875,0.0,0.0,0.0,0.0,0.0,True
0.55,32,2.0,-1,1.9999999999999993,PC_ORACLE,Oracle,0.07140985058387055,0.0848046875,-0.013394836916129462,0.047882648829498775,0.3477527928182875,0.0,15.794925152137917,True
0.55,32,2.0,-1,1.9999999999999993,PC_PAIRED_HOEFFDING,CMDO,0.08285218906597427,0.0848046875,-0.0019524984340257372,0.008238078350877047,0.047880983731861164,0.0,2.302347301292429,True
0.55,32,2.0,-1,1.9999999999999993,PC_PLUGIN,Plug-in,0.0728036621558163,0.0848046875,-0.01200102534418371,0.04789364629401368,0.33957403433744376,0.0,14.15137028148793,True
0.55,32,2.0,-1,1.9999999999999993,PC_PLUGIN_VARGATE,Plug-in + gate,0.09119912277735429,0.0848046875,0.006394435277354291,0.038380695704498737,0.12186211252990303,0.0,-7.54019083833577,False
0.55,32,2.0,-1,1.9999999999999993,PC_USTAT_MCDIARMID,U-stat,0.08345855500943243,0.0848046875,-0.0013461324905675754,0.004619920142153211,0.029030209881463195,0.0,1.5873326466388726,True
0.55,32,2.0,1,1.9999999999999993,DIRECT_FULL,Direct,0.08126562500000001,0.08126562500000001,0.0,0.0,0.0,0.0,0.0,True
0.55,32,2.0,1,1.9999999999999993,PC_DELONG,DeLong,0.07778270019504487,0.08126562500000001,-0.0034829248049551443,0.017319696973700553,0.09422034870109788,0.0,4.2858524806216,True
0.55,32,2.0,1,1.9999999999999993,PC_DELONG_VARGATE,DeLong + gate,0.08126562500000001,0.08126562500000001,0.0,0.0,0.0,0.0,0.0,True
0.55,32,2.0,1,1.9999999999999993,PC_ORACLE,Oracle,0.07013717591866309,0.08126562500000001,-0.011128449081336917,0.04481423167111331,0.3462945969643944,0.0,13.693919269478238,True
0.55,32,2.0,1,1.9999999999999993,PC_PAIRED_HOEFFDING,CMDO,0.07820343706097142,0.08126562500000001,-0.003062187939028569,0.007825363859265915,0.047078984188414656,0.0,3.7681220553322348,True
0.55,32,2.0,1,1.9999999999999993,PC_PLUGIN,Plug-in,0.0711968165585417,0.08126562500000001,-0.01006880844145831,0.04596858632949874,0.3380945100582654,0.0,12.38999692853936,True
0.55,32,2.0,1,1.9999999999999993,PC_PLUGIN_VARGATE,Plug-in + gate,0.0886082088307545,0.08126562500000001,0.007342583830754499,0.03918147695449872,0.12365447329153917,0.0,-9.035288697717503,False
0.55,32,2.0,1,1.9999999999999993,PC_USTAT_MCDIARMID,U-stat,0.07929682221436334,0.08126562500000001,-0.0019688027856366707,0.004821469508202041,0.028915382550132554,0.0,2.4226759907853723,True
0.55,32,4.0,-1,4.000000000000001,DIRECT_FULL,Direct,0.08265234375000001,0.08265234375000001,0.0,0.0,0.0,0.0,0.0,True
0.55,32,4.0,-1,4.000000000000001,PC_DELONG,DeLong,0.08278010384656559,0.08265234375000001,0.00012776009656558895,0.020907031248532066,0.07836118005796953,0.0,-0.15457528579227997,False
0.55,32,4.0,-1,4.000000000000001,PC_DELONG_VARGATE,DeLong + gate,0.08265234375000001,0.08265234375000001,0.0,0.0,0.0,0.0,0.0,True
0.55,32,4.0,-1,4.000000000000001,PC_ORACLE,Oracle,0.08596377146371942,0.08265234375000001,0.0033114277137194213,0.06881453538422289,0.33240148618968773,0.0,-4.0064534936063545,False
0.55,32,4.0,-1,4.000000000000001,PC_PAIRED_HOEFFDING,CMDO,0.0813931026853208,0.08265234375000001,-0.001259241064679206,0.010714302882777265,0.043864139466349,0.0,1.5235394515708656,True
0.55,32,4.0,-1,4.000000000000001,PC_PLUGIN,Plug-in,0.08751834080936965,0.08265234375000001,0.004865997059369657,0.07066914017048481,0.3283559787381528,0.0,-5.887306806553383,False
0.55,32,4.0,-1,4.000000000000001,PC_PLUGIN_VARGATE,Plug-in + gate,0.0859644159315397,0.08265234375000001,0.003312072181539695,0.03525898392048474,0.06475,0.0,-4.007233226873486,False
0.55,32,4.0,-1,4.000000000000001,PC_USTAT_MCDIARMID,U-stat,0.08168620550468164,0.08265234375000001,-0.0009661382453183642,0.006075096929943979,0.027318895504102953,0.0,1.1689181473675592,True
0.55,32,4.0,1,4.000000000000001,DIRECT_FULL,Direct,0.086828125,0.086828125,0.0,0.0,0.0,0.0,0.0,True
0.55,32,4.0,1,4.000000000000001,PC_DELONG,DeLong,0.08601491871750042,0.086828125,-0.0008132062824995701,0.02372290413205472,0.08398831677889948,0.0,0.9365701292059381,True
0.55,32,4.0,1,4.000000000000001,PC_DELONG_VARGATE,DeLong + gate,0.086828125,0.086828125,0.0,0.0,0.0,0.0,0.0,True
0.55,32,4.0,1,4.000000000000001,PC_ORACLE,Oracle,0.08128577792864629,0.086828125,-0.005542347071353717,0.06889552525329123,0.33192102842942645,0.0,6.3831242139038675,True
0.55,32,4.0,1,4.000000000000001,PC_PAIRED_HOEFFDING,CMDO,0.08476997683314921,0.086828125,-0.00205814816685078,0.011631532489373177,0.0445288530462616,0.0,2.370370391910215,True
0.55,32,4.0,1,4.000000000000001,PC_PLUGIN,Plug-in,0.0825043376950261,0.086828125,-0.004323787304973903,0.06897836070631037,0.32921976736096076,0.0,4.979708251184622,True
0.55,32,4.0,1,4.000000000000001,PC_PLUGIN_VARGATE,Plug-in + gate,0.09337201910775433,0.086828125,0.006543894107754338,0.04147968704548481,0.08120771591723822,0.0,-7.536606494444431,False
0.55,32,4.0,1,4.000000000000001,PC_USTAT_MCDIARMID,U-stat,0.08515604366813166,0.086828125,-0.0016720813318683435,0.006004580531194014,0.027285156110816083,0.0,1.9257370026916298,True
0.55,64,0.0,0,0.0,DIRECT_FULL,Direct,0.0539775390625,0.0539775390625,0.0,0.0,0.0,0.0,0.0,True
0.55,64,0.0,0,0.0,PC_DELONG,DeLong,0.0479008628113011,0.0539775390625,-0.006076676251198901,-0.0011312475845460868,0.1054759947659091,0.0,11.257786769720624,True
0.55,64,0.0,0,0.0,PC_DELONG_VARGATE,DeLong + gate,0.0539775390625,0.0539775390625,0.0,0.0,0.0,0.0,0.0,True
0.55,64,0.0,0,0.0,PC_ORACLE,Oracle,0.03508540039062499,0.0539775390625,-0.018892138671875006,-0.001753417968750051,0.35,0.0,35.00000000000002,True
0.55,64,0.0,0,0.0,PC_PAIRED_HOEFFDING,CMDO,0.051224080543267506,0.0539775390625,-0.002753458519232501,-0.00030776415280282034,0.05029844843854106,0.0,5.1011190340565555,True
0.55,64,0.0,0,0.0,PC_PLUGIN,Plug-in,0.03501360065698411,0.0539775390625,-0.01896393840551589,-0.001753417968750051,0.34859282751495135,0.0,35.1330177975653,True
0.55,64,0.0,0,0.0,PC_PLUGIN_VARGATE,Plug-in + gate,0.04433681640625,0.0539775390625,-0.009640722656250003,0.0,0.24674999999999997,0.0,17.8606191087873,True
0.55,64,0.0,0,0.0,PC_USTAT_MCDIARMID,U-stat,0.05233148653023998,0.0539775390625,-0.0016460525322600172,-0.0002768650488858661,0.029896280771734802,0.0,3.0495138549278322,True
0.55,64,0.25,-1,0.24999999999999958,DIRECT_FULL,Direct,0.06131054687500001,0.06131054687500001,0.0,0.0,0.0,0.0,0.0,True
0.55,64,0.25,-1,0.24999999999999958,PC_DELONG,DeLong,0.055470976480625926,0.06131054687500001,-0.005839570394374072,0.003544009659255913,0.10108954203697522,0.0,9.524577241628274,True
0.55,64,0.25,-1,0.24999999999999958,PC_DELONG_VARGATE,DeLong + gate,0.06131054687500001,0.06131054687500001,0.0,0.0,0.0,0.0,0.0,True
0.55,64,0.25,-1,0.24999999999999958,PC_ORACLE,Oracle,0.04163017886078918,0.06131054687500001,-0.019680368014210824,0.008908297336621468,0.35,0.0,32.099482091287136,True
0.55,64,0.25,-1,0.24999999999999958,PC_PAIRED_HOEFFDING,CMDO,0.05845439773479797,0.06131054687500001,-0.002856149140202031,0.001413796760075736,0.049799850765382424,0.0,4.658495619073766,True
0.55,64,0.25,-1,0.24999999999999958,PC_PLUGIN,Plug-in,0.041714942273926844,0.06131054687500001,-0.01959560460107316,0.008908297336621468,0.34806887295047567,0.0,31.961229510845335,True
0.55,64,0.25,-1,0.24999999999999958,PC_PLUGIN_VARGATE,Plug-in + gate,0.054891347093919574,0.06131054687500001,-0.006419199781080425,0.00824179343037163,0.21525,0.0,10.469976387860157,True
0.55,64,0.25,-1,0.24999999999999958,PC_USTAT_MCDIARMID,U-stat,0.059645087199516535,0.06131054687500001,-0.0016654596754834652,0.0009248298442392666,0.02925018213479432,0.0,2.716432588472939,True
0.55,64,0.25,1,0.24999999999999958,DIRECT_FULL,Direct,0.0571552734375,0.0571552734375,0.0,0.0,0.0,0.0,0.0,True
0.55,64,0.25,1,0.24999999999999958,PC_DELONG,DeLong,0.051598473418665705,0.0571552734375,-0.005556800018834291,0.004458463709185629,0.10440468525897412,0.0,9.722287524196215,True
0.55,64,0.25,1,0.24999999999999958,PC_DELONG_VARGATE,DeLong + gate,0.0571552734375,0.0571552734375,0.0,0.0,0.0,0.0,0.0,True
0.55,64,0.25,1,0.24999999999999958,PC_ORACLE,Oracle,0.03888358423756551,0.0571552734375,-0.01827168919993449,0.010756441867871551,0.35,0.0,31.968509817234647,True
0.55,64,0.25,1,0.24999999999999958,PC_PAIRED_HOEFFDING,CMDO,0.05449718765746834,0.0571552734375,-0.0026580857800316614,0.0018448271610491996,0.04899569185104609,0.0,4.650639600103235,True
0.55,64,0.25,1,0.24999999999999958,PC_PLUGIN,Plug-in,0.03889848299784333,0.0571552734375,-0.01825679043965667,0.010756441867871551,0.3475167893922332,0.0,31.94244265075681,True
0.55,64,0.25,1,0.24999999999999958,PC_PLUGIN_VARGATE,Plug-in + gate,0.05111238730521348,0.0571552734375,-0.006042886132286518,0.01075400046162156,0.22224999999999998,0.0,10.572753429120574,True
0.55,64,0.25,1,0.24999999999999958,PC_USTAT_MCDIARMID,U-stat,0.055559057197172176,0.0571552734375,-0.0015962162403278274,0.0011531020730766782,0.029443302953700318,0.0,2.792771592761789,True
0.55,64,0.5,-1,0.5000000000000003,DIRECT_FULL,Direct,0.0602587890625,0.0602587890625,0.0,0.0,0.0,0.0,0.0,True
0.55,64,0.5,-1,0.5000000000000003,PC_DELONG,DeLong,0.05511568077940999,0.0602587890625,-0.00514310828309001,0.005144210329011466,0.098506696392396,0.0,8.535034246631835,True
0.55,64,0.5,-1,0.5000000000000003,PC_DELONG_VARGATE,DeLong + gate,0.0602587890625,0.0602587890625,0.0,0.0,0.0,0.0,0.0,True
0.55,64,0.5,-1,0.5000000000000003,PC_ORACLE,Oracle,0.04200371075869794,0.0602587890625,-0.01825507830380206,0.014554989954561748,0.35,0.0,30.29446589918695,True
0.55,64,0.5,-1,0.5000000000000003,PC_PAIRED_HOEFFDING,CMDO,0.05757541047311773,0.0602587890625,-0.002683378589382268,0.0021586424844769856,0.04884218305852294,0.0,4.453090795766046,True
0.55,64,0.5,-1,0.5000000000000003,PC_PLUGIN,Plug-in,0.0423325783345799,0.0602587890625,-0.017926210727920104,0.014554989954561748,0.34673470225215824,0.0,29.748707212365577,True
0.55,64,0.5,-1,0.5000000000000003,PC_PLUGIN_VARGATE,Plug-in + gate,0.05640267434676817,0.0602587890625,-0.0038561147157318344,0.01420098604831183,0.20825,0.0,6.399256897997563,True
0.55,64,0.5,-1,0.5000000000000003,PC_USTAT_MCDIARMID,U-stat,0.05869378547213752,0.0602587890625,-0.0015650035903624808,0.0014044853500445537,0.02877625957503202,0.0,2.597137471082045,True
0.55,64,0.5,1,0.5000000000000003,DIRECT_FULL,Direct,0.058213867187500004,0.058213867187500004,0.0,0.0,0.0,0.0,0.0,True
0.55,64,0.5,1,0.5000000000000003,PC_DELONG,DeLong,0.0530022864795452,0.058213867187500004,-0.005211580707954796,0.006672716229722247,0.10051977738551092,0.0,8.952472941144618,True
0.55,64,0.5,1,0.5000000000000003,PC_DELONG_VARGATE,DeLong + gate,0.058213867187500004,0.058213867187500004,0.0,0.0,0.0,0.0,0.0,True
0.55,64,0.5,1,0.5000000000000003,PC_ORACLE,Oracle,0.04088717988813039,0.058213867187500004,-0.017326687299369606,0.015687802454561812,0.35,0.0,29.763848609408473,True
0.55,64,0.5,1,0.5000000000000003,PC_PAIRED_HOEFFDING,CMDO,0.05557801548228475,0.058213867187500004,-0.0026358517052152506,0.0025614957845653983,0.04816204939315665,0.0,4.527875972790962,True
0.55,64,0.5,1,0.5000000000000003,PC_PLUGIN,Plug-in,0.040970016611301646,0.058213867187500004,-0.01724385057619835,0.015696587653339304,0.3466038687730211,0.0,29.621551374791764,True
0.55,64,0.5,1,0.5000000000000003,PC_PLUGIN_VARGATE,Plug-in + gate,0.0567822717518822,0.058213867187500004,-0.0014315954356177952,0.015346005579561894,0.182,0.0,2.459200023607444,True
0.55,64,0.5,1,0.5000000000000003,PC_USTAT_MCDIARMID,U-stat,0.05664245496713255,0.058213867187500004,-0.0015714122203674507,0.0016384080840867116,0.028580723031053124,0.0,2.699377822308424,True
0.55,64,0.75,-1,0.7500000000000003,DIRECT_FULL,Direct,0.051998046874999995,0.051998046874999995,0.0,0.0,0.0,0.0,0.0,True
0.55,64,0.75,-1,0.7500000000000003,PC_DELONG,DeLong,0.04716970909166416,0.051998046874999995,-0.0048283377833358366,0.007082697877778095,0.09626099787608951,0.0,9.285613736498322,True
0.55,64,0.75,-1,0.7500000000000003,PC_DELONG_VARGATE,DeLong + gate,0.051998046874999995,0.051998046874999995,0.0,0.0,0.0,0.0,0.0,True
0.55,64,0.75,-1,0.7500000000000003,PC_ORACLE,Oracle,0.03571510116497877,0.051998046874999995,-0.01628294571002122,0.01925739621868361,0.35,0.0,31.314533311538394,True
0.55,64,0.75,-1,0.7500000000000003,PC_PAIRED_HOEFFDING,CMDO,0.04942473099355461,0.051998046874999995,-0.0025733158814453894,0.003221929900316556,0.04863387381429804,0.0,4.9488702674380765,True
0.55,64,0.75,-1,0.7500000000000003,PC_PLUGIN,Plug-in,0.035913031101577834,0.051998046874999995,-0.016085015773422157,0.01925739621868361,0.3468723936901323,0.0,30.933884520873477,True
0.55,64,0.75,-1,0.7500000000000003,PC_PLUGIN_VARGATE,Plug-in + gate,0.05154712296371948,0.051998046874999995,-0.00045092391128051605,0.018590892312433667,0.182,0.0,0.8671939397349004,True
0.55,64,0.75,-1,0.7500000000000003,PC_USTAT_MCDIARMID,U-stat,0.05048294703824333,0.051998046874999995,-0.001515099836756662,0.0018872461244739901,0.02835899975268531,0.0,2.9137629734418025,True
0.55,64,0.75,1,0.7500000000000003,DIRECT_FULL,Direct,0.0589677734375,0.0589677734375,0.0,0.0,0.0,0.0,0.0,True
0.55,64,0.75,1,0.7500000000000003,PC_DELONG,DeLong,0.05461151443595197,0.0589677734375,-0.004356259001548028,0.007656570355108364,0.10058248906390155,0.0,7.387524994758765,True
0.55,64,0.75,1,0.7500000000000003,PC_DELONG_VARGATE,DeLong + gate,0.0589677734375,0.0589677734375,0.0,0.0,0.0,0.0,0.0,True
0.55,64,0.75,1,0.7500000000000003,PC_ORACLE,Oracle,0.043563626869969466,0.0589677734375,-0.015404146567530539,0.01905231809368358,0.35,0.0,26.122991711493746,True
0.55,64,0.75,1,0.7500000000000003,PC_PAIRED_HOEFFDING,CMDO,0.056501220666640116,0.0589677734375,-0.002466552770859884,0.003103336827585889,0.04812286751075832,0.0,4.182882661279708,True
0.55,64,0.75,1,0.7500000000000003,PC_PLUGIN,Plug-in,0.04419615962858892,0.0589677734375,-0.014771613808911075,0.019052318093683684,0.3441942965824414,0.0,25.050316380976344,True
0.55,64,0.75,1,0.7500000000000003,PC_PLUGIN_VARGATE,Plug-in + gate,0.05893013381339968,0.0589677734375,-3.7639624100329064e-05,0.018727611062433654,0.217,0.0,0.06383083828019886,True
0.55,64,0.75,1,0.7500000000000003,PC_USTAT_MCDIARMID,U-stat,0.05750749963678247,0.0589677734375,-0.0014602738007175253,0.0019312959441251606,0.028630063655069152,0.0,2.4763929780480476,True
0.55,64,1.0,-1,1.0,DIRECT_FULL,Direct,0.056519531250000005,0.056519531250000005,0.0,0.0,0.0,0.0,0.0,True
0.55,64,1.0,-1,1.0,PC_DELONG,DeLong,0.05349331136808125,0.056519531250000005,-0.0030262198819187513,0.008245045176268272,0.0975354413605747,0.0,5.354290481520508,True
0.55,64,1.0,-1,1.0,PC_DELONG_VARGATE,DeLong + gate,0.056519531250000005,0.056519531250000005,0.0,0.0,0.0,0.0,0.0,True
0.55,64,1.0,-1,1.0,PC_ORACLE,Oracle,0.043801924496424276,0.056519531250000005,-0.012717606753575732,0.02371259076699312,0.35,0.0,22.50126013487723,True
0.55,64,1.0,-1,1.0,PC_PAIRED_HOEFFDING,CMDO,0.05466415191087752,0.056519531250000005,-0.0018553793391224824,0.003723032070990545,0.048766961646860826,0.0,3.2827224467161242,True
0.55,64,1.0,-1,1.0,PC_PLUGIN,Plug-in,0.044288510236329494,0.056519531250000005,-0.012231021013670504,0.02371259076699312,0.34519660993826773,0.0,21.640344042433135,True
0.55,64,1.0,-1,1.0,PC_PLUGIN_VARGATE,Plug-in + gate,0.059392946371774925,0.056519531250000005,0.0028734151217749177,0.022721379829493047,0.19774999999999998,0.0,-5.08393303735144,False
0.55,64,1.0,-1,1.0,PC_USTAT_MCDIARMID,U-stat,0.05544987199951354,0.056519531250000005,-0.0010696592504864618,0.0022171835588039646,0.02857155322575503,0.0,1.8925479862086925,True
0.55,64,1.0,1,0.9999999999999983,DIRECT_FULL,Direct,0.0574677734375,0.0574677734375,0.0,0.0,0.0,0.0,0.0,True
0.55,64,1.0,1,0.9999999999999983,PC_DELONG,DeLong,0.054088747551221596,0.0574677734375,-0.0033790258862784004,0.009468421716973522,0.09948231378871229,0.0,5.8798621978165215,True
0.55,64,1.0,1,0.9999999999999983,PC_DELONG_VARGATE,DeLong + gate,0.0574677734375,0.0574677734375,0.0,0.0,0.0,0.0,0.0,True
0.55,64,1.0,1,0.9999999999999983,PC_ORACLE,Oracle,0.04350892268108436,0.0574677734375,-0.013958850756415637,0.02314862592324307,0.35,0.0,24.289875736349543,True
0.55,64,1.0,1,0.9999999999999983,PC_PAIRED_HOEFFDING,CMDO,0.0553015526145704,0.0574677734375,-0.0021662208229295972,0.0039534525970542165,0.04842340793307498,0.0,3.7694531967303546,True
0.55,64,1.0,1,0.9999999999999983,PC_PLUGIN,Plug-in,0.044097829582999036,0.0574677734375,-0.013369943854500963,0.02314862592324307,0.3442919132250492,0.0,23.26511548083843,True
0.55,64,1.0,1,0.9999999999999983,PC_PLUGIN_VARGATE,Plug-in + gate,0.060680331412970176,0.0574677734375,0.003212557975470175,0.022465032173243138,0.18375,0.0,-5.590190437713827,False
0.55,64,1.0,1,0.9999999999999983,PC_USTAT_MCDIARMID,U-stat,0.05620143990323838,0.0574677734375,-0.0012663335342616194,0.0023896270492264338,0.028472816366146105,0.0,2.2035541983175033,True
0.55,64,1.5,-1,1.4999999999999996,DIRECT_FULL,Direct,0.05683203125,0.05683203125,0.0,0.0,0.0,0.0,0.0,True
0.55,64,1.5,-1,1.4999999999999996,PC_DELONG,DeLong,0.053422497193460414,0.05683203125,-0.003409534056539584,0.009481718370414898,0.0903358524481252,0.0,5.999317605843246,True
0.55,64,1.5,-1,1.4999999999999996,PC_DELONG_VARGATE,DeLong + gate,0.05683203125,0.05683203125,0.0,0.0,0.0,0.0,0.0,True
0.55,64,1.5,-1,1.4999999999999996,PC_ORACLE,Oracle,0.042567612609990556,0.05683203125,-0.014264418640009444,0.02844627102955896,0.3498822567989571,0.0,25.099258862068986,True
0.55,64,1.5,-1,1.4999999999999996,PC_PAIRED_HOEFFDING,CMDO,0.0546452930129625,0.05683203125,-0.002186738237037498,0.004408094506680076,0.04579615503551987,0.0,3.8477214150910766,True
0.55,64,1.5,-1,1.4999999999999996,PC_PLUGIN,Plug-in,0.043646011831229826,0.05683203125,-0.01318601941877017,0.02938683244559858,0.3403084273029187,0.0,23.201738753214407,True
0.55,64,1.5,-1,1.4999999999999996,PC_PLUGIN_VARGATE,Plug-in + gate,0.061703531924239045,0.05683203125,0.004871500674239053,0.026036603060808926,0.15749999999999997,0.0,-8.571751822154084,False
0.55,64,1.5,-1,1.4999999999999996,PC_USTAT_MCDIARMID,U-stat,0.05554932113833445,0.05683203125,-0.0012827101116655475,0.0025903224902449782,0.02715848318870702,0.0,2.2570196479921756,True
0.55,64,1.5,1,1.4999999999999996,DIRECT_FULL,Direct,0.053880859375,0.053880859375,0.0,0.0,0.0,0.0,0.0,True
0.55,64,1.5,1,1.4999999999999996,PC_DELONG,DeLong,0.05173229374404511,0.053880859375,-0.00214856563095489,0.011264937286587482,0.09519858626128717,0.0,3.987623166886234,True
0.55,64,1.5,1,1.4999999999999996,PC_DELONG_VARGATE,DeLong + gate,0.053880859375,0.053880859375,0.0,0.0,0.0,0.0,0.0,True
0.55,64,1.5,1,1.4999999999999996,PC_ORACLE,Oracle,0.04417634370292141,0.053880859375,-0.009704515672078598,0.029574200717059025,0.35,0.0,18.01106326930887,True
0.55,64,1.5,1,1.4999999999999996,PC_PAIRED_HOEFFDING,CMDO,0.05205190170819056,0.053880859375,-0.0018289576668094395,0.00466201378280041,0.04679225588081083,0.0,3.394447839222947,True
0.55,64,1.5,1,1.4999999999999996,PC_PLUGIN,Plug-in,0.045393772372513824,0.053880859375,-0.008487087002486177,0.029898907748308952,0.3402765979226821,0.0,15.751580618671557,True
0.55,64,1.5,1,1.4999999999999996,PC_PLUGIN_VARGATE,Plug-in + gate,0.06015925385917142,0.053880859375,0.006278394484171417,0.027848126498309034,0.17149999999999999,0.0,-11.652365157123889,False
0.55,64,1.5,1,1.4999999999999996,PC_USTAT_MCDIARMID,U-stat,0.05277487247054185,0.053880859375,-0.0011059869044581531,0.002819107592164388,0.02770201437069997,0.0,2.05265268090975,True
0.55,64,2.0,-1,2.0000000000000013,DIRECT_FULL,Direct,0.053326171875,0.053326171875,0.0,0.0,0.0,0.0,0.0,True
0.55,64,2.0,-1,2.0000000000000013,PC_DELONG,DeLong,0.05125057493656063,0.053326171875,-0.0020755969384393695,0.01078338631200528,0.08837469838215606,0.0,3.8922669028347068,True
0.55,64,2.0,-1,2.0000000000000013,PC_DELONG_VARGATE,DeLong + gate,0.053326171875,0.053326171875,0.0,0.0,0.0,0.0,0.0,True
0.55,64,2.0,-1,2.0000000000000013,PC_ORACLE,Oracle,0.04648936784907451,0.053326171875,-0.006836804025925486,0.03312853459662379,0.34980062895225217,0.0,12.82072908205637,True
0.55,64,2.0,-1,2.0000000000000013,PC_PAIRED_HOEFFDING,CMDO,0.051802812290246074,0.053326171875,-0.0015233595847539275,0.005360004572649139,0.04510802242022989,0.0,2.8566828091931673,True
0.55,64,2.0,-1,2.0000000000000013,PC_PLUGIN,Plug-in,0.04797284475687449,0.053326171875,-0.0053533271181255134,0.03312853459662379,0.3395328804891542,0.0,10.038836334762713,True
0.55,64,2.0,-1,2.0000000000000013,PC_PLUGIN_VARGATE,Plug-in + gate,0.05981770056859198,0.053326171875,0.006491528693591979,0.029913202565373616,0.13299999999999998,0.0,-12.173250892279587,False
0.55,64,2.0,-1,2.0000000000000013,PC_USTAT_MCDIARMID,U-stat,0.05236502671762891,0.053326171875,-0.000961145157371086,0.0030208330640540846,0.026807357887051998,0.0,1.8023891901036482,True
0.55,64,2.0,1,2.0000000000000013,DIRECT_FULL,Direct,0.057901367187500004,0.057901367187500004,0.0,0.0,0.0,0.0,0.0,True
0.55,64,2.0,1,2.0000000000000013,PC_DELONG,DeLong,0.056311346410632485,0.057901367187500004,-0.001590020776867516,0.012041118274756898,0.09178507039679187,0.0,2.746085030632539,True
0.55,64,2.0,1,2.0000000000000013,PC_DELONG_VARGATE,DeLong + gate,0.057901367187500004,0.057901367187500004,0.0,0.0,0.0,0.0,0.0,True
0.55,64,2.0,1,2.0000000000000013,PC_ORACLE,Oracle,0.048578284251325446,0.057901367187500004,-0.009323082936174554,0.033358026784123584,0.35,0.0,16.101662860539957,True
0.55,64,2.0,1,2.0000000000000013,PC_PAIRED_HOEFFDING,CMDO,0.05646667007191644,0.057901367187500004,-0.0014346971155835503,0.005204966765065863,0.04456196299591203,0.0,2.4778294283408386,True
0.55,64,2.0,1,2.0000000000000013,PC_PLUGIN,Plug-in,0.04983334207463044,0.057901367187500004,-0.008068025112869557,0.033358026784123584,0.33891103031207576,0.0,13.934083951322174,True
0.55,64,2.0,1,2.0000000000000013,PC_PLUGIN_VARGATE,Plug-in + gate,0.06451318305734378,0.057901367187500004,0.00661181586984378,0.02995714787787369,0.15225,0.0,-11.419101466866866,False
0.55,64,2.0,1,2.0000000000000013,PC_USTAT_MCDIARMID,U-stat,0.05695498226928818,0.057901367187500004,-0.0009463849182118131,0.0029240521227642357,0.02692311070688523,0.0,1.6344776715671916,True
0.55,64,4.0,-1,4.0,DIRECT_FULL,Direct,0.0584521484375,0.0584521484375,0.0,0.0,0.0,0.0,0.0,True
0.55,64,4.0,-1,4.0,PC_DELONG,DeLong,0.058027145316799957,0.0584521484375,-0.0004250031207000429,0.014236168199063863,0.07621103861139128,0.0,0.7270958075295986,True
0.55,64,4.0,-1,4.0,PC_DELONG_VARGATE,DeLong + gate,0.0584521484375,0.0584521484375,0.0,0.0,0.0,0.0,0.0,True
0.55,64,4.0,-1,4.0,PC_ORACLE,Oracle,0.05700299768120001,0.0584521484375,-0.0014491507562999812,0.046108275041275,0.3372219958561121,0.0,2.479208711805503,True
0.55,64,4.0,-1,4.0,PC_PAIRED_HOEFFDING,CMDO,0.057524016282944776,0.0584521484375,-0.000928132154555224,0.00680222504735042,0.040799423201953094,0.0,1.587849513431705,True
0.55,64,4.0,-1,4.0,PC_PLUGIN,Plug-in,0.05934878371285022,0.0584521484375,0.00089663527535022,0.046792857315236094,0.3269158198034459,0.0,-1.5339646177572996,False
0.55,64,4.0,-1,4.0,PC_PLUGIN_VARGATE,Plug-in + gate,0.062425710134922235,0.0584521484375,0.003973561697422231,0.03009607997148615,0.07,0.0,-6.797973733456475,False
0.55,64,4.0,-1,4.0,PC_USTAT_MCDIARMID,U-stat,0.057806763052246045,0.0584521484375,-0.0006453853852539515,0.003853975190030595,0.024397126211941917,0.0,1.1041260287361854,True
0.55,64,4.0,1,4.0,DIRECT_FULL,Direct,0.055716796874999995,0.055716796874999995,0.0,0.0,0.0,0.0,0.0,True
0.55,64,4.0,1,4.0,PC_DELONG,DeLong,0.05527486777516635,0.055716796874999995,-0.0004419290998336467,0.015828673163647472,0.08034428767701947,0.0,0.7931703267599954,True
0.55,64,4.0,1,4.0,PC_DELONG_VARGATE,DeLong + gate,0.055716796874999995,0.055716796874999995,0.0,0.0,0.0,0.0,0.0,True
0.55,64,4.0,1,4.0,PC_ORACLE,Oracle,0.05781506192170527,0.055716796874999995,0.0020982650467052666,0.04751759391474966,0.3375521819809345,0.0,-3.7659470112984206,False
0.55,64,4.0,1,4.0,PC_PAIRED_HOEFFDING,CMDO,0.054437415479343096,0.055716796874999995,-0.0012793813956569022,0.007334724211396498,0.04229535657044077,0.0,2.2962220863614546,True
0.55,64,4.0,1,4.0,PC_PLUGIN,Plug-in,0.05917010525912835,0.055716796874999995,0.003453308384128354,0.04816217213703158,0.3271544471329215,0.0,-6.197966462206739,False
0.55,64,4.0,1,4.0,PC_PLUGIN_VARGATE,Plug-in + gate,0.0601803925098754,0.055716796874999995,0.004463595634875396,0.030865122940236196,0.07845143559481361,0.0,-8.011220826081278,False
0.55,64,4.0,1,4.0,PC_USTAT_MCDIARMID,U-stat,0.0549018473794966,0.055716796874999995,-0.000814949495503405,0.004164963335870169,0.02466288828594823,0.0,1.4626639383662488,True
0.55,128,0.0,0,0.0,DIRECT_FULL,Direct,0.04242016601562501,0.04242016601562501,0.0,0.0,0.0,0.0,0.0,True
0.55,128,0.0,0,0.0,PC_DELONG,DeLong,0.03762264634987556,0.04242016601562501,-0.004797519665749445,-0.00042625829665529803,0.10531412082668953,0.0,11.309525907989926,True
0.55,128,0.0,0,0.0,PC_DELONG_VARGATE,DeLong + gate,0.04242016601562501,0.04242016601562501,0.0,0.0,0.0,0.0,0.0,True
0.55,128,0.0,0,0.0,PC_ORACLE,Oracle,0.02757310791015626,0.04242016601562501,-0.014847058105468748,-0.001033935546874995,0.35,0.0,35.0,True
0.55,128,0.0,0,0.0,PC_PAIRED_HOEFFDING,CMDO,0.04027792731511291,0.04242016601562501,-0.002142238700512088,-0.00016268983215481187,0.0483783559983978,0.0,5.05004789402056,True
0.55,128,0.0,0,0.0,PC_PLUGIN,Plug-in,0.02762899063404036,0.04242016601562501,-0.014791175381584643,-0.001033935546874995,0.3474736688246373,0.0,34.868263778450284,True
0.55,128,0.0,0,0.0,PC_PLUGIN_VARGATE,Plug-in + gate,0.034708801269531256,0.04242016601562501,-0.0077113647460937485,0.0,0.25725,0.0,18.1785350468769,True
0.55,128,0.0,0,0.0,PC_USTAT_MCDIARMID,U-stat,0.04114980328654091,0.04242016601562501,-0.0012703627290840984,-9.408237791489477e-05,0.029015876862780877,0.0,2.994714185267866,True
0.55,128,0.25,-1,0.25000000000000083,DIRECT_FULL,Direct,0.041796875,0.041796875,0.0,0.0,0.0,0.0,0.0,True
0.55,128,0.25,-1,0.25000000000000083,PC_DELONG,DeLong,0.037905175749135274,0.041796875,-0.0038916992508647285,0.003042338450059516,0.10211585690397337,0.0,9.310981385246443,True
0.55,128,0.25,-1,0.25000000000000083,PC_DELONG_VARGATE,DeLong + gate,0.041796875,0.041796875,0.0,0.0,0.0,0.0,0.0,True
0.55,128,0.25,-1,0.25000000000000083,PC_ORACLE,Oracle,0.028543239044152412,0.041796875,-0.013253635955847588,0.007851146639167982,0.35,0.0,31.709633688756846,True
0.55,128,0.25,-1,0.25000000000000083,PC_PAIRED_HOEFFDING,CMDO,0.03999700645205893,0.041796875,-0.0017998685479410706,0.001270488065000935,0.046871990536484914,0.0,4.306227553952469,True
0.55,128,0.25,-1,0.25000000000000083,PC_PLUGIN,Plug-in,0.028839148173202614,0.041796875,-0.012957726826797389,0.007851146639167982,0.3464985495660304,0.0,31.001664183739543,True
0.55,128,0.25,-1,0.25000000000000083,PC_PLUGIN_VARGATE,Plug-in + gate,0.03750287568894315,0.041796875,-0.004293999311056855,0.007684520662605423,0.23799999999999996,0.0,10.273493678790214,True
0.55,128,0.25,-1,0.25000000000000083,PC_USTAT_MCDIARMID,U-stat,0.04069898918866799,0.041796875,-0.001097885811332014,0.000752311742175593,0.028464636789452675,0.0,2.6267174551494743,True
0.55,128,0.25,1,0.25000000000000083,DIRECT_FULL,Direct,0.04233056640625,0.04233056640625,0.0,0.0,0.0,0.0,0.0,True
0.55,128,0.25,1,0.25000000000000083,PC_DELONG,DeLong,0.03801515037353904,0.04233056640625,-0.004315416032710965,0.0028089497996348226,0.10193457358291778,0.0,10.194562461781286,True
0.55,128,0.25,1,0.25000000000000083,PC_DELONG_VARGATE,DeLong + gate,0.04233056640625,0.04233056640625,0.0,0.0,0.0,0.0,0.0,True
0.55,128,0.25,1,0.25000000000000083,PC_ORACLE,Oracle,0.028238077952428376,0.04233056640625,-0.014092488453821623,0.006617626131355343,0.35,0.0,33.291518754024764,True
0.55,128,0.25,1,0.25000000000000083,PC_PAIRED_HOEFFDING,CMDO,0.04028937750827552,0.04233056640625,-0.002041188897974483,0.0011447703586988758,0.0476096763408276,0.0,4.822021227840468,True
0.55,128,0.25,1,0.25000000000000083,PC_PLUGIN,Plug-in,0.028276154133579277,0.04233056640625,-0.014054412272670722,0.006617626131355343,0.3471897996666275,0.0,33.20156913987247,True
0.55,128,0.25,1,0.25000000000000083,PC_PLUGIN_VARGATE,Plug-in + gate,0.03734393916961449,0.04233056640625,-0.004986627236635513,0.006197704256355493,0.23975,0.0,11.78020437708872,True
0.55,128,0.25,1,0.25000000000000083,PC_USTAT_MCDIARMID,U-stat,0.04110962595104925,0.04233056640625,-0.0012209404552007506,0.0006622226533014687,0.02831210372385884,0.0,2.8842998307258227,True
0.55,128,0.5,-1,0.4999999999999985,DIRECT_FULL,Direct,0.042191162109375,0.042191162109375,0.0,0.0,0.0,0.0,0.0,True
0.55,128,0.5,-1,0.4999999999999985,PC_DELONG,DeLong,0.038668702305027225,0.042191162109375,-0.003522459804347778,0.0036752960139452605,0.09903616265180439,0.0,8.348809627988595,True
0.55,128,0.5,-1,0.4999999999999985,PC_DELONG_VARGATE,DeLong + gate,0.042191162109375,0.042191162109375,0.0,0.0,0.0,0.0,0.0,True
0.55,128,0.5,-1,0.4999999999999985,PC_ORACLE,Oracle,0.029141907492391664,0.042191162109375,-0.01304925461698334,0.009935211734559277,0.35,0.0,30.928881700757305,True
0.55,128,0.5,-1,0.4999999999999985,PC_PAIRED_HOEFFDING,CMDO,0.04043043155908763,0.042191162109375,-0.0017607305502873663,0.0016041802304565464,0.04664903861307214,0.0,4.173221267816485,True
0.55,128,0.5,-1,0.4999999999999985,PC_PLUGIN,Plug-in,0.0294740247673638,0.042191162109375,-0.012717137342011197,0.009935211734559277,0.3456191632187135,0.0,30.14170908363156,True
0.55,128,0.5,-1,0.4999999999999985,PC_PLUGIN_VARGATE,Plug-in + gate,0.04076485162820791,0.042191162109375,-0.0014263104811670906,0.00933706720330921,0.2065,0.0,3.3805906494577487,True
0.55,128,0.5,-1,0.4999999999999985,PC_USTAT_MCDIARMID,U-stat,0.041142412347085516,0.042191162109375,-0.0010487497622894768,0.0009296731644873323,0.02785697226556945,0.0,2.485709589062135,True
0.55,128,0.5,1,0.4999999999999985,DIRECT_FULL,Direct,0.0399716796875,0.0399716796875,0.0,0.0,0.0,0.0,0.0,True
0.55,128,0.5,1,0.4999999999999985,PC_DELONG,DeLong,0.03663130899651835,0.0399716796875,-0.0033403706909816535,0.004448162838414726,0.10107255424727485,0.0,8.35684343789599,True
0.55,128,0.5,1,0.4999999999999985,PC_DELONG_VARGATE,DeLong + gate,0.0399716796875,0.0399716796875,0.0,0.0,0.0,0.0,0.0,True
0.55,128,0.5,1,0.4999999999999985,PC_ORACLE,Oracle,0.028527630192875127,0.0399716796875,-0.011444049494624868,0.011008820132996743,0.35,0.0,28.63039427938694,True
0.55,128,0.5,1,0.4999999999999985,PC_PAIRED_HOEFFDING,CMDO,0.03822119738676256,0.0399716796875,-0.0017504823007374365,0.001691455210700271,0.04787991693484024,0.0,4.3793063349420684,True
0.55,128,0.5,1,0.4999999999999985,PC_PLUGIN,Plug-in,0.028583904489804267,0.0399716796875,-0.01138777519769573,0.011008820132996743,0.3465166120761928,0.0,28.489608859887195,True
0.55,128,0.5,1,0.4999999999999985,PC_PLUGIN_VARGATE,Plug-in + gate,0.03771378916149007,0.0399716796875,-0.0022578905260099242,0.010499176578309264,0.22224999999999998,0.0,5.648725656920595,True
0.55,128,0.5,1,0.4999999999999985,PC_USTAT_MCDIARMID,U-stat,0.03896262973521979,0.0399716796875,-0.0010090499522802019,0.0010872545024045554,0.028100052766925065,0.0,2.5244121842489253,True
0.55,128,0.75,-1,0.7499999999999991,DIRECT_FULL,Direct,0.041802246093749995,0.041802246093749995,0.0,0.0,0.0,0.0,0.0,True
0.55,128,0.75,-1,0.7499999999999991,PC_DELONG,DeLong,0.03848535079933257,0.041802246093749995,-0.0033168952944174334,0.005201243451495735,0.09619659583487739,0.0,7.934729839584742,True
0.55,128,0.75,-1,0.7499999999999991,PC_DELONG_VARGATE,DeLong + gate,0.041802246093749995,0.041802246093749995,0.0,0.0,0.0,0.0,0.0,True
0.55,128,0.75,-1,0.7499999999999991,PC_ORACLE,Oracle,0.02866180461514244,0.041802246093749995,-0.013140441478607556,0.013968891695261292,0.35,0.0,31.434773741911993,True
0.55,128,0.75,-1,0.7499999999999991,PC_PAIRED_HOEFFDING,CMDO,0.040033566565385176,0.041802246093749995,-0.0017686795283648215,0.0022591963356236805,0.04666669783393398,0.0,4.231063384484646,True
0.55,128,0.75,-1,0.7499999999999991,PC_PLUGIN,Plug-in,0.02891442162534842,0.041802246093749995,-0.012887824468401579,0.013968891695261292,0.34555959250639207,0.0,30.83045929995728,True
0.55,128,0.75,-1,0.7499999999999991,PC_PLUGIN_VARGATE,Plug-in + gate,0.04127216781934992,0.041802246093749995,-0.000530078274400077,0.013469013765573816,0.19599999999999998,0.0,1.2680617046540221,True
0.55,128,0.75,-1,0.7499999999999991,PC_USTAT_MCDIARMID,U-stat,0.04074262037047007,0.041802246093749995,-0.0010596257232799206,0.0012911995125292283,0.027440756922566957,0.0,2.5348535600300037,True
0.55,128,0.75,1,0.7499999999999991,DIRECT_FULL,Direct,0.03855249023437501,0.03855249023437501,0.0,0.0,0.0,0.0,0.0,True
0.55,128,0.75,1,0.7499999999999991,PC_DELONG,DeLong,0.03507836540556372,0.03855249023437501,-0.003474124828811288,0.005488525591713387,0.09927397282002483,0.0,9.011414846851086,True
0.55,128,0.75,1,0.7499999999999991,PC_DELONG_VARGATE,DeLong + gate,0.03855249023437501,0.03855249023437501,0.0,0.0,0.0,0.0,0.0,True
0.55,128,0.75,1,0.7499999999999991,PC_ORACLE,Oracle,0.027159683818109112,0.03855249023437501,-0.011392806416265895,0.013962177828073694,0.35,0.0,29.551415088895073,True
0.55,128,0.75,1,0.7499999999999991,PC_PAIRED_HOEFFDING,CMDO,0.03662782243438031,0.03855249023437501,-0.0019246677999946974,0.002397749436991126,0.04671459507176519,0.0,4.99233068549898,True
0.55,128,0.75,1,0.7499999999999991,PC_PLUGIN,Plug-in,0.027396593474030905,0.03855249023437501,-0.011155896760344102,0.014105610445261279,0.3447362336344574,0.0,28.936903148209716,True
0.55,128,0.75,1,0.7499999999999991,PC_PLUGIN_VARGATE,Plug-in + gate,0.038700116449351445,0.03855249023437501,0.00014762621497644012,0.012486347749948865,0.18549999999999997,0.0,-0.3829226441118605,False
0.55,128,0.75,1,0.7499999999999991,PC_USTAT_MCDIARMID,U-stat,0.037423469262682765,0.03855249023437501,-0.0011290209716922446,0.0012520328866799982,0.02774820740242399,0.0,2.928529298181526,True
0.55,128,1.0,-1,0.9999999999999989,DIRECT_FULL,Direct,0.04283276367187499,0.04283276367187499,0.0,0.0,0.0,0.0,0.0,True
0.55,128,1.0,-1,0.9999999999999989,PC_DELONG,DeLong,0.0388850833763594,0.04283276367187499,-0.003947680295515589,0.0054100519437350935,0.09286302647273459,0.0,9.216496805476337,True
0.55,128,1.0,-1,0.9999999999999989,PC_DELONG_VARGATE,DeLong + gate,0.04283276367187499,0.04283276367187499,0.0,0.0,0.0,0.0,0.0,True
0.55,128,1.0,-1,0.9999999999999989,PC_ORACLE,Oracle,0.028729998969350818,0.04283276367187499,-0.014102764702524173,0.014830100895523326,0.35,0.0,32.9251803842496,True
0.55,128,1.0,-1,0.9999999999999989,PC_PAIRED_HOEFFDING,CMDO,0.04070009774201879,0.04283276367187499,-0.002132665929856195,0.002075229178767467,0.045335610113343444,0.0,4.9790528255279405,True
0.55,128,1.0,-1,0.9999999999999989,PC_PLUGIN,Plug-in,0.029288880327533295,0.04283276367187499,-0.013543883344341694,0.014830100895523326,0.34256460278618767,0.0,31.62038165012203,True
0.55,128,1.0,-1,0.9999999999999989,PC_PLUGIN_VARGATE,Plug-in + gate,0.0424633239592209,0.04283276367187499,-0.0003694397126540838,0.013801048161148365,0.17674999999999996,0.0,0.8625166367601689,True
0.55,128,1.0,-1,0.9999999999999989,PC_USTAT_MCDIARMID,U-stat,0.041572741662326065,0.04283276367187499,-0.001260022009548928,0.0013596872878542331,0.026806602822202215,0.0,2.9417247488428666,True
0.55,128,1.0,1,0.9999999999999989,DIRECT_FULL,Direct,0.041074951171875,0.041074951171875,0.0,0.0,0.0,0.0,0.0,True
0.55,128,1.0,1,0.9999999999999989,PC_DELONG,DeLong,0.03816729503698005,0.041074951171875,-0.002907656134894951,0.00653413946282669,0.09661908631675638,0.0,7.078903448303775,True
0.55,128,1.0,1,0.9999999999999989,PC_DELONG_VARGATE,DeLong + gate,0.041074951171875,0.041074951171875,0.0,0.0,0.0,0.0,0.0,True
0.55,128,1.0,1,0.9999999999999989,PC_ORACLE,Oracle,0.03024428790036767,0.041074951171875,-0.01083066327150733,0.01564675128614825,0.35,0.0,26.368049048158927,True
0.55,128,1.0,1,0.9999999999999989,PC_PAIRED_HOEFFDING,CMDO,0.039430928968305266,0.041074951171875,-0.0016440222035697303,0.0027061557575073004,0.04610765335859066,0.0,4.002493385057104,True
0.55,128,1.0,1,0.9999999999999989,PC_PLUGIN,Plug-in,0.0303976963494755,0.041074951171875,-0.010677254822399502,0.01564675128614825,0.34459947134207364,0.0,25.994564857110458,True
0.55,128,1.0,1,0.9999999999999989,PC_PLUGIN_VARGATE,Plug-in + gate,0.042011764811448096,0.041074951171875,0.0009368136395730953,0.015300681950210837,0.18724999999999997,0.0,-2.280741943314979,False
0.55,128,1.0,1,0.9999999999999989,PC_USTAT_MCDIARMID,U-stat,0.0401132126943743,0.041074951171875,-0.000961738477500692,0.0015805409775495325,0.027214659688698975,0.0,2.34142330072743,True
0.55,128,1.5,-1,1.4999999999999987,DIRECT_FULL,Direct,0.039840576171875,0.039840576171875,0.0,0.0,0.0,0.0,0.0,True
0.55,128,1.5,-1,1.4999999999999987,PC_DELONG,DeLong,0.03780372464187754,0.039840576171875,-0.002036851529997464,0.006956567338710561,0.0916681790950466,0.0,5.112505203765993,True
0.55,128,1.5,-1,1.4999999999999987,PC_DELONG_VARGATE,DeLong + gate,0.039840576171875,0.039840576171875,0.0,0.0,0.0,0.0,0.0,True
0.55,128,1.5,-1,1.4999999999999987,PC_ORACLE,Oracle,0.031898978245111446,0.039840576171875,-0.007941597926763556,0.02038751604677961,0.35,0.0,19.933441455522516,True
0.55,128,1.5,-1,1.4999999999999987,PC_PAIRED_HOEFFDING,CMDO,0.03857783010029834,0.039840576171875,-0.0012627460715766597,0.0030450154811477656,0.04472022727624152,0.0,3.1694975146169813,True
0.55,128,1.5,-1,1.4999999999999987,PC_PLUGIN,Plug-in,0.032646690158861374,0.039840576171875,-0.007193886013013626,0.021016583156971018,0.34078931437385607,0.0,18.05668166539235,True
0.55,128,1.5,-1,1.4999999999999987,PC_PLUGIN_VARGATE,Plug-in + gate,0.04339044667417584,0.039840576171875,0.003549870502300836,0.019609928156154595,0.15749999999999997,0.0,-8.910188665410978,False
0.55,128,1.5,-1,1.4999999999999987,PC_USTAT_MCDIARMID,U-stat,0.03908523682893596,0.039840576171875,-0.0007553393429390465,0.001804059832178273,0.026638980722117518,0.0,1.8959046668413082,True
0.55,128,1.5,1,1.4999999999999987,DIRECT_FULL,Direct,0.03909033203125,0.03909033203125,0.0,0.0,0.0,0.0,0.0,True
0.55,128,1.5,1,1.4999999999999987,PC_DELONG,DeLong,0.036597921902315436,0.03909033203125,-0.0024924101289345675,0.007062425641256236,0.09648603224273622,0.0,6.376027010827268,True
0.55,128,1.5,1,1.4999999999999987,PC_DELONG_VARGATE,DeLong + gate,0.03909033203125,0.03909033203125,0.0,0.0,0.0,0.0,0.0,True
0.55,128,1.5,1,1.4999999999999987,PC_ORACLE,Oracle,0.03206137486932064,0.03909033203125,-0.00702895716192936,0.02002008440615472,0.35,0.0,17.981318645004595,True
0.55,128,1.5,1,1.4999999999999987,PC_PAIRED_HOEFFDING,CMDO,0.037575822669326,0.03909033203125,-0.001514509361923997,0.0031117375269048226,0.045377532993015335,0.0,3.8743834683042766,True
0.55,128,1.5,1,1.4999999999999987,PC_PLUGIN,Plug-in,0.0324732182989862,0.03909033203125,-0.006617113732263796,0.020349063898342137,0.34360109145356577,0.0,16.927750132625828,True
0.55,128,1.5,1,1.4999999999999987,PC_PLUGIN_VARGATE,Plug-in + gate,0.04194980441354751,0.03909033203125,0.002859472382297509,0.018217105890529637,0.16974999999999998,0.0,-7.315037334580721,False
0.55,128,1.5,1,1.4999999999999987,PC_USTAT_MCDIARMID,U-stat,0.03818964451063799,0.03909033203125,-0.0009006875206120066,0.0017976858404565143,0.02709954764154687,0.0,2.304118368429242,True
0.55,128,2.0,-1,2.0,DIRECT_FULL,Direct,0.038924804687499995,0.038924804687499995,0.0,0.0,0.0,0.0,0.0,True
0.55,128,2.0,-1,2.0,PC_DELONG,DeLong,0.037525061730925936,0.038924804687499995,-0.0013997429565740648,0.008236534396362495,0.08939629780201791,0.0,3.59601793204003,True
0.55,128,2.0,-1,2.0,PC_DELONG_VARGATE,DeLong + gate,0.038924804687499995,0.038924804687499995,0.0,0.0,0.0,0.0,0.0,True
0.55,128,2.0,-1,2.0,PC_ORACLE,Oracle,0.0337176624177248,0.038924804687499995,-0.005207142269775199,0.02353192249255595,0.35,0.0,13.377439685515935,True
0.55,128,2.0,-1,2.0,PC_PAIRED_HOEFFDING,CMDO,0.03773372774272306,0.038924804687499995,-0.0011910769447769434,0.0036482690018018057,0.044628823522993084,0.0,3.059943278686328,True
0.55,128,2.0,-1,2.0,PC_PLUGIN,Plug-in,0.03463281944126823,0.038924804687499995,-0.004291985246231765,0.02393899025656539,0.34009413640232095,0.0,11.026350114506956,True
0.55,128,2.0,-1,2.0,PC_PLUGIN_VARGATE,Plug-in + gate,0.042484484395617986,0.038924804687499995,0.0035596797081179875,0.020532654914430955,0.14175,0.0,-9.145016235010473,False
0.55,128,2.0,-1,2.0,PC_USTAT_MCDIARMID,U-stat,0.038176793510265705,0.038924804687499995,-0.000748011177234294,0.00206089364060511,0.026219422857110573,0.0,1.9216825446898178,True
0.55,128,2.0,1,2.0,DIRECT_FULL,Direct,0.04060498046874999,0.04060498046874999,0.0,0.0,0.0,0.0,0.0,True
0.55,128,2.0,1,2.0,PC_DELONG,DeLong,0.039816442534688766,0.04060498046874999,-0.0007885379340612267,0.008817869292207276,0.09262730472548948,0.0,1.9419734351752482,True
0.55,128,2.0,1,2.0,PC_DELONG_VARGATE,DeLong + gate,0.04060498046874999,0.04060498046874999,0.0,0.0,0.0,0.0,0.0,True
0.55,128,2.0,1,2.0,PC_ORACLE,Oracle,0.036101299535860824,0.04060498046874999,-0.00450368093288917,0.02357159534411846,0.35,0.0,11.091449573175494,True
0.55,128,2.0,1,2.0,PC_PAIRED_HOEFFDING,CMDO,0.03975416513715881,0.04060498046874999,-0.0008508153315911826,0.0037739493614956207,0.045078909781798314,0.0,2.095347225313826,True
0.55,128,2.0,1,2.0,PC_PLUGIN,Plug-in,0.03692492306356774,0.04060498046874999,-0.0036800574051822532,0.023764466437868406,0.33995490034972,0.0,9.063069019364411,True
0.55,128,2.0,1,2.0,PC_PLUGIN_VARGATE,Plug-in + gate,0.04480607499390661,0.04060498046874999,0.004201094525156618,0.02049847522693098,0.14875,0.0,-10.346254268955569,False
0.55,128,2.0,1,2.0,PC_USTAT_MCDIARMID,U-stat,0.04008433578264884,0.04060498046874999,-0.0005206446861011518,0.0020881524288975713,0.02645732278548663,0.0,1.2822187822546627,True
0.55,128,4.0,-1,4.0,DIRECT_FULL,Direct,0.044795654296875,0.044795654296875,0.0,0.0,0.0,0.0,0.0,True
0.55,128,4.0,-1,4.0,PC_DELONG,DeLong,0.0435094249747307,0.044795654296875,-0.0012862293221443024,0.009301141701480312,0.0753770272876511,0.0,2.8713261193151762,True
0.55,128,4.0,-1,4.0,PC_DELONG_VARGATE,DeLong + gate,0.044795654296875,0.044795654296875,0.0,0.0,0.0,0.0,0.0,True
0.55,128,4.0,-1,4.0,PC_ORACLE,Oracle,0.04044283162334633,0.044795654296875,-0.0043528226735286705,0.0323298910309906,0.3353282896500768,0.0,9.717064616762006,True
0.55,128,4.0,-1,4.0,PC_PAIRED_HOEFFDING,CMDO,0.043598825474141005,0.044795654296875,-0.001196828822733995,0.004512582585261237,0.039266458867675956,0.0,2.671752073989664,True
0.55,128,4.0,-1,4.0,PC_PLUGIN,Plug-in,0.042541102770513844,0.044795654296875,-0.0022545515263611583,0.03349381995510911,0.322340774734726,0.0,5.032969295234602,True
0.55,128,4.0,-1,4.0,PC_PLUGIN_VARGATE,Plug-in + gate,0.047370711695621896,0.044795654296875,0.0025750573987468927,0.021693282845734123,0.07525,0.0,-5.748453592576586,False
0.55,128,4.0,-1,4.0,PC_USTAT_MCDIARMID,U-stat,0.0441037195992755,0.044795654296875,-0.0006919346975995003,0.0025091759372308175,0.023501405021982277,0.0,1.5446469271635843,True
0.55,128,4.0,1,3.9999999999999956,DIRECT_FULL,Direct,0.041509765625,0.041509765625,0.0,0.0,0.0,0.0,0.0,True
0.55,128,4.0,1,3.9999999999999956,PC_DELONG,DeLong,0.04091905959109747,0.041509765625,-0.0005907060339025303,0.011409146899040837,0.08049027063921288,0.0,1.423053165944077,True
0.55,128,4.0,1,3.9999999999999956,PC_DELONG_VARGATE,DeLong + gate,0.041509765625,0.041509765625,0.0,0.0,0.0,0.0,0.0,True
0.55,128,4.0,1,3.9999999999999956,PC_ORACLE,Oracle,0.04180602829336665,0.041509765625,0.00029626266836665915,0.03218311813466377,0.33582634830493746,0.0,-0.7137179984177511,False
0.55,128,4.0,1,3.9999999999999956,PC_PAIRED_HOEFFDING,CMDO,0.040672111378823386,0.041509765625,-0.0008376542461766087,0.005145474192868721,0.041133461438274815,0.0,2.0179691057376714,True
0.55,128,4.0,1,3.9999999999999956,PC_PLUGIN,Plug-in,0.0430185501134908,0.041509765625,0.0015087844884908083,0.03268373339894588,0.32959060889579,0.0,-3.634769952982131,False
0.55,128,4.0,1,3.9999999999999956,PC_PLUGIN_VARGATE,Plug-in + gate,0.044527188126638764,0.041509765625,0.003017422501638766,0.02013383460354666,0.08925,0.0,-7.269187036366853,False
0.55,128,4.0,1,3.9999999999999956,PC_USTAT_MCDIARMID,U-stat,0.04090261260485419,0.041509765625,-0.0006071530201458069,0.002813424143645459,0.024122480943551194,0.0,1.4626751344029243,True
0.65,8,0.0,0,0.0,DIRECT_FULL,Direct,0.1564375,0.1564375,0.0,0.0,0.0,0.0,0.0,True
0.65,8,0.0,0,0.0,PC_DELONG,DeLong,0.15081970755297733,0.1564375,-0.005617792447022657,0.028217409862199783,0.14245126656411355,0.0,3.5910778726473414,True
0.65,8,0.0,0,0.0,PC_DELONG_VARGATE,DeLong + gate,0.15898478866090082,0.1564375,0.0025472886609008314,0.026249999999999996,0.019972886609008325,0.0,-1.6283107700524546,False
0.65,8,0.0,0,0.0,PC_ORACLE,Oracle,0.141834375,0.1564375,-0.014603125000000002,0.026249999999999996,0.22049999999999997,0.0,9.334798242109466,True
0.65,8,0.0,0,0.0,PC_PAIRED_HOEFFDING,CMDO,0.14993055555556112,0.1564375,-0.006506944444438876,0.014999999999988023,0.09522222222214262,0.0,4.1594531007200235,True
0.65,8,0.0,0,0.0,PC_PLUGIN,Plug-in,0.141834375,0.1564375,-0.014603125000000002,0.026249999999999996,0.22049999999999997,0.0,9.334798242109466,True
0.65,8,0.0,0,0.0,PC_PLUGIN_VARGATE,Plug-in + gate,0.1561125,0.1564375,-0.00032500000000000194,0.026249999999999996,0.055999999999999994,0.0,0.2077506991610245,True
0.65,8,0.0,0,0.0,PC_USTAT_MCDIARMID,U-stat,0.14993055555556112,0.1564375,-0.006506944444438876,0.014999999999988023,0.09522222222214262,0.0,4.1594531007200235,True
0.65,8,0.25,-1,0.2499999999999998,DIRECT_FULL,Direct,0.164375,0.164375,0.0,0.0,0.0,0.0,0.0,True
0.65,8,0.25,-1,0.2499999999999998,PC_DELONG,DeLong,0.1596242754108277,0.164375,-0.004750724589172307,0.02589171685791319,0.1416990536131778,0.0,2.8901746550097696,True
0.65,8,0.25,-1,0.2499999999999998,PC_DELONG_VARGATE,DeLong + gate,0.16545553814469816,0.164375,0.0010805381446981539,0.011690984929331235,0.018127384507874638,0.0,-0.6573616089418532,False
0.65,8,0.25,-1,0.2499999999999998,PC_ORACLE,Oracle,0.1569326398524669,0.164375,-0.007442360147533098,0.029525889253168125,0.21787499999999999,0.0,4.52767157264371,True
0.65,8,0.25,-1,0.2499999999999998,PC_PAIRED_HOEFFDING,CMDO,0.1611840055039241,0.164375,-0.0031909944960759095,0.010344839668065764,0.09583333333325347,0.0,1.9412894272705095,True
0.65,8,0.25,-1,0.2499999999999998,PC_PLUGIN,Plug-in,0.1569326398524669,0.164375,-0.007442360147533098,0.029525889253168125,0.21787499999999999,0.0,4.52767157264371,True
0.65,8,0.25,-1,0.2499999999999998,PC_PLUGIN_VARGATE,Plug-in + gate,0.16592537328142354,0.164375,0.001550373281423535,0.029525889253168125,0.0433125,0.0,-0.9431928708280024,False
0.65,8,0.25,-1,0.2499999999999998,PC_USTAT_MCDIARMID,U-stat,0.1611840055039241,0.164375,-0.0031909944960759095,0.010344839668065764,0.09583333333325347,0.0,1.9412894272705095,True
0.65,8,0.25,1,0.2499999999999998,DIRECT_FULL,Direct,0.159375,0.159375,0.0,0.0,0.0,0.0,0.0,True
0.65,8,0.25,1,0.2499999999999998,PC_DELONG,DeLong,0.15690777233859837,0.159375,-0.002467227661401631,0.044849110746831844,0.14734851482663788,0.0,1.5480644149970968,True
0.65,8,0.25,1,0.2499999999999998,PC_DELONG_VARGATE,DeLong + gate,0.16315948491777835,0.159375,0.003784484917778338,0.044849110746831844,0.020089433801736348,0.0,-2.374578771939362,False
0.65,8,0.25,1,0.2499999999999998,PC_ORACLE,Oracle,0.14663657487705575,0.159375,-0.012738425122944246,0.04539866612024779,0.22006249999999997,0.0,7.9927373320434425,True
0.65,8,0.25,1,0.2499999999999998,PC_PAIRED_HOEFFDING,CMDO,0.1530905117536105,0.159375,-0.006284488246389514,0.02580252530718996,0.09330555555547729,0.0,3.943208311460078,True
0.65,8,0.25,1,0.2499999999999998,PC_PLUGIN,Plug-in,0.14678741227667844,0.159375,-0.012587587723321582,0.04539866612024779,0.21885896131377403,0.0,7.898094257770383,True
0.65,8,0.25,1,0.2499999999999998,PC_PLUGIN_VARGATE,Plug-in + gate,0.15896919971725565,0.159375,-0.00040580028274433467,0.044849110746831844,0.044775943169946195,0.0,0.2546197852513532,True
0.65,8,0.25,1,0.2499999999999998,PC_USTAT_MCDIARMID,U-stat,0.1530905117536105,0.159375,-0.006284488246389514,0.02580252530718996,0.09330555555547729,0.0,3.943208311460078,True
0.65,8,0.5,-1,0.5,DIRECT_FULL,Direct,0.1751875,0.1751875,0.0,0.0,0.0,0.0,0.0,True
0.65,8,0.5,-1,0.5,PC_DELONG,DeLong,0.16986509289332863,0.1751875,-0.005322407106671384,0.020764526245716786,0.13517803917008916,0.0,3.0381203605687412,True
0.65,8,0.5,-1,0.5,PC_DELONG_VARGATE,DeLong + gate,0.17520802465069502,0.1751875,2.0524650695025458e-05,2.6557333124399563e-05,0.012483697120016166,0.0,-0.01171581916232789,False
0.65,8,0.5,-1,0.5,PC_ORACLE,Oracle,0.16805988809323097,0.1751875,-0.007127611906769036,0.043856229332497554,0.20299999999999996,0.0,4.068561916100766,True
0.65,8,0.5,-1,0.5,PC_PAIRED_HOEFFDING,CMDO,0.17244921633350987,0.1751875,-0.0027382836664901137,0.013923286958447205,0.09033333333325821,0.0,1.5630588178323968,True
0.65,8,0.5,-1,0.5,PC_PLUGIN,Plug-in,0.16805988809323097,0.1751875,-0.007127611906769036,0.043856229332497554,0.20299999999999996,0.0,4.068561916100766,True
0.65,8,0.5,-1,0.5,PC_PLUGIN_VARGATE,Plug-in + gate,0.17469095245330618,0.1751875,-0.0004965475466938282,0.001192012132559907,0.03149999999999999,0.0,0.2834377719265424,True
0.65,8,0.5,-1,0.5,PC_USTAT_MCDIARMID,U-stat,0.17244921633350987,0.1751875,-0.0027382836664901137,0.013923286958447205,0.09033333333325821,0.0,1.5630588178323968,True
0.65,8,0.5,1,0.5,DIRECT_FULL,Direct,0.16425,0.16425,0.0,0.0,0.0,0.0,0.0,True
0.65,8,0.5,1,0.5,PC_DELONG,DeLong,0.15678672932599796,0.16425,-0.007463270674002032,0.05255311466624879,0.14145292669872994,0.0,4.543848203349798,True
0.65,8,0.5,1,0.5,PC_DELONG_VARGATE,DeLong + gate,0.165713462933457,0.16425,0.0014634629334570209,0.05255311466624879,0.022546373148957202,0.0,-0.8909972197607363,False
0.65,8,0.5,1,0.5,PC_ORACLE,Oracle,0.14318244507999062,0.16425,-0.021067554920009397,0.05695467199937321,0.21831249999999996,0.0,12.826517455104646,True
0.65,8,0.5,1,0.5,PC_PAIRED_HOEFFDING,CMDO,0.15353121717758833,0.16425,-0.010718782822411671,0.030301384296084977,0.09474999999992086,0.0,6.525895173462204,True
0.65,8,0.5,1,0.5,PC_PLUGIN,Plug-in,0.1435120863245519,0.16425,-0.0207379136754481,0.05695467199937321,0.21606173398957554,0.0,12.625822633453954,True
0.65,8,0.5,1,0.5,PC_PLUGIN_VARGATE,Plug-in + gate,0.16289753203152257,0.16425,-0.0013524679684774122,0.05255311466624879,0.035619956612177095,0.0,0.8234203765463799,True
0.65,8,0.5,1,0.5,PC_USTAT_MCDIARMID,U-stat,0.15353121717758833,0.16425,-0.010718782822411671,0.030301384296084977,0.09474999999992086,0.0,6.525895173462204,True
0.65,8,0.75,-1,0.7500000000000002,DIRECT_FULL,Direct,0.1574375,0.1574375,0.0,0.0,0.0,0.0,0.0,True
0.65,8,0.75,-1,0.7500000000000002,PC_DELONG,DeLong,0.15088179228136978,0.1574375,-0.006555707718630228,0.01919075981252827,0.1391749957052956,0.0,4.164006490594829,True
0.65,8,0.75,-1,0.7500000000000002,PC_DELONG_VARGATE,DeLong + gate,0.15756056567211515,0.1574375,0.00012306567211515073,0.0018935253298755228,0.008795864110028187,0.0,-0.07816795370552132,False
0.65,8,0.75,-1,0.7500000000000002,PC_ORACLE,Oracle,0.14918921004448898,0.1574375,-0.008248289955511003,0.033804209578226274,0.21918749999999998,0.0,5.239088498935152,True
0.65,8,0.75,-1,0.7500000000000002,PC_PAIRED_HOEFFDING,CMDO,0.1545954681692021,0.1574375,-0.002842031830797891,0.013003725500040364,0.09691666666658598,0.0,1.8051809961399878,True
0.65,8,0.75,-1,0.7500000000000002,PC_PLUGIN,Plug-in,0.14918921004448898,0.1574375,-0.008248289955511003,0.033804209578226274,0.21918749999999998,0.0,5.239088498935152,True
0.65,8,0.75,-1,0.7500000000000002,PC_PLUGIN_VARGATE,Plug-in + gate,0.1573961176944214,0.1574375,-4.138230557859807e-05,0.011929209578226189,0.035875,0.0,0.02628491025238322,True
0.65,8,0.75,-1,0.7500000000000002,PC_USTAT_MCDIARMID,U-stat,0.1545954681692021,0.1574375,-0.002842031830797891,0.013003725500040364,0.09691666666658598,0.0,1.8051809961399878,True
0.65,8,0.75,1,0.7500000000000002,DIRECT_FULL,Direct,0.1745625,0.1745625,0.0,0.0,0.0,0.0,0.0,True
0.65,8,0.75,1,0.7500000000000002,PC_DELONG,DeLong,0.1765042627682848,0.1745625,0.0019417627682848148,0.058464604789113084,0.1379063382831128,0.0,-1.112359623793635,False
0.65,8,0.75,1,0.7500000000000002,PC_DELONG_VARGATE,DeLong + gate,0.1803055576434889,0.1745625,0.0057430576434888934,0.058464604789113084,0.022199045996388028,0.0,-3.289972155238896,False
0.65,8,0.75,1,0.7500000000000002,PC_ORACLE,Oracle,0.1676140665712914,0.1745625,-0.006948433428708599,0.06582190718366965,0.20256249999999998,0.0,3.9804845993318128,True
0.65,8,0.75,1,0.7500000000000002,PC_PAIRED_HOEFFDING,CMDO,0.16994808700020375,0.1745625,-0.0046144129997962606,0.033408345593752165,0.09141666666659082,0.0,2.6434159683759395,True
0.65,8,0.75,1,0.7500000000000002,PC_PLUGIN,Plug-in,0.16805225287818407,0.1745625,-0.006510247121815943,0.06582190718366965,0.2011707815062639,0.0,3.729464874652888,True
0.65,8,0.75,1,0.7500000000000002,PC_PLUGIN_VARGATE,Plug-in + gate,0.17706086283469347,0.1745625,0.002498362834693471,0.058464604789113084,0.038071778925004275,0.0,-1.431213940390097,False
0.65,8,0.75,1,0.7500000000000002,PC_USTAT_MCDIARMID,U-stat,0.16994808700020375,0.1745625,-0.0046144129997962606,0.033408345593752165,0.09141666666659082,0.0,2.6434159683759395,True
0.65,8,1.0,-1,1.0000000000000002,DIRECT_FULL,Direct,0.16893750000000002,0.16893750000000002,0.0,0.0,0.0,0.0,0.0,True
0.65,8,1.0,-1,1.0000000000000002,PC_DELONG,DeLong,0.16158458233230488,0.16893750000000002,-0.007352917667695138,0.023620641327680714,0.136550293164582,0.0,4.352448489941629,True
0.65,8,1.0,-1,1.0000000000000002,PC_DELONG_VARGATE,DeLong + gate,0.16881180328999115,0.16893750000000002,-0.00012569671000884963,0.0,0.009329950165041623,0.0,0.07440426785578769,True
0.65,8,1.0,-1,1.0000000000000002,PC_ORACLE,Oracle,0.16102357861385805,0.16893750000000002,-0.007913921386141935,0.04377144298732749,0.20606249999999998,0.0,4.68452616271815,True
0.65,8,1.0,-1,1.0000000000000002,PC_PAIRED_HOEFFDING,CMDO,0.16612060343690377,0.16893750000000002,-0.002816896563096219,0.01806644723164319,0.09186111111103473,0.0,1.6674193492245637,True
0.65,8,1.0,-1,1.0000000000000002,PC_PLUGIN,Plug-in,0.16102357861385805,0.16893750000000002,-0.007913921386141935,0.04377144298732749,0.20606249999999998,0.0,4.68452616271815,True
0.65,8,1.0,-1,1.0000000000000002,PC_PLUGIN_VARGATE,Plug-in + gate,0.16926238884335398,0.16893750000000002,0.000324888843353987,0.010927850655702648,0.024937499999999998,0.0,-0.19231304083104916,False
0.65,8,1.0,-1,1.0000000000000002,PC_USTAT_MCDIARMID,U-stat,0.16612060343690377,0.16893750000000002,-0.002816896563096219,0.01806644723164319,0.09186111111103473,0.0,1.6674193492245637,True
0.65,8,1.0,1,1.0000000000000002,DIRECT_FULL,Direct,0.1585,0.1585,0.0,0.0,0.0,0.0,0.0,True
0.65,8,1.0,1,1.0000000000000002,PC_DELONG,DeLong,0.15662065501684708,0.1585,-0.0018793449831529258,0.0634482214936638,0.1388213388329759,0.0,1.1857066139766115,True
0.65,8,1.0,1,1.0000000000000002,PC_DELONG_VARGATE,DeLong + gate,0.16312556948487647,0.1585,0.0046255694848764605,0.0634482214936638,0.017851097587297738,0.0,-2.918340369007244,False
0.65,8,1.0,1,1.0000000000000002,PC_ORACLE,Oracle,0.14665816804373136,0.1585,-0.01184183195626866,0.07329733224049562,0.23143749999999996,0.0,7.471187354112708,True
0.65,8,1.0,1,1.0000000000000002,PC_PAIRED_HOEFFDING,CMDO,0.14934848002058967,0.1585,-0.009151519979410338,0.03641246165899824,0.09980555555547209,0.0,5.773829640006511,True
0.65,8,1.0,1,1.0000000000000002,PC_PLUGIN,Plug-in,0.1472015520540175,0.1585,-0.011298447945982506,0.07329733224049562,0.22934450322172725,0.0,7.128358325541006,True
0.65,8,1.0,1,1.0000000000000002,PC_PLUGIN_VARGATE,Plug-in + gate,0.16290415372861972,0.1585,0.004404153728619717,0.0634482214936638,0.03312688254245454,0.0,-2.77864588556449,False
0.65,8,1.0,1,1.0000000000000002,PC_USTAT_MCDIARMID,U-stat,0.14934848002058967,0.1585,-0.009151519979410338,0.03641246165899824,0.09980555555547209,0.0,5.773829640006511,True
0.65,8,1.5,-1,1.4999999999999996,DIRECT_FULL,Direct,0.1645625,0.1645625,0.0,0.0,0.0,0.0,0.0,True
0.65,8,1.5,-1,1.4999999999999996,PC_DELONG,DeLong,0.1634409102503533,0.1645625,-0.0011215897496467285,0.041183330999252976,0.1373283614905804,0.0,0.6815585261810586,True
0.65,8,1.5,-1,1.4999999999999996,PC_DELONG_VARGATE,DeLong + gate,0.16583405106190874,0.1645625,0.0012715510619087276,0.008816930201177327,0.00825625742449114,0.0,-0.7726857953110455,False
0.65,8,1.5,-1,1.4999999999999996,PC_ORACLE,Oracle,0.16871283159444353,0.1645625,0.004150331594443514,0.08236666199850606,0.23099999999999998,0.0,-2.522039707979351,False
0.65,8,1.5,-1,1.4999999999999996,PC_PAIRED_HOEFFDING,CMDO,0.1648925551420899,0.1645625,0.000330055142089882,0.031051849777087193,0.10277777777769231,0.0,-0.20056522117122277,False
0.65,8,1.5,-1,1.4999999999999996,PC_PLUGIN,Plug-in,0.16871283159444353,0.1645625,0.004150331594443514,0.08236666199850606,0.23099999999999998,0.0,-2.522039707979351,False
0.65,8,1.5,-1,1.4999999999999996,PC_PLUGIN_VARGATE,Plug-in + gate,0.16768362475492157,0.1645625,0.003121124754921566,0.02944520477386071,0.020124999999999997,0.0,-1.8966196763670728,False
0.65,8,1.5,-1,1.4999999999999996,PC_USTAT_MCDIARMID,U-stat,0.1648925551420899,0.1645625,0.000330055142089882,0.031051849777087193,0.10277777777769231,0.0,-0.20056522117122277,False
0.65,8,1.5,1,1.4999999999999996,DIRECT_FULL,Direct,0.170625,0.170625,0.0,0.0,0.0,0.0,0.0,True
0.65,8,1.5,1,1.4999999999999996,PC_DELONG,DeLong,0.1746525367708907,0.170625,0.004027536770890699,0.07180833099925299,0.13268067270904116,0.0,-2.3604611111447404,False
0.65,8,1.5,1,1.4999999999999996,PC_DELONG_VARGATE,DeLong + gate,0.17430015498013987,0.170625,0.0036751549801398585,0.07180833099925299,0.015071374518799623,0.0,-2.153936984697369,False
0.65,8,1.5,1,1.4999999999999996,PC_ORACLE,Oracle,0.1699061655696489,0.170625,-0.0007188344303510974,0.0858374964988795,0.20912499999999998,0.0,0.42129490423507,True
0.65,8,1.5,1,1.4999999999999996,PC_PAIRED_HOEFFDING,CMDO,0.16579794428217048,0.170625,-0.004827055717829522,0.0410333319995404,0.09127777777770162,0.0,2.829043644149165,True
0.65,8,1.5,1,1.4999999999999996,PC_PLUGIN,Plug-in,0.17089461100547368,0.170625,0.00026961100547367447,0.0858374964988795,0.20572557129041594,0.0,-0.15801377610178413,False
0.65,8,1.5,1,1.4999999999999996,PC_PLUGIN_VARGATE,Plug-in + gate,0.17218842545940494,0.170625,0.0015634254594049297,0.07180833099925299,0.032806596255271644,0.0,-0.9162933095413495,False
0.65,8,1.5,1,1.4999999999999996,PC_USTAT_MCDIARMID,U-stat,0.16579794428217048,0.170625,-0.004827055717829522,0.0410333319995404,0.09127777777770162,0.0,2.829043644149165,True
0.65,8,2.0,-1,2.0,DIRECT_FULL,Direct,0.16643750000000002,0.16643750000000002,0.0,0.0,0.0,0.0,0.0,True
0.65,8,2.0,-1,2.0,PC_DELONG,DeLong,0.16375045370657496,0.16643750000000002,-0.0026870462934250527,0.04129640301300086,0.127366700741191,0.0,1.614447641562189,True
0.65,8,2.0,-1,2.0,PC_DELONG_VARGATE,DeLong + gate,0.16896524598425983,0.16643750000000002,0.0025277459842598356,0.013837020399561065,0.012827160402767785,0.0,-1.5187358523528705,False
0.65,8,2.0,-1,2.0,PC_ORACLE,Oracle,0.16940011342619865,0.16643750000000002,0.002962613426198664,0.09646245866499525,0.20912499999999998,0.0,-1.780015577137739,False
0.65,8,2.0,-1,2.0,PC_PAIRED_HOEFFDING,CMDO,0.1659653105133177,0.16643750000000002,-0.00047218948668228874,0.037316648295521615,0.09116666666659057,0.0,0.2837037847133739,True
0.65,8,2.0,-1,2.0,PC_PLUGIN,Plug-in,0.16940011342619865,0.16643750000000002,0.002962613426198664,0.09646245866499525,0.20912499999999998,0.0,-1.780015577137739,False
0.65,8,2.0,-1,2.0,PC_PLUGIN_VARGATE,Plug-in + gate,0.17188135570651833,0.16643750000000002,0.005443855706518328,0.04823122933249768,0.031937499999999994,0.0,-3.270810788745515,False
0.65,8,2.0,-1,2.0,PC_USTAT_MCDIARMID,U-stat,0.1659653105133177,0.16643750000000002,-0.00047218948668228874,0.037316648295521615,0.09116666666659057,0.0,0.2837037847133739,True
0.65,8,2.0,1,2.0,DIRECT_FULL,Direct,0.16412500000000002,0.16412500000000002,0.0,0.0,0.0,0.0,0.0,True
0.65,8,2.0,1,2.0,PC_DELONG,DeLong,0.16229698843045895,0.16412500000000002,-0.001828011569541054,0.0788562293324977,0.13780096511097237,0.0,1.1137922739016481,True
0.65,8,2.0,1,2.0,PC_DELONG_VARGATE,DeLong + gate,0.1707490132630413,0.16412500000000002,0.0066240132630413,0.0788562293324977,0.02328818946806431,0.0,-4.035956291266585,False
0.65,8,2.0,1,2.0,PC_ORACLE,Oracle,0.15478481587950485,0.16412500000000002,-0.009340184120495148,0.09208745866499535,0.22443749999999998,0.0,5.6908966461509,True
0.65,8,2.0,1,2.0,PC_PAIRED_HOEFFDING,CMDO,0.1516238427572743,0.16412500000000002,-0.01250115724272569,0.04506070247567684,0.09780555555547393,0.0,7.616851328393426,True
0.65,8,2.0,1,2.0,PC_PLUGIN,Plug-in,0.15586937271231605,0.16412500000000002,-0.008255627287683946,0.09208745866499535,0.22193817765629414,0.0,5.030085171475385,True
0.65,8,2.0,1,2.0,PC_PLUGIN_VARGATE,Plug-in + gate,0.16823637954913284,0.16412500000000002,0.004111379549132853,0.0788562293324977,0.041666757020839225,0.0,-2.5050294282606744,False
0.65,8,2.0,1,2.0,PC_USTAT_MCDIARMID,U-stat,0.1516238427572743,0.16412500000000002,-0.01250115724272569,0.04506070247567684,0.09780555555547393,0.0,7.616851328393426,True
0.65,8,4.0,-1,4.000000000000001,DIRECT_FULL,Direct,0.16925,0.16925,0.0,0.0,0.0,0.0,0.0,True
0.65,8,4.0,-1,4.000000000000001,PC_DELONG,DeLong,0.17723561671751464,0.16925,0.007985616717514655,0.05668572709979869,0.13009408354030885,0.0,-4.7182373515596066,False
0.65,8,4.0,-1,4.000000000000001,PC_DELONG_VARGATE,DeLong + gate,0.17180406225019187,0.16925,0.002554062250191871,0.020268641847656838,0.0102417043895823,0.0,-1.509047119758855,False
0.65,8,4.0,-1,4.000000000000001,PC_ORACLE,Oracle,0.18652998391809067,0.16925,0.01727998391809066,0.14004288597465497,0.22443749999999998,0.0,-10.209739390304673,False
0.65,8,4.0,-1,4.000000000000001,PC_PAIRED_HOEFFDING,CMDO,0.1767847043031333,0.16925,0.007534704303133317,0.05668572709979869,0.1022499999999153,0.0,-4.451819381467237,False
0.65,8,4.0,-1,4.000000000000001,PC_PLUGIN,Plug-in,0.18850136159790554,0.16925,0.019251361597905536,0.14004288597465497,0.21903170840428118,0.0,-11.374512022396166,False
0.65,8,4.0,-1,4.000000000000001,PC_PLUGIN_VARGATE,Plug-in + gate,0.17619866964143094,0.16925,0.0069486696414309155,0.04814644298732751,0.024813359314730513,0.0,-4.105565519309273,False
0.65,8,4.0,-1,4.000000000000001,PC_USTAT_MCDIARMID,U-stat,0.1767847043031333,0.16925,0.007534704303133317,0.05668572709979869,0.1022499999999153,0.0,-4.451819381467237,False
0.65,8,4.0,1,2.7112391930835726,DIRECT_FULL,Direct,0.175,0.175,0.0,0.0,0.0,0.0,0.0,True
0.65,8,4.0,1,2.7112391930835726,PC_DELONG,DeLong,0.1814739583333373,0.175,0.006473958333337285,0.08749999999999991,0.12543055555550112,0.0,-3.6994047619070214,False
0.65,8,4.0,1,2.7112391930835726,PC_DELONG_VARGATE,DeLong + gate,0.17949652777777816,0.175,0.004496527777778186,0.08749999999999991,0.01667361111110992,0.0,-2.5694444444446685,False
0.65,8,4.0,1,2.7112391930835726,PC_ORACLE,Oracle,0.18018749999999997,0.175,0.005187499999999986,0.109375,0.21174999999999997,0.0,-2.964285714285708,False
0.65,8,4.0,1,2.7112391930835726,PC_PAIRED_HOEFFDING,CMDO,0.17030555555555274,0.175,-0.004694444444447258,0.049999999999959965,0.09033333333325766,0.0,2.682539682541285,True
0.65,8,4.0,1,2.7112391930835726,PC_PLUGIN,Plug-in,0.1819270833333406,0.175,0.006927083333340608,0.109375,0.20733333333331674,0.0,-3.9583333333374826,False
0.65,8,4.0,1,2.7112391930835726,PC_PLUGIN_VARGATE,Plug-in + gate,0.18018229166666752,0.175,0.005182291666667541,0.08750000000000002,0.037791666666663705,0.0,-2.9613095238100184,False
0.65,8,4.0,1,2.7112391930835726,PC_USTAT_MCDIARMID,U-stat,0.17030555555555274,0.175,-0.004694444444447258,0.049999999999959965,0.09033333333325766,0.0,2.682539682541285,True
0.65,16,0.0,0,0.0,DIRECT_FULL,Direct,0.10948437500000001,0.10948437500000001,0.0,0.0,0.0,0.0,0.0,True
0.65,16,0.0,0,0.0,PC_DELONG,DeLong,0.10075164344756868,0.10948437500000001,-0.008732731552431327,0.011299960220854005,0.11506118321044628,0.0,7.97623546961046,True
0.65,16,0.0,0,0.0,PC_DELONG_VARGATE,DeLong + gate,0.10948437500000001,0.10948437500000001,0.0,0.0,0.0,0.0,0.0,True
0.65,16,0.0,0,0.0,PC_ORACLE,Oracle,0.07751171875000001,0.10948437500000001,-0.031972656249999995,-0.002187500000000009,0.33118749999999997,0.0,29.202939917225624,True
0.65,16,0.0,0,0.0,PC_PAIRED_HOEFFDING,CMDO,0.1047321930193539,0.10948437500000001,-0.004752181980646105,0.0025280104729337376,0.05485112613702521,0.0,4.340511585005724,True
0.65,16,0.0,0,0.0,PC_PLUGIN,Plug-in,0.07789048653348808,0.10948437500000001,-0.03159388846651192,-0.002187500000000009,0.32740064144747805,0.0,28.856983899768274,True
0.65,16,0.0,0,0.0,PC_PLUGIN_VARGATE,Plug-in + gate,0.10330423679485849,0.10948437500000001,-0.006180138205141514,0.0,0.10713770726238572,0.0,5.644767305966281,True
0.65,16,0.0,0,0.0,PC_USTAT_MCDIARMID,U-stat,0.10571875160493129,0.10948437500000001,-0.003765623395068713,0.002858301651706406,0.04483191551236616,0.0,3.4394162592321753,True
0.65,16,0.25,-1,0.2499999999999998,DIRECT_FULL,Direct,0.10532812500000001,0.10532812500000001,0.0,0.0,0.0,0.0,0.0,True
0.65,16,0.25,-1,0.2499999999999998,PC_DELONG,DeLong,0.09681316636465961,0.10532812500000001,-0.008514958635340391,0.004397566636157483,0.10577590514500963,0.0,8.084221223287125,True
0.65,16,0.25,-1,0.2499999999999998,PC_DELONG_VARGATE,DeLong + gate,0.10532812500000001,0.10532812500000001,0.0,0.0,0.0,0.0,0.0,True
0.65,16,0.25,-1,0.2499999999999998,PC_ORACLE,Oracle,0.07445706941481586,0.10532812500000001,-0.03087105558518413,0.015220095875633999,0.33425,0.0,29.309413402340677,True
0.65,16,0.25,-1,0.2499999999999998,PC_PAIRED_HOEFFDING,CMDO,0.10105521283768873,0.10532812500000001,-0.004272912162311278,0.0021835919624274,0.05464886009289857,0.0,4.056762770923039,True
0.65,16,0.25,-1,0.2499999999999998,PC_PLUGIN,Plug-in,0.07454823971888001,0.10532812500000001,-0.030779885281119985,0.015220095875633999,0.3327128956620416,0.0,29.22285503622133,True
0.65,16,0.25,-1,0.2499999999999998,PC_PLUGIN_VARGATE,Plug-in + gate,0.1032424065127398,0.10532812500000001,-0.002085718487260193,0.011313845875633888,0.09869478637467094,0.0,1.9802104017898392,True
0.65,16,0.25,-1,0.2499999999999998,PC_USTAT_MCDIARMID,U-stat,0.10182754079968573,0.10532812500000001,-0.003500584200314264,0.0013975161669927724,0.04515534442047191,0.0,3.323503765318403,True
0.65,16,0.25,1,0.2499999999999998,DIRECT_FULL,Direct,0.108296875,0.108296875,0.0,0.0,0.0,0.0,0.0,True
0.65,16,0.25,1,0.2499999999999998,PC_DELONG,DeLong,0.10223053008773463,0.108296875,-0.006066344912265378,0.028798518793952746,0.12338970015765476,0.0,5.6015881457940235,True
0.65,16,0.25,1,0.2499999999999998,PC_DELONG_VARGATE,DeLong + gate,0.10855354426424717,0.108296875,0.00025666926424716517,0.0,0.002049362067386352,0.0,-0.23700523606722257,False
0.65,16,0.25,1,0.2499999999999998,PC_ORACLE,Oracle,0.07918961089681145,0.108296875,-0.029107264103188545,0.023345095875633937,0.32943749999999994,0.0,26.877289029058826,True
0.65,16,0.25,1,0.2499999999999998,PC_PAIRED_HOEFFDING,CMDO,0.10343812047481911,0.108296875,-0.004858754525180881,0.007923898362735774,0.05545383564234031,0.0,4.48651406163002,True
0.65,16,0.25,1,0.2499999999999998,PC_PLUGIN,Plug-in,0.07897203516439914,0.108296875,-0.029324839835600858,0.02346343842718847,0.32358031406003257,0.0,27.0781957795189,True
0.65,16,0.25,1,0.2499999999999998,PC_PLUGIN_VARGATE,Plug-in + gate,0.10402431331022644,0.108296875,-0.004272561689773565,0.023345095875633826,0.11514725498359768,0.0,3.945230820163159,True
0.65,16,0.25,1,0.2499999999999998,PC_USTAT_MCDIARMID,U-stat,0.10449548766521105,0.108296875,-0.003801387334788948,0.006110490275192931,0.04382000233761857,0.0,3.5101542263236585,True
0.65,16,0.5,-1,0.5000000000000001,DIRECT_FULL,Direct,0.105578125,0.105578125,0.0,0.0,0.0,0.0,0.0,True
0.65,16,0.5,-1,0.5000000000000001,PC_DELONG,DeLong,0.09919138340567431,0.105578125,-0.006386741594325691,0.008100427508510418,0.10063507069603135,0.0,6.049303863206212,True
0.65,16,0.5,-1,0.5000000000000001,PC_DELONG_VARGATE,DeLong + gate,0.10559911043431935,0.105578125,2.0985434319353292e-05,0.0,0.0002705367312025715,0.0,-0.01987668782652552,False
0.65,16,0.5,-1,0.5000000000000001,PC_ORACLE,Oracle,0.07908749780035429,0.105578125,-0.026490627199645705,0.03282729336991275,0.324625,0.0,25.09101880682737,True
0.65,16,0.5,-1,0.5000000000000001,PC_PAIRED_HOEFFDING,CMDO,0.10221751770986469,0.105578125,-0.0033606072901353036,0.004500133591373023,0.053619197568046346,0.0,3.183052635321293,True
0.65,16,0.5,-1,0.5000000000000001,PC_PLUGIN,Plug-in,0.08059569240045505,0.105578125,-0.024982432599544944,0.03282729336991275,0.31858927429147,0.0,23.66250830798988,True
0.65,16,0.5,-1,0.5000000000000001,PC_PLUGIN_VARGATE,Plug-in + gate,0.1050819629557058,0.105578125,-0.0004961620442941952,0.021889793369912813,0.08445117443660219,0.0,0.46994777023573464,True
0.65,16,0.5,-1,0.5000000000000001,PC_USTAT_MCDIARMID,U-stat,0.1027595382817234,0.105578125,-0.0028185867182765924,0.0032186403823924775,0.043590108036603945,0.0,2.6696692314592485,True
0.65,16,0.5,1,0.5000000000000001,DIRECT_FULL,Direct,0.11209374999999999,0.11209374999999999,0.0,0.0,0.0,0.0,0.0,True
0.65,16,0.5,1,0.5000000000000001,PC_DELONG,DeLong,0.1094468712353466,0.11209374999999999,-0.002646878764653399,0.0334389495015785,0.12726424011007573,0.0,2.361308069944479,True
0.65,16,0.5,1,0.5000000000000001,PC_DELONG_VARGATE,DeLong + gate,0.1125725215931324,0.11209374999999999,0.0004787715931323955,0.0,0.0016855619107470888,0.0,-0.42711711681731046,False
0.65,16,0.5,1,0.5000000000000001,PC_ORACLE,Oracle,0.08968498422608012,0.11209374999999999,-0.022408765773919873,0.033643907527434624,0.32943749999999994,0.0,19.99109296809133,True
0.65,16,0.5,1,0.5000000000000001,PC_PAIRED_HOEFFDING,CMDO,0.10759354256329806,0.11209374999999999,-0.004500207436701943,0.00928177879231233,0.05674153203494821,0.0,4.014681850417112,True
0.65,16,0.5,1,0.5000000000000001,PC_PLUGIN,Plug-in,0.08994211283365977,0.11209374999999999,-0.022151637166340214,0.033643907527434624,0.3246533608474851,0.0,19.761705863476088,True
0.65,16,0.5,1,0.5000000000000001,PC_PLUGIN_VARGATE,Plug-in + gate,0.11414442501057649,0.11209374999999999,0.0020506750105765055,0.0287530354733591,0.0834983429921649,0.0,-1.829428501211261,False
0.65,16,0.5,1,0.5000000000000001,PC_USTAT_MCDIARMID,U-stat,0.1085191285076559,0.11209374999999999,-0.003574621492344102,0.006657636814254852,0.042936383999522876,0.0,3.188957004600257,True
0.65,16,0.75,-1,0.7500000000000006,DIRECT_FULL,Direct,0.12840625,0.12840625,0.0,0.0,0.0,0.0,0.0,True
0.65,16,0.75,-1,0.7500000000000006,PC_DELONG,DeLong,0.12168207667271,0.12840625,-0.006724173327289998,0.010340688428535865,0.09638243814664178,0.0,5.23664021594743,True
0.65,16,0.75,-1,0.7500000000000006,PC_DELONG_VARGATE,DeLong + gate,0.12839430605308425,0.12840625,-1.1943946915746185e-05,0.0,0.0004007863614594972,0.0,0.009301686573481849,True
0.65,16,0.75,-1,0.7500000000000006,PC_ORACLE,Oracle,0.1005494190404348,0.12840625,-0.027856830959565197,0.035473753305721445,0.3234192126379272,0.0,21.69429522283004,True
0.65,16,0.75,-1,0.7500000000000006,PC_PAIRED_HOEFFDING,CMDO,0.12503900696028836,0.12840625,-0.0033672430397116504,0.006395285736939063,0.053006186271326285,0.0,2.622335781717511,True
0.65,16,0.75,-1,0.7500000000000006,PC_PLUGIN,Plug-in,0.10219825815057719,0.12840625,-0.02620799184942281,0.035473753305721445,0.31539148526737926,0.0,20.410215117584084,True
0.65,16,0.75,-1,0.7500000000000006,PC_PLUGIN_VARGATE,Plug-in + gate,0.12879787309553628,0.12840625,0.00039162309553629563,0.02453625330572151,0.07939222969157515,0.0,-0.30498756527528315,False
0.65,16,0.75,-1,0.7500000000000006,PC_USTAT_MCDIARMID,U-stat,0.12533031261829686,0.12840625,-0.003075937381703161,0.003952088863256419,0.04297007950460038,0.0,2.3954732590533157,True
0.65,16,0.75,1,0.7500000000000006,DIRECT_FULL,Direct,0.1128125,0.1128125,0.0,0.0,0.0,0.0,0.0,True
0.65,16,0.75,1,0.7500000000000006,PC_DELONG,DeLong,0.11055030477278359,0.1128125,-0.0022621952272164126,0.03814436928958236,0.12324506993202754,0.0,2.0052700075048446,True
0.65,16,0.75,1,0.7500000000000006,PC_DELONG_VARGATE,DeLong + gate,0.1140156705323242,0.1128125,0.001203170532324201,0.0,0.00430850075509906,0.0,-1.0665223555228476,False
0.65,16,0.75,1,0.7500000000000006,PC_ORACLE,Oracle,0.09069282466121809,0.1128125,-0.022119675338781914,0.04203625330572158,0.32193716538505446,0.0,19.607468444349617,True
0.65,16,0.75,1,0.7500000000000006,PC_PAIRED_HOEFFDING,CMDO,0.10833277354023058,0.1128125,-0.004479726459769438,0.011122554174305854,0.0556935145843221,0.0,3.970948662399487,True
0.65,16,0.75,1,0.7500000000000006,PC_PLUGIN,Plug-in,0.09126902552824434,0.1128125,-0.021543474471755662,0.04203625330572158,0.3156172385540971,0.0,19.09670867302441,True
0.65,16,0.75,1,0.7500000000000006,PC_PLUGIN_VARGATE,Plug-in + gate,0.11658552756372814,0.1128125,0.003773027563728144,0.04203625330572158,0.09227009781912836,0.0,-3.344511967847663,False
0.65,16,0.75,1,0.7500000000000006,PC_USTAT_MCDIARMID,U-stat,0.10869695615809892,0.1128125,-0.004115543841901073,0.008074148930506139,0.0441487940122702,0.0,3.6481275052862694,True
0.65,16,1.0,-1,1.0000000000000009,DIRECT_FULL,Direct,0.11339062500000001,0.11339062500000001,0.0,0.0,0.0,0.0,0.0,True
0.65,16,1.0,-1,1.0000000000000009,PC_DELONG,DeLong,0.10874757534033401,0.11339062500000001,-0.004643049659665995,0.014193469991044882,0.09781173761104077,0.0,4.094738572669476,True
0.65,16,1.0,-1,1.0000000000000009,PC_DELONG_VARGATE,DeLong + gate,0.11339062500000001,0.11339062500000001,0.0,0.0,0.0,0.0,0.0,True
0.65,16,1.0,-1,1.0000000000000009,PC_ORACLE,Oracle,0.0924683943510397,0.11339062500000001,-0.020922230648960306,0.042315191751267855,0.3255650948649643,0.0,18.45146426255283,True
0.65,16,1.0,-1,1.0000000000000009,PC_PAIRED_HOEFFDING,CMDO,0.11092582305266997,0.11339062500000001,-0.0024648019473300286,0.0083764869352615,0.055976896680774324,0.0,2.1737263969839105,True
0.65,16,1.0,-1,1.0000000000000009,PC_PLUGIN,Plug-in,0.09411845977588562,0.11339062500000001,-0.019272165224114374,0.042315191751267855,0.32114818564846864,0.0,16.996259809057747,True
0.65,16,1.0,-1,1.0000000000000009,PC_PLUGIN_VARGATE,Plug-in + gate,0.11510261054544894,0.11339062500000001,0.0017119855454489452,0.025908941751267796,0.07006694210442112,0.0,-1.5098122489834997,False
0.65,16,1.0,-1,1.0000000000000009,PC_USTAT_MCDIARMID,U-stat,0.11096273413198039,0.11339062500000001,-0.002427890868019604,0.006153477449739341,0.04557951887123975,0.0,2.1411742531797673,True
0.65,16,1.0,1,1.0000000000000009,DIRECT_FULL,Direct,0.124765625,0.124765625,0.0,0.0,0.0,0.0,0.0,True
0.65,16,1.0,1,1.0000000000000009,PC_DELONG,DeLong,0.12495907186046805,0.124765625,0.00019344686046805865,0.0421401054136152,0.12622489542564097,0.0,-0.15504820375646933,False
0.65,16,1.0,1,1.0000000000000009,PC_DELONG_VARGATE,DeLong + gate,0.12597473857121946,0.124765625,0.0012091135712194645,0.0,0.004399153170225691,0.0,-0.9691079343524756,False
0.65,16,1.0,1,1.0000000000000009,PC_ORACLE,Oracle,0.10293933721081377,0.124765625,-0.02182628778918623,0.04887769175126788,0.32000937867009305,0.0,17.493831164782947,True
0.65,16,1.0,1,1.0000000000000009,PC_PAIRED_HOEFFDING,CMDO,0.12101431602821774,0.124765625,-0.003751308971782243,0.011632903093294027,0.05249205697037971,0.0,3.006684711259422,True
0.65,16,1.0,1,1.0000000000000009,PC_PLUGIN,Plug-in,0.10455290599420945,0.124765625,-0.02021271900579055,0.04887769175126788,0.3122778212575452,0.0,16.200551238204074,True
0.65,16,1.0,1,1.0000000000000009,PC_PLUGIN_VARGATE,Plug-in + gate,0.1287766536808898,0.124765625,0.0040110286808898036,0.043481564354376986,0.08645517357728054,0.0,-3.2148507899429912,False
0.65,16,1.0,1,1.0000000000000009,PC_USTAT_MCDIARMID,U-stat,0.12124515473932677,0.124765625,-0.0035204702606732286,0.008928408874951149,0.04224284454913694,0.0,2.8216668338520545,True
0.65,16,1.5,-1,1.5000000000000007,DIRECT_FULL,Direct,0.110890625,0.110890625,0.0,0.0,0.0,0.0,0.0,True
0.65,16,1.5,-1,1.5000000000000007,PC_DELONG,DeLong,0.10657064605717657,0.110890625,-0.004319978942823424,0.016288398199355732,0.09095576790219363,0.0,3.8957116012498183,True
0.65,16,1.5,-1,1.5000000000000007,PC_DELONG_VARGATE,DeLong + gate,0.11086500703648428,0.110890625,-2.561796351572998e-05,0.0,0.000197339042476013,0.0,0.023102010215680924,True
0.65,16,1.5,-1,1.5000000000000007,PC_ORACLE,Oracle,0.0953756669860066,0.110890625,-0.015514958013993402,0.053791831703993376,0.3219041271026488,0.0,13.991226051790594,True
0.65,16,1.5,-1,1.5000000000000007,PC_PAIRED_HOEFFDING,CMDO,0.10826727815995532,0.110890625,-0.00262334684004467,0.010221061718874406,0.053644120453695675,0.0,2.365706605084683,True
0.65,16,1.5,-1,1.5000000000000007,PC_PLUGIN,Plug-in,0.09666261278279845,0.110890625,-0.014228012217201557,0.053791831703993376,0.3203477159257715,0.0,12.830671859953501,True
0.65,16,1.5,-1,1.5000000000000007,PC_PLUGIN_VARGATE,Plug-in + gate,0.11531193633053757,0.110890625,0.004421311330537577,0.037659019203993324,0.07479323545414301,0.0,-3.987092083336674,False
0.65,16,1.5,-1,1.5000000000000007,PC_USTAT_MCDIARMID,U-stat,0.10831806689412005,0.110890625,-0.002572558105879954,0.007553600862453738,0.0444125183166305,0.0,2.319905858479887,True
0.65,16,1.5,1,1.5000000000000007,DIRECT_FULL,Direct,0.11154687499999999,0.11154687499999999,0.0,0.0,0.0,0.0,0.0,True
0.65,16,1.5,1,1.5000000000000007,PC_DELONG,DeLong,0.11513255302346646,0.11154687499999999,0.003585678023466464,0.05109299793178395,0.1261846979561597,0.0,-3.2145033408299994,False
0.65,16,1.5,1,1.5000000000000007,PC_DELONG_VARGATE,DeLong + gate,0.11199129385788495,0.11154687499999999,0.00044441885788495174,0.0,0.002977717256176004,0.0,-0.39841444046277985,False
0.65,16,1.5,1,1.5000000000000007,PC_ORACLE,Oracle,0.09759342237602187,0.11154687499999999,-0.013953452623978123,0.06035433170399329,0.3169537860569176,0.0,12.50904843724051,True
0.65,16,1.5,1,1.5000000000000007,PC_PAIRED_HOEFFDING,CMDO,0.10726742734572906,0.11154687499999999,-0.004279447654270943,0.013546790773270529,0.05276094835573711,0.0,3.836456784890596,True
0.65,16,1.5,1,1.5000000000000007,PC_PLUGIN,Plug-in,0.09808107626118152,0.11154687499999999,-0.01346579873881848,0.0603543317039933,0.312258570847905,0.0,12.07187448220174,True
0.65,16,1.5,1,1.5000000000000007,PC_PLUGIN_VARGATE,Plug-in + gate,0.11984107612522356,0.11154687499999999,0.008294201125223563,0.05893762377799505,0.09781732326519325,0.0,-7.4356194426993705,False
0.65,16,1.5,1,1.5000000000000007,PC_USTAT_MCDIARMID,U-stat,0.10746527933196011,0.11154687499999999,-0.00408159566803988,0.010148096915539872,0.04362623982667795,0.0,3.6590856248011283,True
0.65,16,2.0,-1,2.0000000000000004,DIRECT_FULL,Direct,0.1123125,0.1123125,0.0,0.0,0.0,0.0,0.0,True
0.65,16,2.0,-1,2.0000000000000004,PC_DELONG,DeLong,0.10973921432590504,0.1123125,-0.0025732856740949515,0.01779024653829348,0.08649936088815409,0.0,2.291183683111808,True
0.65,16,2.0,-1,2.0000000000000004,PC_DELONG_VARGATE,DeLong + gate,0.1123125,0.1123125,0.0,0.0,0.0,0.0,0.0,True
0.65,16,2.0,-1,2.0000000000000004,PC_ORACLE,Oracle,0.10441899494024849,0.1123125,-0.007893505059751515,0.0634670867398257,0.3146621381139835,0.0,7.028162546245076,True
0.65,16,2.0,-1,2.0000000000000004,PC_PAIRED_HOEFFDING,CMDO,0.11066489677968715,0.1123125,-0.001647603220312849,0.012803122998776973,0.051918426905831934,0.0,1.4669811644410502,True
0.65,16,2.0,-1,2.0000000000000004,PC_PLUGIN,Plug-in,0.10868082112673802,0.1123125,-0.0036316788732619724,0.0634670867398257,0.31104706345533123,0.0,3.2335482455309705,True
0.65,16,2.0,-1,2.0000000000000004,PC_PLUGIN_VARGATE,Plug-in + gate,0.11386184077460193,0.1123125,0.0015493407746019314,0.025221474460787454,0.055581022502993536,0.0,-1.3794909512315545,False
0.65,16,2.0,-1,2.0000000000000004,PC_USTAT_MCDIARMID,U-stat,0.11030552748199397,0.1123125,-0.0020069725180060275,0.009380497803324022,0.04374744701766592,0.0,1.786953827940807,True
0.65,16,2.0,1,2.0000000000000004,DIRECT_FULL,Direct,0.111953125,0.111953125,0.0,0.0,0.0,0.0,0.0,True
0.65,16,2.0,1,2.0000000000000004,PC_DELONG,DeLong,0.12010425134520507,0.111953125,0.008151126345205062,0.05515008439054037,0.12359756613232807,0.0,-7.280838605626294,False
0.65,16,2.0,1,2.0000000000000004,PC_DELONG_VARGATE,DeLong + gate,0.11368294247812875,0.111953125,0.0017298174781287434,0.0,0.005188827101696269,0.0,-1.5451265680424209,False
0.65,16,2.0,1,2.0000000000000004,PC_ORACLE,Oracle,0.10641591549123994,0.111953125,-0.005537209508760062,0.07002958673982562,0.31723354756457967,0.0,4.946007097845695,True
0.65,16,2.0,1,2.0000000000000004,PC_PAIRED_HOEFFDING,CMDO,0.10928725497524713,0.111953125,-0.00266587002475286,0.014941737928347609,0.052320646546810956,0.0,2.3812377052921607,True
0.65,16,2.0,1,2.0000000000000004,PC_PLUGIN,Plug-in,0.10620101407618822,0.111953125,-0.005752110923811769,0.07002958673982562,0.31999428410511216,0.0,5.137963700264536,True
0.65,16,2.0,1,2.0000000000000004,PC_PLUGIN_VARGATE,Plug-in + gate,0.11962122686534048,0.111953125,0.007668101865340484,0.06072531505486922,0.059643469244260235,0.0,-6.84938617420503,False
0.65,16,2.0,1,2.0000000000000004,PC_USTAT_MCDIARMID,U-stat,0.10883418898494472,0.111953125,-0.003118936015055279,0.011484264550028114,0.04386100443765614,0.0,2.7859302856041546,True
0.65,16,4.0,-1,4.0,DIRECT_FULL,Direct,0.121015625,0.121015625,0.0,0.0,0.0,0.0,0.0,True
0.65,16,4.0,-1,4.0,PC_DELONG,DeLong,0.12161215087134711,0.121015625,0.0005965258713471022,0.02357858048858046,0.07848389087402687,0.0,-0.49293293436041274,False
0.65,16,4.0,-1,4.0,PC_DELONG_VARGATE,DeLong + gate,0.121015625,0.121015625,0.0,0.0,0.0,0.0,0.0,True
0.65,16,4.0,-1,4.0,PC_ORACLE,Oracle,0.12548369173620558,0.121015625,0.004468066736205585,0.0897181999051142,0.29455062502459284,0.0,-3.692140363036245,False
0.65,16,4.0,-1,4.0,PC_PAIRED_HOEFFDING,CMDO,0.12033879309971134,0.121015625,-0.0006768319002886699,0.015638605319376293,0.050526822648630176,0.0,0.5592929840990912,True
0.65,16,4.0,-1,4.0,PC_PLUGIN,Plug-in,0.13177956618416004,0.121015625,0.010763941184160037,0.09338038350253564,0.3041598236669217,0.0,-8.894670571804287,False
0.65,16,4.0,-1,4.0,PC_PLUGIN_VARGATE,Plug-in + gate,0.12411790859040715,0.121015625,0.0031022835904071532,0.03322413350253561,0.029930190068981198,0.0,-2.5635397002718774,False
0.65,16,4.0,-1,4.0,PC_USTAT_MCDIARMID,U-stat,0.11965132468616446,0.121015625,-0.0013643003138355508,0.012783694731101938,0.04459922639324009,0.0,1.1273753400319553,True
0.65,16,4.0,1,4.0,DIRECT_FULL,Direct,0.108953125,0.108953125,0.0,0.0,0.0,0.0,0.0,True
0.65,16,4.0,1,4.0,PC_DELONG,DeLong,0.11598734733231492,0.108953125,0.007034222332314925,0.06097036176196167,0.10725708905019747,0.0,-6.4561914422508915,False
0.65,16,4.0,1,4.0,PC_DELONG_VARGATE,DeLong + gate,0.11189204083445453,0.108953125,0.002938915834454529,0.02317456675126759,0.010034010829042796,0.0,-2.6974130704874533,False
0.65,16,4.0,1,4.0,PC_ORACLE,Oracle,0.1157910671657304,0.108953125,0.006837942165730404,0.09351486927508448,0.29718412563508506,0.0,-6.276040421723006,False
0.65,16,4.0,1,4.0,PC_PAIRED_HOEFFDING,CMDO,0.1051775769605816,0.108953125,-0.0037755480394183923,0.018796726162104323,0.05170055211202786,0.0,3.465295776893418,True
0.65,16,4.0,1,4.0,PC_PLUGIN,Plug-in,0.11852461756754279,0.108953125,0.00957149256754279,0.09447413350253564,0.31035130325781357,0.0,-8.784963779187427,False
0.65,16,4.0,1,4.0,PC_PLUGIN_VARGATE,Plug-in + gate,0.11765630688239828,0.108953125,0.008703181882398272,0.0722227876269016,0.04188492481297011,0.0,-7.98800574320222,False
0.65,16,4.0,1,4.0,PC_USTAT_MCDIARMID,U-stat,0.104292099591855,0.108953125,-0.004661025408145,0.015017385304019203,0.04498044377540082,0.0,4.278009839685648,True
0.65,32,0.0,0,0.0,DIRECT_FULL,Direct,0.07448828125000001,0.07448828125000001,0.0,0.0,0.0,0.0,0.0,True
0.65,32,0.0,0,0.0,PC_DELONG,DeLong,0.06683212366351336,0.07448828125000001,-0.007656157586486637,0.0018677193295721295,0.10737919622557075,0.0,10.278338361427352,True
0.65,32,0.0,0,0.0,PC_DELONG_VARGATE,DeLong + gate,0.07448828125000001,0.07448828125000001,0.0,0.0,0.0,0.0,0.0,True
0.65,32,0.0,0,0.0,PC_ORACLE,Oracle,0.04841738281250001,0.07448828125000001,-0.0260708984375,-0.0019140625000000355,0.35,0.0,35.0,True
0.65,32,0.0,0,0.0,PC_PAIRED_HOEFFDING,CMDO,0.07108915779866183,0.07448828125000001,-0.0033991234513381665,0.00018773378249184968,0.04896753980474624,0.0,4.563299614780925,True
0.65,32,0.0,0,0.0,PC_PLUGIN,Plug-in,0.048556992693891854,0.07448828125000001,-0.025931288556108153,-0.0019140625000000355,0.34806490271303536,0.0,34.81257470430378,True
0.65,32,0.0,0,0.0,PC_PLUGIN_VARGATE,Plug-in + gate,0.06452137461151214,0.07448828125000001,-0.009966906638487857,0.0,0.21827062374766965,0.0,13.3805029076139,True
0.65,32,0.0,0,0.0,PC_USTAT_MCDIARMID,U-stat,0.07244158550440159,0.07448828125000001,-0.002046695745598404,0.00020390375688252266,0.0290411042302527,0.0,2.747674817102075,True
0.65,32,0.25,-1,0.2500000000000003,DIRECT_FULL,Direct,0.08206640625,0.08206640625,0.0,0.0,0.0,0.0,0.0,True
0.65,32,0.25,-1,0.2500000000000003,PC_DELONG,DeLong,0.07537025767988637,0.08206640625,-0.006696148570113632,0.003831534864774451,0.09936597998580371,0.0,8.159427073868775,True
0.65,32,0.25,-1,0.2500000000000003,PC_DELONG_VARGATE,DeLong + gate,0.08206640625,0.08206640625,0.0,0.0,0.0,0.0,0.0,True
0.65,32,0.25,-1,0.2500000000000003,PC_ORACLE,Oracle,0.056195600483753466,0.08206640625,-0.025870805766246535,0.014080900861334511,0.34866393084236413,0.0,31.524233786277843,True
0.65,32,0.25,-1,0.2500000000000003,PC_PAIRED_HOEFFDING,CMDO,0.07892321837996169,0.08206640625,-0.0031431878700383087,0.0018694273918351421,0.04872266888314414,0.0,3.830054237373548,True
0.65,32,0.25,-1,0.2500000000000003,PC_PLUGIN,Plug-in,0.0573066139198538,0.08206640625,-0.0247597923301462,0.014080900861334511,0.3431533500522188,0.0,30.170435701449037,True
0.65,32,0.25,-1,0.2500000000000003,PC_PLUGIN_VARGATE,Plug-in + gate,0.07724707817856717,0.08206640625,-0.0048193280714328305,0.014080900861334511,0.19774999999999998,0.0,5.872473636473918,True
0.65,32,0.25,-1,0.2500000000000003,PC_USTAT_MCDIARMID,U-stat,0.08026418171869625,0.08206640625,-0.001802224531303758,0.001108382209825669,0.028307579272739716,0.0,2.1960563568649727,True
0.65,32,0.25,1,0.2500000000000003,DIRECT_FULL,Direct,0.08871484375,0.08871484375,0.0,0.0,0.0,0.0,0.0,True
0.65,32,0.25,1,0.2500000000000003,PC_DELONG,DeLong,0.08062553931222319,0.08871484375,-0.008089304437776817,0.008853457223161481,0.10412021029755733,0.0,9.118321236717286,True
0.65,32,0.25,1,0.2500000000000003,PC_DELONG_VARGATE,DeLong + gate,0.08871484375,0.08871484375,0.0,0.0,0.0,0.0,0.0,True
0.65,32,0.25,1,0.2500000000000003,PC_ORACLE,Oracle,0.05711788962279342,0.08871484375,-0.03159695412720659,0.01480355711133453,0.35,0.0,35.616310407137,True
0.65,32,0.25,1,0.2500000000000003,PC_PAIRED_HOEFFDING,CMDO,0.08453487165116881,0.08871484375,-0.004179972098831193,0.003230057690052722,0.047066357622463154,0.0,4.7116941451313625,True
0.65,32,0.25,1,0.2500000000000003,PC_PLUGIN,Plug-in,0.05760952991089426,0.08871484375,-0.031105313839105742,0.01480355711133453,0.34343118935929473,0.0,35.062129993444,True
0.65,32,0.25,1,0.2500000000000003,PC_PLUGIN_VARGATE,Plug-in + gate,0.08182263147479593,0.08871484375,-0.006892212275204068,0.014784025861334432,0.18941212444183633,0.0,7.768950475330194,True
0.65,32,0.25,1,0.2500000000000003,PC_USTAT_MCDIARMID,U-stat,0.08612068994753651,0.08871484375,-0.002594153802463494,0.001935036195212303,0.028597011461428443,0.0,2.9241485334448147,True
0.65,32,0.5,-1,0.4999999999999993,DIRECT_FULL,Direct,0.07490234375,0.07490234375,0.0,0.0,0.0,0.0,0.0,True
0.65,32,0.5,-1,0.4999999999999993,PC_DELONG,DeLong,0.06954738982946272,0.07490234375,-0.005354953920537278,0.006448763497643373,0.09781332220679481,0.0,7.1492474767016585,True
0.65,32,0.5,-1,0.4999999999999993,PC_DELONG_VARGATE,DeLong + gate,0.07490234375,0.07490234375,0.0,0.0,0.0,0.0,0.0,True
0.65,32,0.5,-1,0.4999999999999993,PC_ORACLE,Oracle,0.05290696373588756,0.07490234375,-0.02199538001411244,0.021272539220067,0.3486407242250133,0.0,29.365409562517787,True
0.65,32,0.5,-1,0.4999999999999993,PC_PAIRED_HOEFFDING,CMDO,0.07231894900454698,0.07490234375,-0.0025833947454530154,0.003082709348170209,0.04653810291878813,0.0,3.449017235128937,True
0.65,32,0.5,-1,0.4999999999999993,PC_PLUGIN,Plug-in,0.05406981183083195,0.07490234375,-0.020832531919168052,0.021272539220067,0.3429803561513207,0.0,27.81292397031041,True
0.65,32,0.5,-1,0.4999999999999993,PC_PLUGIN_VARGATE,Plug-in + gate,0.07633777195063213,0.07490234375,0.0014354282006321327,0.021272539220067,0.175,0.0,-1.9163995794619249,False
0.65,32,0.5,-1,0.4999999999999993,PC_USTAT_MCDIARMID,U-stat,0.07328304521404112,0.07490234375,-0.0016192985359588755,0.0017843027565961453,0.028138482151999978,0.0,2.1618796620885172,True
0.65,32,0.5,1,0.4999999999999993,DIRECT_FULL,Direct,0.07923046875,0.07923046875,0.0,0.0,0.0,0.0,0.0,True
0.65,32,0.5,1,0.4999999999999993,PC_DELONG,DeLong,0.07268173729219111,0.07923046875,-0.006548731457808892,0.012411056195347584,0.10835949986562932,0.0,8.265420565000625,True
0.65,32,0.5,1,0.4999999999999993,PC_DELONG_VARGATE,DeLong + gate,0.07923046875,0.07923046875,0.0,0.0,0.0,0.0,0.0,True
0.65,32,0.5,1,0.4999999999999993,PC_ORACLE,Oracle,0.05536905605106282,0.07923046875,-0.023861412698937174,0.019631914220066937,0.3487553737083556,0.0,30.11646034081703,True
0.65,32,0.5,1,0.4999999999999993,PC_PAIRED_HOEFFDING,CMDO,0.07570611895517121,0.07923046875,-0.0035243497948287826,0.004668030215691731,0.04718276016359244,0.0,4.448225348696799,True
0.65,32,0.5,1,0.4999999999999993,PC_PLUGIN,Plug-in,0.05609410638081834,0.07923046875,-0.023136362369181658,0.019631914220066937,0.3410321620960594,0.0,29.20134480358184,True
0.65,32,0.5,1,0.4999999999999993,PC_PLUGIN_VARGATE,Plug-in + gate,0.07649611461325481,0.07923046875,-0.002734354136745191,0.019631914220066937,0.21742431781718885,0.0,3.451139668721437,True
0.65,32,0.5,1,0.4999999999999993,PC_USTAT_MCDIARMID,U-stat,0.07701420692517266,0.07923046875,-0.002216261824827336,0.002648581092691604,0.02828664247191878,0.0,2.797234270846516,True
0.65,32,0.75,-1,0.7500000000000001,DIRECT_FULL,Direct,0.07751171875,0.07751171875,0.0,0.0,0.0,0.0,0.0,True
0.65,32,0.75,-1,0.7500000000000001,PC_DELONG,DeLong,0.07204879538940764,0.07751171875,-0.005462923360592362,0.007939760931017722,0.09244232520686149,0.0,7.047867662710495,True
0.65,32,0.75,-1,0.7500000000000001,PC_DELONG_VARGATE,DeLong + gate,0.07751171875,0.07751171875,0.0,0.0,0.0,0.0,0.0,True
0.65,32,0.75,-1,0.7500000000000001,PC_ORACLE,Oracle,0.055501852920060324,0.07751171875,-0.022009865829939676,0.02679087742050701,0.34733175538024597,0.0,28.395533197926504,True
0.65,32,0.75,-1,0.7500000000000001,PC_PAIRED_HOEFFDING,CMDO,0.07475692424778382,0.07751171875,-0.002754794502216185,0.0035201280105636996,0.045818708158202506,0.0,3.5540361465874137,True
0.65,32,0.75,-1,0.7500000000000001,PC_PLUGIN,Plug-in,0.05624355398021359,0.07751171875,-0.021268164769786404,0.02679087742050701,0.341656269711517,0.0,27.438644262789502,True
0.65,32,0.75,-1,0.7500000000000001,PC_PLUGIN_VARGATE,Plug-in + gate,0.07834175304806272,0.07751171875,0.0008300342980627173,0.024056502420507053,0.1598010912833699,0.0,-1.0708500746059446,False
0.65,32,0.75,-1,0.7500000000000001,PC_USTAT_MCDIARMID,U-stat,0.07592281689332453,0.07751171875,-0.0015889018566754654,0.002197753388150447,0.027098181356580972,0.0,2.0498859814993775,True
0.65,32,0.75,1,0.7500000000000001,DIRECT_FULL,Direct,0.0733203125,0.0733203125,0.0,0.0,0.0,0.0,0.0,True
0.65,32,0.75,1,0.7500000000000001,PC_DELONG,DeLong,0.06864731504368903,0.0733203125,-0.004672997456310967,0.016205676013423476,0.1081748873379334,0.0,6.373400899390569,True
0.65,32,0.75,1,0.7500000000000001,PC_DELONG_VARGATE,DeLong + gate,0.0733203125,0.0733203125,0.0,0.0,0.0,0.0,0.0,True
0.65,32,0.75,1,0.7500000000000001,PC_ORACLE,Oracle,0.05380098478192047,0.0733203125,-0.01951932771807953,0.026517439920507035,0.3463158630999446,0.0,26.6219919862992,True
0.65,32,0.75,1,0.7500000000000001,PC_PAIRED_HOEFFDING,CMDO,0.07024009007058878,0.0733203125,-0.0030802224294112284,0.005614933208826147,0.04758585923036996,0.0,4.201049237769173,True
0.65,32,0.75,1,0.7500000000000001,PC_PLUGIN,Plug-in,0.053854118452248335,0.0733203125,-0.019466194047751663,0.026555921578595286,0.3418306578334829,0.0,26.549524114141853,True
0.65,32,0.75,1,0.7500000000000001,PC_PLUGIN_VARGATE,Plug-in + gate,0.07396320160329783,0.0733203125,0.0006428891032978396,0.026517439920507035,0.18651089388706787,0.0,-0.8768226448814476,False
0.65,32,0.75,1,0.7500000000000001,PC_USTAT_MCDIARMID,U-stat,0.07151568949478428,0.0733203125,-0.0018046230052157187,0.003212005237032539,0.028073304617656586,0.0,2.461286570779031,True
0.65,32,1.0,-1,0.9999999999999988,DIRECT_FULL,Direct,0.0769609375,0.0769609375,0.0,0.0,0.0,0.0,0.0,True
0.65,32,1.0,-1,0.9999999999999988,PC_DELONG,DeLong,0.07214737736796092,0.0769609375,-0.004813560132039072,0.009201365501663167,0.08968063946166255,0.0,6.254549760440586,True
0.65,32,1.0,-1,0.9999999999999988,PC_DELONG_VARGATE,DeLong + gate,0.0769609375,0.0769609375,0.0,0.0,0.0,0.0,0.0,True
0.65,32,1.0,-1,0.9999999999999988,PC_ORACLE,Oracle,0.0536311974463013,0.0769609375,-0.023329740053698696,0.030075864222668953,0.34788499824004915,0.0,30.313742024905434,True
0.65,32,1.0,-1,0.9999999999999988,PC_PAIRED_HOEFFDING,CMDO,0.07455107680954462,0.0769609375,-0.0024098606904553806,0.004225958975156328,0.044298606720993235,0.0,3.131277721838288,True
0.65,32,1.0,-1,0.9999999999999988,PC_PLUGIN,Plug-in,0.05546400830056711,0.0769609375,-0.021496929199432895,0.030114926722669043,0.3400183557365238,0.0,27.932260050019398,True
0.65,32,1.0,-1,0.9999999999999988,PC_PLUGIN_VARGATE,Plug-in + gate,0.08001845726180344,0.0769609375,0.003057519761803433,0.025974301722669013,0.13628954481447247,0.0,-3.9728203178442723,False
0.65,32,1.0,-1,0.9999999999999988,PC_USTAT_MCDIARMID,U-stat,0.07552150143922712,0.0769609375,-0.001439436060772874,0.0026089957092894356,0.026532212144052547,0.0,1.8703463179263968,True
0.65,32,1.0,1,0.9999999999999988,DIRECT_FULL,Direct,0.0813046875,0.0813046875,0.0,0.0,0.0,0.0,0.0,True
0.65,32,1.0,1,0.9999999999999988,PC_DELONG,DeLong,0.07691606369164805,0.0813046875,-0.004388623808351953,0.017889654472084862,0.10567003799980297,0.0,5.397750047747185,True
0.65,32,1.0,1,0.9999999999999988,PC_DELONG_VARGATE,DeLong + gate,0.0813046875,0.0813046875,0.0,0.0,0.0,0.0,0.0,True
0.65,32,1.0,1,0.9999999999999988,PC_ORACLE,Oracle,0.05974803866878472,0.0813046875,-0.021556648831215282,0.029802426722668973,0.34692356774173005,0.0,26.51341453248348,True
0.65,32,1.0,1,0.9999999999999988,PC_PAIRED_HOEFFDING,CMDO,0.07788722077453251,0.0813046875,-0.003417466725467483,0.006564645336361812,0.04797229093403422,0.0,4.203283759583343,True
0.65,32,1.0,1,0.9999999999999988,PC_PLUGIN,Plug-in,0.06018489197850695,0.0813046875,-0.021119795521493043,0.030487131254823847,0.3411715154242236,0.0,25.976110567417223,True
0.65,32,1.0,1,0.9999999999999988,PC_PLUGIN_VARGATE,Plug-in + gate,0.0861131865471566,0.0813046875,0.004808499047156607,0.02980242672266887,0.1627491305685217,0.0,-5.914171980744176,False
0.65,32,1.0,1,0.9999999999999988,PC_USTAT_MCDIARMID,U-stat,0.07926888499107848,0.0813046875,-0.0020358025089215258,0.0037109225899271563,0.02778030195552854,0.0,2.503917758642782,True
0.65,32,1.5,-1,1.500000000000001,DIRECT_FULL,Direct,0.0763203125,0.0763203125,0.0,0.0,0.0,0.0,0.0,True
0.65,32,1.5,-1,1.500000000000001,PC_DELONG,DeLong,0.07326968997577024,0.0763203125,-0.003050622524229753,0.011498473527746599,0.09030627303005996,0.0,3.997130546641514,True
0.65,32,1.5,-1,1.500000000000001,PC_DELONG_VARGATE,DeLong + gate,0.0763203125,0.0763203125,0.0,0.0,0.0,0.0,0.0,True
0.65,32,1.5,-1,1.500000000000001,PC_ORACLE,Oracle,0.062374602072730434,0.0763203125,-0.01394571042726956,0.038661222947492975,0.3469482012024506,0.0,18.27260655840418,True
0.65,32,1.5,-1,1.500000000000001,PC_PAIRED_HOEFFDING,CMDO,0.07453536523268381,0.0763203125,-0.0017849472673161961,0.005385609805344027,0.04594398880996305,0.0,2.338757807518399,True
0.65,32,1.5,-1,1.500000000000001,PC_PLUGIN,Plug-in,0.063069357901423,0.0763203125,-0.013250954598577001,0.038661222947492975,0.3424719101113075,0.0,17.362290803745072,True
0.65,32,1.5,-1,1.500000000000001,PC_PLUGIN_VARGATE,Plug-in + gate,0.08209996506518452,0.0763203125,0.005779652565184519,0.03377841044749297,0.14875,0.0,-7.572889019793405,False
0.65,32,1.5,-1,1.500000000000001,PC_USTAT_MCDIARMID,U-stat,0.07519450014453356,0.0763203125,-0.0011258123554664296,0.0032485679125185407,0.02736108673893627,0.0,1.4751149708230549,True
0.65,32,1.5,1,1.500000000000001,DIRECT_FULL,Direct,0.07125,0.07125,0.0,0.0,0.0,0.0,0.0,True
0.65,32,1.5,1,1.500000000000001,PC_DELONG,DeLong,0.0675128577883787,0.07125,-0.003737142211621295,0.02325981946141149,0.1064044107779363,0.0,5.245111875959707,True
0.65,32,1.5,1,1.500000000000001,PC_DELONG_VARGATE,DeLong + gate,0.07125,0.07125,0.0,0.0,0.0,0.0,0.0,True
0.65,32,1.5,1,1.500000000000001,PC_ORACLE,Oracle,0.05672777245245366,0.07125,-0.014522227547546342,0.040340910447492995,0.34752426265228725,0.0,20.38207375094222,True
0.65,32,1.5,1,1.500000000000001,PC_PAIRED_HOEFFDING,CMDO,0.06801063611722294,0.07125,-0.0032393638827770727,0.007275560109035622,0.04596702136308967,0.0,4.5464756249502525,True
0.65,32,1.5,1,1.500000000000001,PC_PLUGIN,Plug-in,0.05769570056284638,0.07125,-0.013554299437153623,0.040340910447492995,0.33929850750262175,0.0,19.023578157408583,True
0.65,32,1.5,1,1.500000000000001,PC_PLUGIN_VARGATE,Plug-in + gate,0.07794403680872353,0.07125,0.006694036808723524,0.03767489482249301,0.13258362444248634,0.0,-9.395139380664608,False
0.65,32,1.5,1,1.500000000000001,PC_USTAT_MCDIARMID,U-stat,0.06915960593381804,0.07125,-0.0020903940661819564,0.004433463539379522,0.02782188072977946,0.0,2.933886408676434,True
0.65,32,2.0,-1,2.0000000000000004,DIRECT_FULL,Direct,0.08377734375,0.08377734375,0.0,0.0,0.0,0.0,0.0,True
0.65,32,2.0,-1,2.0000000000000004,PC_DELONG,DeLong,0.08155979204238076,0.08377734375,-0.0022175517076192535,0.013024639934491239,0.08548846203318623,0.0,2.6469587222013535,True
0.65,32,2.0,-1,2.0000000000000004,PC_DELONG_VARGATE,DeLong + gate,0.08377734375,0.08377734375,0.0,0.0,0.0,0.0,0.0,True
0.65,32,2.0,-1,2.0000000000000004,PC_ORACLE,Oracle,0.07010265431891909,0.08377734375,-0.01367468943108092,0.045894687815133874,0.3445706098334179,0.0,16.322658154318614,True
0.65,32,2.0,-1,2.0000000000000004,PC_PAIRED_HOEFFDING,CMDO,0.08251494033432484,0.08377734375,-0.0012624034156751604,0.0068810974510637325,0.044912225637292025,0.0,1.5068553849621913,True
0.65,32,2.0,-1,2.0000000000000004,PC_PLUGIN,Plug-in,0.0716758564086974,0.08377734375,-0.012101487341302593,0.04719351594013388,0.3363060347786629,0.0,14.444820997684825,True
0.65,32,2.0,-1,2.0000000000000004,PC_PLUGIN_VARGATE,Plug-in + gate,0.08844155870404688,0.08377734375,0.004664214954046873,0.03488882844013397,0.1225,0.0,-5.567394172779427,False
0.65,32,2.0,-1,2.0000000000000004,PC_USTAT_MCDIARMID,U-stat,0.08293619313987025,0.08377734375,-0.0008411506101297589,0.003873708200944864,0.026465774389449324,0.0,1.0040311287975778,True
0.65,32,2.0,1,2.0000000000000004,DIRECT_FULL,Direct,0.0795625,0.0795625,0.0,0.0,0.0,0.0,0.0,True
0.65,32,2.0,1,2.0000000000000004,PC_DELONG,DeLong,0.07833087078757059,0.0795625,-0.0012316292124294056,0.025278624011026724,0.1056623662114022,0.0,1.5480021523071819,True
0.65,32,2.0,1,2.0000000000000004,PC_DELONG_VARGATE,DeLong + gate,0.0795625,0.0795625,0.0,0.0,0.0,0.0,0.0,True
0.65,32,2.0,1,2.0000000000000004,PC_ORACLE,Oracle,0.07015043801642275,0.0795625,-0.009412061983577254,0.04555289094013393,0.34077089252103043,0.0,11.829771542595125,True
0.65,32,2.0,1,2.0000000000000004,PC_PAIRED_HOEFFDING,CMDO,0.07708822073925595,0.0795625,-0.0024742792607440438,0.007657110202270134,0.0444748109308287,0.0,3.1098561014850534,True
0.65,32,2.0,1,2.0000000000000004,PC_PLUGIN,Plug-in,0.07022025002049519,0.0795625,-0.009342249979504804,0.04559805513127923,0.33783228728535925,0.0,11.742026682802587,True
0.65,32,2.0,1,2.0000000000000004,PC_PLUGIN_VARGATE,Plug-in + gate,0.0879372824215285,0.0795625,0.00837478242152851,0.04153117398227809,0.13824814235539448,0.0,-10.526042320852792,False
0.65,32,2.0,1,2.0000000000000004,PC_USTAT_MCDIARMID,U-stat,0.07805936019188674,0.0795625,-0.0015031398081132574,0.004520641416585236,0.02664138891889028,0.0,1.889256632349734,True
0.65,32,4.0,-1,3.999999999999999,DIRECT_FULL,Direct,0.07512109374999999,0.07512109374999999,0.0,0.0,0.0,0.0,0.0,True
0.65,32,4.0,-1,3.999999999999999,PC_DELONG,DeLong,0.07374700968919672,0.07512109374999999,-0.0013740840608032828,0.01564821017148146,0.07139056660293126,0.0,1.8291587518363017,True
0.65,32,4.0,-1,3.999999999999999,PC_DELONG_VARGATE,DeLong + gate,0.07512109374999999,0.07512109374999999,0.0,0.0,0.0,0.0,0.0,True
0.65,32,4.0,-1,3.999999999999999,PC_ORACLE,Oracle,0.07369996054291311,0.07512109374999999,-0.0014211332070868795,0.06116808989579817,0.31885614527372735,0.0,1.891789823796175,True
0.65,32,4.0,-1,3.999999999999999,PC_PAIRED_HOEFFDING,CMDO,0.07390656959447192,0.07512109374999999,-0.0012145241555280714,0.008705790692526902,0.03864429594301725,0.0,1.6167551547771164,True
0.65,32,4.0,-1,3.999999999999999,PC_PLUGIN,Plug-in,0.07891022723138287,0.07512109374999999,0.003789133481382876,0.06581495038352388,0.32153603434379663,0.0,-5.044033962009342,False
0.65,32,4.0,-1,3.999999999999999,PC_PLUGIN_VARGATE,Plug-in + gate,0.07882820540902738,0.07512109374999999,0.0037071116590273894,0.030620478445337995,0.05425,0.0,-4.934847822323385,False
0.65,32,4.0,-1,3.999999999999999,PC_USTAT_MCDIARMID,U-stat,0.07417539943450566,0.07512109374999999,-0.000945694315494347,0.004895283266964905,0.0241615546877717,0.0,1.2588931660680647,True
0.65,32,4.0,1,3.999999999999999,DIRECT_FULL,Direct,0.08207812500000002,0.08207812500000002,0.0,0.0,0.0,0.0,0.0,True
0.65,32,4.0,1,3.999999999999999,PC_DELONG,DeLong,0.08151016774270893,0.08207812500000002,-0.0005679572572910677,0.03389658677949383,0.08734328934748121,0.0,0.6919715299187001,True
0.65,32,4.0,1,3.999999999999999,PC_DELONG_VARGATE,DeLong + gate,0.08230702596523339,0.08207812500000002,0.000228900965233379,0.0,0.0008812426558970304,0.0,-0.27888181562794045,False
0.65,32,4.0,1,3.999999999999999,PC_ORACLE,Oracle,0.0720534885230613,0.08207812500000002,-0.0100246364769387,0.06496198877352187,0.32547444545087595,0.0,12.21353006899063,True
0.65,32,4.0,1,3.999999999999999,PC_PAIRED_HOEFFDING,CMDO,0.07890428592861973,0.08207812500000002,-0.003173839071380278,0.009908527844408465,0.04009370204439245,0.0,3.8668513338728006,True
0.65,32,4.0,1,3.999999999999999,PC_PLUGIN,Plug-in,0.07466145073138726,0.08207812500000002,-0.007416674268612739,0.06520437696375625,0.3236784521982128,0.0,9.03611561376768,True
0.65,32,4.0,1,3.999999999999999,PC_PLUGIN_VARGATE,Plug-in + gate,0.08832380969718866,0.08207812500000002,0.006245684697188659,0.04268362952379635,0.06097246140746389,0.0,-7.609438808682145,False
0.65,32,4.0,1,3.999999999999999,PC_USTAT_MCDIARMID,U-stat,0.07976703870692592,0.08207812500000002,-0.0023110862930740884,0.005698626140737245,0.0249969106460066,0.0,2.815715262835372,True
0.65,64,0.0,0,0.0,DIRECT_FULL,Direct,0.053837890625,0.053837890625,0.0,0.0,0.0,0.0,0.0,True
0.65,64,0.0,0,0.0,PC_DELONG,DeLong,0.04808349460711375,0.053837890625,-0.005754396017886246,0.0002650497420059898,0.10376312078800597,0.0,10.68837569801473,True
0.65,64,0.0,0,0.0,PC_DELONG_VARGATE,DeLong + gate,0.053837890625,0.053837890625,0.0,0.0,0.0,0.0,0.0,True
0.65,64,0.0,0,0.0,PC_ORACLE,Oracle,0.03499462890625,0.053837890625,-0.01884326171875,-0.0012304687499999911,0.35,0.0,35.00000000000001,True
0.65,64,0.0,0,0.0,PC_PAIRED_HOEFFDING,CMDO,0.05148538163586408,0.053837890625,-0.0023525089891359196,1.7868120336555908e-05,0.04501781453520282,0.0,4.369615826002516,True
0.65,64,0.0,0,0.0,PC_PLUGIN,Plug-in,0.03498376765819266,0.053837890625,-0.01885412296680734,-0.0012304687499999911,0.34760150492277075,0.0,35.02017398514551,True
0.65,64,0.0,0,0.0,PC_PLUGIN_VARGATE,Plug-in + gate,0.046169677734375,0.053837890625,-0.007668212890624998,0.0,0.2345,0.0,14.243152548521687,True
0.65,64,0.0,0,0.0,PC_USTAT_MCDIARMID,U-stat,0.05241333087230684,0.053837890625,-0.0014245597526931545,-2.6518442410123007e-05,0.026647433080317938,0.0,2.646017026587699,True
0.65,64,0.25,-1,0.25000000000000017,DIRECT_FULL,Direct,0.05633105468749999,0.05633105468749999,0.0,0.0,0.0,0.0,0.0,True
0.65,64,0.25,-1,0.25000000000000017,PC_DELONG,DeLong,0.05093466767616203,0.05633105468749999,-0.005396387011337971,0.002904927580457892,0.0972036376339075,0.0,9.57977272265671,True
0.65,64,0.25,-1,0.25000000000000017,PC_DELONG_VARGATE,DeLong + gate,0.05633105468749999,0.05633105468749999,0.0,0.0,0.0,0.0,0.0,True
0.65,64,0.25,-1,0.25000000000000017,PC_ORACLE,Oracle,0.03631514463266993,0.05633105468749999,-0.020015910054830065,0.010497592272721295,0.35,0.0,35.53263855233949,True
0.65,64,0.25,-1,0.25000000000000017,PC_PAIRED_HOEFFDING,CMDO,0.05396970717473465,0.05633105468749999,-0.0023613475127653425,0.0012887283553856526,0.04371430376335692,0.0,4.191910706918356,True
0.65,64,0.25,-1,0.25000000000000017,PC_PLUGIN,Plug-in,0.03653488453998973,0.05633105468749999,-0.019796170147510266,0.010497592272721295,0.3462987485706463,0.0,35.14255193219928,True
0.65,64,0.25,-1,0.25000000000000017,PC_PLUGIN_VARGATE,Plug-in + gate,0.051144636736930024,0.05633105468749999,-0.0051864179505699695,0.010172885241471369,0.20825,0.0,9.207031502147334,True
0.65,64,0.25,-1,0.25000000000000017,PC_USTAT_MCDIARMID,U-stat,0.054948033921599325,0.05633105468749999,-0.0013830207659006788,0.0007001599264850498,0.0257887403150594,0.0,2.4551657581649455,True
0.65,64,0.25,1,0.25000000000000017,DIRECT_FULL,Direct,0.0535693359375,0.0535693359375,0.0,0.0,0.0,0.0,0.0,True
0.65,64,0.25,1,0.25000000000000017,PC_DELONG,DeLong,0.047923324984070155,0.0535693359375,-0.005646010953429849,0.00538836939748098,0.10664974357958495,0.0,10.539632150783262,True
0.65,64,0.25,1,0.25000000000000017,PC_DELONG_VARGATE,DeLong + gate,0.0535693359375,0.0535693359375,0.0,0.0,0.0,0.0,0.0,True
0.65,64,0.25,1,0.25000000000000017,PC_ORACLE,Oracle,0.03582486025141928,0.0535693359375,-0.01774447568608072,0.00887405711647144,0.35,0.0,33.12431519924648,True
0.65,64,0.25,1,0.25000000000000017,PC_PAIRED_HOEFFDING,CMDO,0.05095513537452406,0.0535693359375,-0.0026142005629759355,0.0017971561043968836,0.04621192590210467,0.0,4.880031677125796,True
0.65,64,0.25,1,0.25000000000000017,PC_PLUGIN,Plug-in,0.03591309353628719,0.0535693359375,-0.017656242401212812,0.009213412585221355,0.34681219561849225,0.0,32.9596066335647,True
0.65,64,0.25,1,0.25000000000000017,PC_PLUGIN_VARGATE,Plug-in + gate,0.04762280374602085,0.0535693359375,-0.005946532191479151,0.008207553210221501,0.2275,0.0,11.100627042338251,True
0.65,64,0.25,1,0.25000000000000017,PC_USTAT_MCDIARMID,U-stat,0.0520175205237331,0.0535693359375,-0.0015518154137668986,0.0010182357524966036,0.027107155637951973,0.0,2.896835263325681,True
0.65,64,0.5,-1,0.500000000000001,DIRECT_FULL,Direct,0.055505859375,0.055505859375,0.0,0.0,0.0,0.0,0.0,True
0.65,64,0.5,-1,0.500000000000001,PC_DELONG,DeLong,0.050539094953662475,0.055505859375,-0.00496676442133752,0.004428572979580867,0.097666085199678,0.0,8.948180385392913,True
0.65,64,0.5,-1,0.500000000000001,PC_DELONG_VARGATE,DeLong + gate,0.055505859375,0.055505859375,0.0,0.0,0.0,0.0,0.0,True
0.65,64,0.5,-1,0.500000000000001,PC_ORACLE,Oracle,0.037776850070573464,0.055505859375,-0.01772900930442653,0.014813497359873695,0.35,0.0,31.940788781682627,True
0.65,64,0.5,-1,0.500000000000001,PC_PAIRED_HOEFFDING,CMDO,0.053157012413810545,0.055505859375,-0.0023488469611894565,0.0017614767516697207,0.045016867521988295,0.0,4.231709926911575,True
0.65,64,0.5,-1,0.500000000000001,PC_PLUGIN,Plug-in,0.03779841959456356,0.055505859375,-0.017707439780436443,0.014813497359873695,0.3480403973721265,0.0,31.901928877101437,True
0.65,64,0.5,-1,0.500000000000001,PC_PLUGIN_VARGATE,Plug-in + gate,0.053490247472775095,0.055505859375,-0.002015611902224906,0.014813497359873695,0.19075,0.0,3.6313497798626027,True
0.65,64,0.5,-1,0.500000000000001,PC_USTAT_MCDIARMID,U-stat,0.05412909121302377,0.055505859375,-0.0013767681619762243,0.0010780562688171176,0.026393807141955414,0.0,2.480401488200956,True
0.65,64,0.5,1,0.500000000000001,DIRECT_FULL,Direct,0.0584755859375,0.0584755859375,0.0,0.0,0.0,0.0,0.0,True
0.65,64,0.5,1,0.500000000000001,PC_DELONG,DeLong,0.05338714939438299,0.0584755859375,-0.005088436543117011,0.007869740802789599,0.10355022863950548,0.0,8.701813691196936,True
0.65,64,0.5,1,0.500000000000001,PC_DELONG_VARGATE,DeLong + gate,0.0584755859375,0.0584755859375,0.0,0.0,0.0,0.0,0.0,True
0.65,64,0.5,1,0.500000000000001,PC_ORACLE,Oracle,0.0404486878798371,0.0584755859375,-0.0180268980576629,0.015223653609873655,0.35,0.0,30.828075971620773,True
0.65,64,0.5,1,0.500000000000001,PC_PAIRED_HOEFFDING,CMDO,0.0560356334345129,0.0584755859375,-0.0024399525029871003,0.002700962731041953,0.04453969527845482,0.0,4.1726003491354025,True
0.65,64,0.5,1,0.500000000000001,PC_PLUGIN,Plug-in,0.040639003671600185,0.0584755859375,-0.017836582265899816,0.01522365360987366,0.3450453918800511,0.0,30.50261400537987,True
0.65,64,0.5,1,0.500000000000001,PC_PLUGIN_VARGATE,Plug-in + gate,0.05579161570014378,0.0584755859375,-0.0026839702373562192,0.014898946578623628,0.20125,0.0,4.589898834403994,True
0.65,64,0.5,1,0.500000000000001,PC_USTAT_MCDIARMID,U-stat,0.05703539615786325,0.0584755859375,-0.0014401897796367496,0.0016989734809249534,0.026291793559905054,0.0,2.462890720199118,True
0.65,64,0.75,-1,0.7499999999999992,DIRECT_FULL,Direct,0.051712890624999994,0.051712890624999994,0.0,0.0,0.0,0.0,0.0,True
0.65,64,0.75,-1,0.7499999999999992,PC_DELONG,DeLong,0.04767782452688635,0.051712890624999994,-0.004035066098113656,0.005545026149964971,0.09616958163435607,0.0,7.802824497617511,True
0.65,64,0.75,-1,0.7499999999999992,PC_DELONG_VARGATE,DeLong + gate,0.051712890624999994,0.051712890624999994,0.0,0.0,0.0,0.0,0.0,True
0.65,64,0.75,-1,0.7499999999999992,PC_ORACLE,Oracle,0.03731303028158638,0.051712890624999994,-0.01439986034341361,0.018325040712739948,0.35,0.0,27.84578500520365,True
0.65,64,0.75,-1,0.7499999999999992,PC_PAIRED_HOEFFDING,CMDO,0.04973614521196714,0.051712890624999994,-0.001976745413032865,0.002270360727520974,0.0438319769227826,0.0,3.822539001672476,True
0.65,64,0.75,-1,0.7499999999999992,PC_PLUGIN,Plug-in,0.037710539503266284,0.051712890624999994,-0.01400235112173371,0.018325040712739948,0.34476956806833414,0.0,27.07710002767557,True
0.65,64,0.75,-1,0.7499999999999992,PC_PLUGIN_VARGATE,Plug-in + gate,0.05204286549005987,0.051712890624999994,0.00032997486505987103,0.017050626650239986,0.1925,0.0,-0.6380901571577446,False
0.65,64,0.75,-1,0.7499999999999992,PC_USTAT_MCDIARMID,U-stat,0.05055236356191805,0.051712890624999994,-0.0011605270630819515,0.0014234315059202362,0.026037559324846554,0.0,2.244173646175762,True
0.65,64,0.75,1,0.7499999999999992,DIRECT_FULL,Direct,0.06029394531250001,0.06029394531250001,0.0,0.0,0.0,0.0,0.0,True
0.65,64,0.75,1,0.7499999999999992,PC_DELONG,DeLong,0.055541147989879115,0.06029394531250001,-0.004752797322620886,0.008178279771423663,0.10264692033873202,0.0,7.882710773009494,True
0.65,64,0.75,1,0.7499999999999992,PC_DELONG_VARGATE,DeLong + gate,0.06029394531250001,0.06029394531250001,0.0,0.0,0.0,0.0,0.0,True
0.65,64,0.75,1,0.7499999999999992,PC_ORACLE,Oracle,0.043473765680481134,0.06029394531250001,-0.016820179632018862,0.01670150555648998,0.3499202097620684,0.0,27.89696302811312,True
0.65,64,0.75,1,0.7499999999999992,PC_PAIRED_HOEFFDING,CMDO,0.05793417451378657,0.06029394531250001,-0.0023597707987134263,0.002840538779045348,0.04277235960322549,0.0,3.913777389226869,True
0.65,64,0.75,1,0.7499999999999992,PC_PLUGIN,Plug-in,0.043823021211316086,0.06029394531250001,-0.016470924101183906,0.01670150555648998,0.3455354698061888,0.0,27.31770829693775,True
0.65,64,0.75,1,0.7499999999999992,PC_PLUGIN_VARGATE,Plug-in + gate,0.05937156963152022,0.06029394531250001,-0.0009223756809797795,0.01569320477523992,0.19075,0.0,1.529798184874398,True
0.65,64,0.75,1,0.7499999999999992,PC_USTAT_MCDIARMID,U-stat,0.0588296571748487,0.06029394531250001,-0.0014642881376513018,0.0016440350323947573,0.02587376256173493,0.0,2.428582389263112,True
0.65,64,1.0,-1,1.0000000000000007,DIRECT_FULL,Direct,0.050751953125,0.050751953125,0.0,0.0,0.0,0.0,0.0,True
0.65,64,1.0,-1,1.0000000000000007,PC_DELONG,DeLong,0.04688771173162998,0.050751953125,-0.0038642413933700237,0.006907796076213611,0.09372876258800387,0.0,7.613975729865119,True
0.65,64,1.0,-1,1.0000000000000007,PC_DELONG_VARGATE,DeLong + gate,0.050751953125,0.050751953125,0.0,0.0,0.0,0.0,0.0,True
0.65,64,1.0,-1,1.0000000000000007,PC_ORACLE,Oracle,0.03728890260298858,0.050751953125,-0.013463050522011416,0.020516668920442793,0.34987478768150865,0.0,26.52715746495996,True
0.65,64,1.0,-1,1.0000000000000007,PC_PAIRED_HOEFFDING,CMDO,0.04892955245064083,0.050751953125,-0.0018224006743591634,0.00297186501856585,0.04381710970364371,0.0,3.590799096678443,True
0.65,64,1.0,-1,1.0000000000000007,PC_PLUGIN,Plug-in,0.03772434028516557,0.050751953125,-0.013027612839834432,0.020516668920442793,0.3451200498048004,0.0,25.669185199135004,True
0.65,64,1.0,-1,1.0000000000000007,PC_PLUGIN_VARGATE,Plug-in + gate,0.05211049653578978,0.050751953125,0.0013585434107897766,0.0192007509516928,0.17325,0.0,-2.676829810753767,False
0.65,64,1.0,-1,1.0000000000000007,PC_USTAT_MCDIARMID,U-stat,0.0496521148168768,0.050751953125,-0.0010998383081232007,0.0016695209482642463,0.025876910203426782,0.0,2.167085679272962,True
0.65,64,1.0,1,1.0000000000000007,DIRECT_FULL,Direct,0.053583984375,0.053583984375,0.0,0.0,0.0,0.0,0.0,True
0.65,64,1.0,1,1.0000000000000007,PC_DELONG,DeLong,0.05049356426536424,0.053583984375,-0.0030904201096357553,0.010357822763543977,0.10204073826724967,0.0,5.767432462669975,True
0.65,64,1.0,1,1.0000000000000007,PC_DELONG_VARGATE,DeLong + gate,0.053583984375,0.053583984375,0.0,0.0,0.0,0.0,0.0,True
0.65,64,1.0,1,1.0000000000000007,PC_ORACLE,Oracle,0.04116557580771676,0.053583984375,-0.012418408567283242,0.022977606420442782,0.349951406263448,0.0,23.17559754492079,True
0.65,64,1.0,1,1.0000000000000007,PC_PAIRED_HOEFFDING,CMDO,0.05160081650155329,0.053583984375,-0.0019831678734467052,0.003778693890890122,0.043795999979310156,0.0,3.7010459311270782,True
0.65,64,1.0,1,1.0000000000000007,PC_PLUGIN,Plug-in,0.04157069125132841,0.053583984375,-0.012013293123671595,0.022987372045442874,0.34429261584128396,0.0,22.419559246655197,True
0.65,64,1.0,1,1.0000000000000007,PC_PLUGIN_VARGATE,Plug-in + gate,0.055294262840030986,0.053583984375,0.0017102784650309844,0.021627508764192893,0.1975060834131864,0.0,-3.191771729891979,False
0.65,64,1.0,1,1.0000000000000007,PC_USTAT_MCDIARMID,U-stat,0.05238266192013824,0.053583984375,-0.0012013224548617614,0.002272541256184678,0.025726543114136146,0.0,2.2419431269882217,True
0.65,64,1.5,-1,1.5,DIRECT_FULL,Direct,0.054087890625,0.054087890625,0.0,0.0,0.0,0.0,0.0,True
0.65,64,1.5,-1,1.5,PC_DELONG,DeLong,0.05245020894429825,0.054087890625,-0.0016376816807017608,0.008525574124808425,0.09223032884657843,0.0,3.027815767592168,True
0.65,64,1.5,-1,1.5,PC_DELONG_VARGATE,DeLong + gate,0.054087890625,0.054087890625,0.0,0.0,0.0,0.0,0.0,True
0.65,64,1.5,-1,1.5,PC_ORACLE,Oracle,0.04514540426988133,0.054087890625,-0.008942486355118674,0.027309133742319136,0.34981153099492235,0.0,16.533250329761163,True
0.65,64,1.5,-1,1.5,PC_PAIRED_HOEFFDING,CMDO,0.05308560015511652,0.054087890625,-0.0010022904698834803,0.003850463460343372,0.04358497028579707,0.0,1.8530773862721395,True
0.65,64,1.5,-1,1.5,PC_PLUGIN,Plug-in,0.045925031039387276,0.054087890625,-0.00816285958561273,0.027309133742319136,0.3434812216125431,0.0,15.091843093322199,True
0.65,64,1.5,-1,1.5,PC_PLUGIN_VARGATE,Plug-in + gate,0.058500025855534564,0.054087890625,0.004412135230534559,0.026300832961069064,0.175,0.0,-8.157343870413802,False
0.65,64,1.5,-1,1.5,PC_USTAT_MCDIARMID,U-stat,0.05347394435680612,0.054087890625,-0.0006139462681938801,0.002229706019539279,0.025764757602135216,0.0,1.1350900563870558,True
0.65,64,1.5,1,1.5,DIRECT_FULL,Direct,0.06009765625,0.06009765625,0.0,0.0,0.0,0.0,0.0,True
0.65,64,1.5,1,1.5,PC_DELONG,DeLong,0.05770361352996245,0.06009765625,-0.0023940427200375438,0.011531159052819295,0.09949708941782634,0.0,3.9835874964550655,True
0.65,64,1.5,1,1.5,PC_DELONG_VARGATE,DeLong + gate,0.06009765625,0.06009765625,0.0,0.0,0.0,0.0,0.0,True
0.65,64,1.5,1,1.5,PC_ORACLE,Oracle,0.046770218521282166,0.06009765625,-0.013327437728717832,0.025685598586069176,0.3497663564162183,0.0,22.17630197303715,True
0.65,64,1.5,1,1.5,PC_PAIRED_HOEFFDING,CMDO,0.05825582192651829,0.06009765625,-0.0018418343234817003,0.004278713751665707,0.04273356195122133,0.0,3.06473569588116,True
0.65,64,1.5,1,1.5,PC_PLUGIN,Plug-in,0.04747131825688191,0.06009765625,-0.012626337993118084,0.025685598586069176,0.3421028879860082,0.0,21.009701178019046,True
0.65,64,1.5,1,1.5,PC_PLUGIN_VARGATE,Plug-in + gate,0.06575062588895304,0.06009765625,0.005652969638953045,0.02566850874231908,0.17848986967378228,0.0,-9.406306321559832,False
0.65,64,1.5,1,1.5,PC_USTAT_MCDIARMID,U-stat,0.05899048762493804,0.06009765625,-0.001107168625061957,0.002414317664700766,0.02525464283042495,0.0,1.8422825350397187,True
0.65,64,2.0,-1,1.9999999999999993,DIRECT_FULL,Direct,0.0550458984375,0.0550458984375,0.0,0.0,0.0,0.0,0.0,True
0.65,64,2.0,-1,1.9999999999999993,PC_DELONG,DeLong,0.053217903678768906,0.0550458984375,-0.0018279947587310915,0.009184513668874938,0.08688678765106836,0.0,3.3208555235166637,True
0.65,64,2.0,-1,1.9999999999999993,PC_DELONG_VARGATE,DeLong + gate,0.0550458984375,0.0550458984375,0.0,0.0,0.0,0.0,0.0,True
0.65,64,2.0,-1,1.9999999999999993,PC_ORACLE,Oracle,0.048068434446387975,0.0550458984375,-0.006977463991112023,0.03119926034474718,0.3494267065755486,0.0,12.675720061203732,True
0.65,64,2.0,-1,1.9999999999999993,PC_PAIRED_HOEFFDING,CMDO,0.05396935895109472,0.0550458984375,-0.0010765394864052813,0.004260116098504834,0.042114470455148,0.0,1.9557124453652097,True
0.65,64,2.0,-1,1.9999999999999993,PC_PLUGIN,Plug-in,0.04926490428839262,0.0550458984375,-0.005780994149107384,0.03119926034474718,0.33980000963079965,0.0,10.502134242883166,True
0.65,64,2.0,-1,1.9999999999999993,PC_PLUGIN_VARGATE,Plug-in + gate,0.05983977332916884,0.0550458984375,0.004793874891668839,0.026465373625997185,0.147,0.0,-8.708868467487886,False
0.65,64,2.0,-1,1.9999999999999993,PC_USTAT_MCDIARMID,U-stat,0.054358818247910584,0.0550458984375,-0.0006870801895894104,0.0024208155514341963,0.024912077037914898,0.0,1.2481950682838527,True
0.65,64,2.0,1,1.9999999999999993,DIRECT_FULL,Direct,0.055174804687499995,0.055174804687499995,0.0,0.0,0.0,0.0,0.0,True
0.65,64,2.0,1,1.9999999999999993,PC_DELONG,DeLong,0.052935406718328123,0.055174804687499995,-0.0022393979691718736,0.015775310898923256,0.09682269574988794,0.0,4.058732934090859,True
0.65,64,2.0,1,1.9999999999999993,PC_DELONG_VARGATE,DeLong + gate,0.055174804687499995,0.055174804687499995,0.0,0.0,0.0,0.0,0.0,True
0.65,64,2.0,1,1.9999999999999993,PC_ORACLE,Oracle,0.045869539788276674,0.055174804687499995,-0.009305264899223332,0.03196830331349717,0.34913220837630193,0.0,16.865061783048695,True
0.65,64,2.0,1,1.9999999999999993,PC_PAIRED_HOEFFDING,CMDO,0.0531104125775335,0.055174804687499995,-0.002064392109966493,0.005188396558644048,0.041901334070575544,0.0,3.7415485594536,True
0.65,64,2.0,1,1.9999999999999993,PC_PLUGIN,Plug-in,0.04718130955069013,0.055174804687499995,-0.007993495136809874,0.032458245378025136,0.33522871093094897,0.0,14.487582116662779,True
0.65,64,2.0,1,1.9999999999999993,PC_PLUGIN_VARGATE,Plug-in + gate,0.05881576484749666,0.055174804687499995,0.0036409601599966587,0.026731486907247252,0.1085,0.0,-6.598954324566075,False
0.65,64,2.0,1,1.9999999999999993,PC_USTAT_MCDIARMID,U-stat,0.053953910974456475,0.055174804687499995,-0.0012208937130435268,0.002949635338418292,0.02461695868671131,0.0,2.212773964418069,True
0.65,64,4.0,-1,3.9999999999999964,DIRECT_FULL,Direct,0.0545458984375,0.0545458984375,0.0,0.0,0.0,0.0,0.0,True
0.65,64,4.0,-1,3.9999999999999964,PC_DELONG,DeLong,0.05369131427458487,0.0545458984375,-0.0008545841629151188,0.010995711227647592,0.07340304928877145,0.0,1.5667248819713264,True
0.65,64,4.0,-1,3.9999999999999964,PC_DELONG_VARGATE,DeLong + gate,0.0545458984375,0.0545458984375,0.0,0.0,0.0,0.0,0.0,True
0.65,64,4.0,-1,3.9999999999999964,PC_ORACLE,Oracle,0.05392762851493853,0.0545458984375,-0.0006182699225614697,0.0436312826445422,0.3295504903229517,0.0,1.1334856336996602,True
0.65,64,4.0,-1,3.9999999999999964,PC_PAIRED_HOEFFDING,CMDO,0.05370576836900929,0.0545458984375,-0.000840130068490712,0.0057200812781578675,0.03781448210644723,0.0,1.5402259245089645,True
0.65,64,4.0,-1,3.9999999999999964,PC_PLUGIN,Plug-in,0.056453552285075335,0.0545458984375,0.0019076538475753357,0.04588020081752972,0.3267355948750034,0.0,-3.497336925820682,False
0.65,64,4.0,-1,3.9999999999999964,PC_PLUGIN_VARGATE,Plug-in + gate,0.05848678879715369,0.0545458984375,0.003940890359653688,0.030984509715885622,0.08049999999999999,0.0,-7.224906862922542,False
0.65,64,4.0,-1,3.9999999999999964,PC_USTAT_MCDIARMID,U-stat,0.053962430473064885,0.0545458984375,-0.0005834679644351113,0.0031908178007257703,0.022455994115552314,0.0,1.0696825630320594,True
0.65,64,4.0,1,3.9999999999999964,DIRECT_FULL,Direct,0.056026367187499995,0.056026367187499995,0.0,0.0,0.0,0.0,0.0,True
0.65,64,4.0,1,3.9999999999999964,PC_DELONG,DeLong,0.05711511990500634,0.056026367187499995,0.0010887527175063411,0.017632276168292486,0.08552871408146644,0.0,-1.943286299221736,False
0.65,64,4.0,1,3.9999999999999964,PC_DELONG_VARGATE,DeLong + gate,0.056026367187499995,0.056026367187499995,0.0,0.0,0.0,0.0,0.0,True
0.65,64,4.0,1,3.9999999999999964,PC_ORACLE,Oracle,0.0558220731886577,0.056026367187499995,-0.00020429399884230038,0.0452430632865821,0.3292236275629594,0.0,0.3646390246195952,True
0.65,64,4.0,1,3.9999999999999964,PC_PAIRED_HOEFFDING,CMDO,0.055111528127289776,0.056026367187499995,-0.0009148390602102263,0.006375549860694839,0.03817786353638929,0.0,1.6328723530272482,True
0.65,64,4.0,1,3.9999999999999964,PC_PLUGIN,Plug-in,0.05785906552731945,0.056026367187499995,0.001832698339819458,0.045751695105297786,0.32746277864386586,0.0,-3.2711354168048823,False
0.65,64,4.0,1,3.9999999999999964,PC_PLUGIN_VARGATE,Plug-in + gate,0.061206107100859344,0.056026367187499995,0.005179739913359342,0.03141175580963558,0.0854005257606142,0.0,-9.24518253347506,False
0.65,64,4.0,1,3.9999999999999964,PC_USTAT_MCDIARMID,U-stat,0.05538377093472352,0.056026367187499995,-0.0006425962527764792,0.0037193554039394775,0.022730411925617824,0.0,1.1469532740288835,True
0.65,128,0.0,0,0.0,DIRECT_FULL,Direct,0.041702148437499996,0.041702148437499996,0.0,0.0,0.0,0.0,0.0,True
0.65,128,0.0,0,0.0,PC_DELONG,DeLong,0.037177523511353054,0.041702148437499996,-0.004524624926146939,-0.00030701058742166993,0.10402988932041284,0.0,10.849860488430485,True
0.65,128,0.0,0,0.0,PC_DELONG_VARGATE,DeLong + gate,0.041702148437499996,0.041702148437499996,0.0,0.0,0.0,0.0,0.0,True
0.65,128,0.0,0,0.0,PC_ORACLE,Oracle,0.027106396484374993,0.041702148437499996,-0.014595751953125005,-0.0010552978515625325,0.35,0.0,35.00000000000001,True
0.65,128,0.0,0,0.0,PC_PAIRED_HOEFFDING,CMDO,0.039815968405685125,0.041702148437499996,-0.0018861800318148746,-0.0001248825663070391,0.04442418939437655,0.0,4.522980475794269,True
0.65,128,0.0,0,0.0,PC_PLUGIN,Plug-in,0.027113313575146084,0.041702148437499996,-0.014588834862353912,-0.0010552978515625325,0.34677478204077294,0.0,34.98341310692553,True
0.65,128,0.0,0,0.0,PC_PLUGIN_VARGATE,Plug-in + gate,0.03532045898437499,0.041702148437499996,-0.006381689453125006,0.0,0.23099999999999998,0.0,15.30302320680047,True
0.65,128,0.0,0,0.0,PC_USTAT_MCDIARMID,U-stat,0.04059861214723002,0.041702148437499996,-0.0011035362902699758,-9.269683760835282e-05,0.026035128521402204,0.0,2.646233663294051,True
0.65,128,0.25,-1,0.24999999999999992,DIRECT_FULL,Direct,0.0397939453125,0.0397939453125,0.0,0.0,0.0,0.0,0.0,True
0.65,128,0.25,-1,0.24999999999999992,PC_DELONG,DeLong,0.0359759289556073,0.0397939453125,-0.0038180163568927055,0.0017538161483261585,0.1015111056071397,0.0,9.59446550702625,True
0.65,128,0.25,-1,0.24999999999999992,PC_DELONG_VARGATE,DeLong + gate,0.0397939453125,0.0397939453125,0.0,0.0,0.0,0.0,0.0,True
0.65,128,0.25,-1,0.24999999999999992,PC_ORACLE,Oracle,0.0272253908352958,0.0397939453125,-0.0125685544772042,0.005655996158894785,0.35,0.0,31.584087424616804,True
0.65,128,0.25,-1,0.24999999999999992,PC_PAIRED_HOEFFDING,CMDO,0.03818712580932945,0.0397939453125,-0.0016068195031705534,0.0007310673805833054,0.04477057359073691,0.0,4.03784920181266,True
0.65,128,0.25,-1,0.24999999999999992,PC_PLUGIN,Plug-in,0.02724693601755665,0.0397939453125,-0.012547009294943352,0.005655996158894785,0.347455489647202,0.0,31.529945564362293,True
0.65,128,0.25,-1,0.24999999999999992,PC_PLUGIN_VARGATE,Plug-in + gate,0.035430817798518234,0.0397939453125,-0.004363127513981766,0.005565053776082206,0.22924999999999998,0.0,10.964299919795161,True
0.65,128,0.25,-1,0.24999999999999992,PC_USTAT_MCDIARMID,U-stat,0.038837287210775895,0.0397939453125,-0.0009566581017241071,0.0004015682116676188,0.02611462952978402,0.0,2.4040292919224715,True
0.65,128,0.25,1,0.24999999999999992,DIRECT_FULL,Direct,0.03625048828125,0.03625048828125,0.0,0.0,0.0,0.0,0.0,True
0.65,128,0.25,1,0.24999999999999992,PC_DELONG,DeLong,0.03262830820272652,0.03625048828125,-0.0036221800785234816,0.0038589880960653573,0.10499365220590386,0.0,9.992086314591786,True
0.65,128,0.25,1,0.24999999999999992,PC_DELONG_VARGATE,DeLong + gate,0.03625048828125,0.03625048828125,0.0,0.0,0.0,0.0,0.0,True
0.65,128,0.25,1,0.24999999999999992,PC_ORACLE,Oracle,0.024638347281259732,0.03625048828125,-0.011612140999990266,0.007436391666707327,0.35,0.0,32.03306093395841,True
0.65,128,0.25,1,0.24999999999999992,PC_PAIRED_HOEFFDING,CMDO,0.0345963724087309,0.03625048828125,-0.0016541158725191058,0.0012046891109336753,0.044278905466283325,0.0,4.563016805968568,True
0.65,128,0.25,1,0.24999999999999992,PC_PLUGIN,Plug-in,0.0247431972058233,0.03625048828125,-0.0115072910754267,0.007436391666707327,0.34736057086910754,0.0,31.7438236587248,True
0.65,128,0.25,1,0.24999999999999992,PC_PLUGIN_VARGATE,Plug-in + gate,0.032678546215509814,0.03625048828125,-0.0035719420657401896,0.007140981510457164,0.2345,0.0,9.85350055984685,True
0.65,128,0.25,1,0.24999999999999992,PC_USTAT_MCDIARMID,U-stat,0.0352852684911881,0.03625048828125,-0.0009652197900618997,0.0008056378805393227,0.026180208477228704,0.0,2.662639417635504,True
0.65,128,0.5,-1,0.5000000000000002,DIRECT_FULL,Direct,0.036150390625,0.036150390625,0.0,0.0,0.0,0.0,0.0,True
0.65,128,0.5,-1,0.5000000000000002,PC_DELONG,DeLong,0.0328271009590647,0.036150390625,-0.0033232896659352966,0.0036238325618975775,0.09774196801502874,0.0,9.192956447992184,True
0.65,128,0.5,-1,0.5000000000000002,PC_DELONG_VARGATE,DeLong + gate,0.036150390625,0.036150390625,0.0,0.0,0.0,0.0,0.0,True
0.65,128,0.5,-1,0.5000000000000002,PC_ORACLE,Oracle,0.024275560505417793,0.036150390625,-0.011874830119582205,0.010194974953603622,0.35,0.0,32.84841439962229,True
0.65,128,0.5,-1,0.5000000000000002,PC_PAIRED_HOEFFDING,CMDO,0.03469765461030019,0.036150390625,-0.0014527360146998087,0.0013349653689400825,0.042811706807897795,0.0,4.018590088747665,True
0.65,128,0.5,-1,0.5000000000000002,PC_PLUGIN,Plug-in,0.02442069897537204,0.036150390625,-0.011729691649627958,0.010194974953603622,0.3457349735242965,0.0,32.44692919449735,True
0.65,128,0.5,-1,0.5000000000000002,PC_PLUGIN_VARGATE,Plug-in + gate,0.03430845873144144,0.036150390625,-0.0018419318935585583,0.009623075539541144,0.2065,0.0,5.095192228115952,True
0.65,128,0.5,-1,0.5000000000000002,PC_USTAT_MCDIARMID,U-stat,0.03528303679827915,0.036150390625,-0.0008673538267208464,0.0008157449116351799,0.02534220025119479,0.0,2.3992930967695503,True
0.65,128,0.5,1,0.5000000000000002,DIRECT_FULL,Direct,0.03666845703125,0.03666845703125,0.0,0.0,0.0,0.0,0.0,True
0.65,128,0.5,1,0.5000000000000002,PC_DELONG,DeLong,0.03289776141924238,0.03666845703125,-0.0037706956120076144,0.004446290208042066,0.10409507663763387,0.0,10.283213195456009,True
0.65,128,0.5,1,0.5000000000000002,PC_DELONG_VARGATE,DeLong + gate,0.03666845703125,0.03666845703125,0.0,0.0,0.0,0.0,0.0,True
0.65,128,0.5,1,0.5000000000000002,PC_ORACLE,Oracle,0.02534968238498254,0.03666845703125,-0.011318774646267458,0.009081693703603627,0.35,0.0,30.86787817829707,True
0.65,128,0.5,1,0.5000000000000002,PC_PAIRED_HOEFFDING,CMDO,0.0349698060253639,0.03666845703125,-0.0016986510058861015,0.0014873554566575797,0.043898939435149824,0.0,4.632458367251335,True
0.65,128,0.5,1,0.5000000000000002,PC_PLUGIN,Plug-in,0.025457156056749825,0.03666845703125,-0.011211300974500177,0.009081693703603627,0.3465594271498593,0.0,30.5747824756999,True
0.65,128,0.5,1,0.5000000000000002,PC_PLUGIN_VARGATE,Plug-in + gate,0.03287022630956644,0.03666845703125,-0.0037982307216835624,0.009081693703603627,0.245,0.0,10.358305282511859,True
0.65,128,0.5,1,0.5000000000000002,PC_USTAT_MCDIARMID,U-stat,0.03567785843240367,0.03666845703125,-0.0009905985988463357,0.0008725669246409491,0.025818184784053348,0.0,2.7015006330975644,True
0.65,128,0.75,-1,0.7500000000000007,DIRECT_FULL,Direct,0.041272216796875,0.041272216796875,0.0,0.0,0.0,0.0,0.0,True
0.65,128,0.75,-1,0.7500000000000007,PC_DELONG,DeLong,0.03798126547642975,0.041272216796875,-0.0032909513204452522,0.004209115108316302,0.09620734732646823,0.0,7.973769222627336,True
0.65,128,0.75,-1,0.7500000000000007,PC_DELONG_VARGATE,DeLong + gate,0.041272216796875,0.041272216796875,0.0,0.0,0.0,0.0,0.0,True
0.65,128,0.75,-1,0.7500000000000007,PC_ORACLE,Oracle,0.029321181126224154,0.041272216796875,-0.011951035670650844,0.012869810582827546,0.35,0.0,28.95661197330146,True
0.65,128,0.75,-1,0.7500000000000007,PC_PAIRED_HOEFFDING,CMDO,0.03974069950855244,0.041272216796875,-0.0015315172883225547,0.0016289351576237,0.04244409268151179,0.0,3.710770603527447,True
0.65,128,0.75,-1,0.7500000000000007,PC_PLUGIN,Plug-in,0.029571117483568367,0.041272216796875,-0.011701099313306634,0.012875303746890042,0.3451888564091054,0.0,28.351031811290063,True
0.65,128,0.75,-1,0.7500000000000007,PC_PLUGIN_VARGATE,Plug-in + gate,0.040068084002351255,0.041272216796875,-0.001204132794523748,0.012471251012515021,0.19949999999999998,0.0,2.917538450745183,True
0.65,128,0.75,-1,0.7500000000000007,PC_USTAT_MCDIARMID,U-stat,0.04035648647523454,0.041272216796875,-0.0009157303216404567,0.000931311513197652,0.025319565711311425,0.0,2.2187572965787217,True
0.65,128,0.75,1,0.7500000000000007,DIRECT_FULL,Direct,0.038844970703125,0.038844970703125,0.0,0.0,0.0,0.0,0.0,True
0.65,128,0.75,1,0.7500000000000007,PC_DELONG,DeLong,0.035459847828895774,0.038844970703125,-0.0033851228742292263,0.005333009603102512,0.10135452564951546,0.0,8.714443113112969,True
0.65,128,0.75,1,0.7500000000000007,PC_DELONG_VARGATE,DeLong + gate,0.038844970703125,0.038844970703125,0.0,0.0,0.0,0.0,0.0,True
0.65,128,0.75,1,0.7500000000000007,PC_ORACLE,Oracle,0.027826625462161636,0.038844970703125,-0.011018345240963363,0.012296080114077412,0.35,0.0,28.364920970520803,True
0.65,128,0.75,1,0.7500000000000007,PC_PAIRED_HOEFFDING,CMDO,0.037211360236126485,0.038844970703125,-0.001633610466998517,0.0019511647960758695,0.04231839689320778,0.0,4.20546196181607,True
0.65,128,0.75,1,0.7500000000000007,PC_PLUGIN,Plug-in,0.028358851686562776,0.038844970703125,-0.010486119016562222,0.012296080114077412,0.341676281444455,0.0,26.994791929959263,True
0.65,128,0.75,1,0.7500000000000007,PC_PLUGIN_VARGATE,Plug-in + gate,0.0385992537196874,0.038844970703125,-0.00024571698343759665,0.01185601663751502,0.20125,0.0,0.632558035158548,True
0.65,128,0.75,1,0.7500000000000007,PC_USTAT_MCDIARMID,U-stat,0.037856866829403216,0.038844970703125,-0.0009881038737217876,0.0011684698433129244,0.02532393731373799,0.0,2.5437112085202163,True
0.65,128,1.0,-1,0.9999999999999997,DIRECT_FULL,Direct,0.036281005859375,0.036281005859375,0.0,0.0,0.0,0.0,0.0,True
0.65,128,1.0,-1,0.9999999999999997,PC_DELONG,DeLong,0.034299347747811654,0.036281005859375,-0.001981658111563345,0.005415575390421023,0.09663310838340006,0.0,5.46197125637653,True
0.65,128,1.0,-1,0.9999999999999997,PC_DELONG_VARGATE,DeLong + gate,0.036281005859375,0.036281005859375,0.0,0.0,0.0,0.0,0.0,True
0.65,128,1.0,-1,0.9999999999999997,PC_ORACLE,Oracle,0.029257208955772204,0.036281005859375,-0.0070237969036028,0.015434306770914483,0.35,0.0,19.359432676224575,True
0.65,128,1.0,-1,0.9999999999999997,PC_PAIRED_HOEFFDING,CMDO,0.035235066042031506,0.036281005859375,-0.0010459398173434942,0.0020753700049806474,0.042767296304513945,0.0,2.8828853902164497,True
0.65,128,1.0,-1,0.9999999999999997,PC_PLUGIN,Plug-in,0.029650898442494644,0.036281005859375,-0.006630107416880357,0.015434306770914483,0.3454941746114265,0.0,18.274320845950687,True
0.65,128,1.0,-1,0.9999999999999997,PC_PLUGIN_VARGATE,Plug-in + gate,0.03811326003780832,0.036281005859375,0.0018322541784333145,0.015261577278727028,0.21,0.0,-5.0501746989461305,False
0.65,128,1.0,-1,0.9999999999999997,PC_USTAT_MCDIARMID,U-stat,0.03566180375459166,0.036281005859375,-0.0006192021047833396,0.0012883222859816688,0.02562613566924874,0.0,1.7066839524333077,True
0.65,128,1.0,1,0.9999999999999997,DIRECT_FULL,Direct,0.0398349609375,0.0398349609375,0.0,0.0,0.0,0.0,0.0,True
0.65,128,1.0,1,0.9999999999999997,PC_DELONG,DeLong,0.03726237299780659,0.0398349609375,-0.002572587939693406,0.0061996831173789105,0.100096829692864,0.0,6.458115884008853,True
0.65,128,1.0,1,0.9999999999999997,PC_DELONG_VARGATE,DeLong + gate,0.0398349609375,0.0398349609375,0.0,0.0,0.0,0.0,0.0,True
0.65,128,1.0,1,0.9999999999999997,PC_ORACLE,Oracle,0.030673027602904343,0.0398349609375,-0.009161933334595656,0.015325664192789468,0.35,0.0,22.99972968210132,True
0.65,128,1.0,1,0.9999999999999997,PC_PAIRED_HOEFFDING,CMDO,0.038323961366936304,0.0398349609375,-0.0015109995705636938,0.0024399139210066643,0.04268852691876659,0.0,3.7931493718154075,True
0.65,128,1.0,1,0.9999999999999997,PC_PLUGIN,Plug-in,0.03126843431613969,0.0398349609375,-0.008566526621360314,0.015325664192789468,0.3429488432382118,0.0,21.505045868630223,True
0.65,128,1.0,1,0.9999999999999997,PC_PLUGIN_VARGATE,Plug-in + gate,0.041854527709680865,0.0398349609375,0.0020195667721808652,0.014757426888102,0.19949999999999998,0.0,-5.069834950634222,False
0.65,128,1.0,1,0.9999999999999997,PC_USTAT_MCDIARMID,U-stat,0.03895117834837476,0.0398349609375,-0.0008837825891252354,0.0013714043291169539,0.02510217040288171,0.0,2.2186104073551483,True
0.65,128,1.5,-1,1.499999999999999,DIRECT_FULL,Direct,0.03670849609375,0.03670849609375,0.0,0.0,0.0,0.0,0.0,True
0.65,128,1.5,-1,1.499999999999999,PC_DELONG,DeLong,0.034910840911173406,0.03670849609375,-0.0017976551825765936,0.006376011747313536,0.09083081478421738,0.0,4.897109317651028,True
0.65,128,1.5,-1,1.499999999999999,PC_DELONG_VARGATE,DeLong + gate,0.03670849609375,0.03670849609375,0.0,0.0,0.0,0.0,0.0,True
0.65,128,1.5,-1,1.499999999999999,PC_ORACLE,Oracle,0.030191548553875295,0.03670849609375,-0.0065169475398747035,0.01937104175988691,0.35,0.0,17.75324034858591,True
0.65,128,1.5,-1,1.499999999999999,PC_PAIRED_HOEFFDING,CMDO,0.03560277200342069,0.03670849609375,-0.0011057240903293091,0.0025956665359766038,0.04177285556352573,0.0,3.012174858663219,True
0.65,128,1.5,-1,1.499999999999999,PC_PLUGIN,Plug-in,0.030724277186293177,0.03670849609375,-0.005984218907456823,0.019373483166136907,0.3431036136291219,0.0,16.30199965744633,True
0.65,128,1.5,-1,1.499999999999999,PC_PLUGIN_VARGATE,Plug-in + gate,0.04048198380218833,0.03670849609375,0.0037734877084383265,0.018910226330199384,0.17149999999999999,0.0,-10.279603116404434,False
0.65,128,1.5,-1,1.499999999999999,PC_USTAT_MCDIARMID,U-stat,0.03607924552327177,0.03670849609375,-0.0006292505704782348,0.0015399548374550875,0.024586413283903617,0.0,1.7141823758488606,True
0.65,128,1.5,1,1.499999999999999,DIRECT_FULL,Direct,0.041769287109375004,0.041769287109375004,0.0,0.0,0.0,0.0,0.0,True
0.65,128,1.5,1,1.499999999999999,PC_DELONG,DeLong,0.039370935402328194,0.041769287109375004,-0.0023983517070468047,0.007878851941369556,0.09804934650100888,0.0,5.741902419274247,True
0.65,128,1.5,1,1.499999999999999,PC_DELONG_VARGATE,DeLong + gate,0.041769287109375004,0.041769287109375004,0.0,0.0,0.0,0.0,0.0,True
0.65,128,1.5,1,1.499999999999999,PC_ORACLE,Oracle,0.032573945653011055,0.041769287109375004,-0.009195341456363944,0.019453439220824386,0.35,0.0,22.0145999434596,True
0.65,128,1.5,1,1.499999999999999,PC_PAIRED_HOEFFDING,CMDO,0.04032707801728902,0.041769287109375004,-0.0014422090920859748,0.0027720138169198493,0.041549131394346815,0.0,3.4527979572873457,True
0.65,128,1.5,1,1.499999999999999,PC_PLUGIN,Plug-in,0.03322161403271491,0.041769287109375004,-0.00854767307666009,0.019453439220824386,0.34010372931615135,0.0,20.464014753896986,True
0.65,128,1.5,1,1.499999999999999,PC_PLUGIN_VARGATE,Plug-in + gate,0.04507913364129231,0.041769287109375004,0.003309846531917313,0.01742035816613689,0.1785,0.0,-7.924115446955815,False
0.65,128,1.5,1,1.499999999999999,PC_USTAT_MCDIARMID,U-stat,0.0409471292145249,0.041769287109375004,-0.0008221578948500985,0.0016514408951663333,0.024588056456827215,0.0,1.9683311632713418,True
0.65,128,2.0,-1,2.000000000000001,DIRECT_FULL,Direct,0.03799072265625,0.03799072265625,0.0,0.0,0.0,0.0,0.0,True
0.65,128,2.0,-1,2.000000000000001,PC_DELONG,DeLong,0.03679827758102907,0.03799072265625,-0.0011924450752209298,0.006712807147562803,0.08980165819156337,0.0,3.1387796594723683,True
0.65,128,2.0,-1,2.000000000000001,PC_DELONG_VARGATE,DeLong + gate,0.03799072265625,0.03799072265625,0.0,0.0,0.0,0.0,0.0,True
0.65,128,2.0,-1,2.000000000000001,PC_ORACLE,Oracle,0.03473869693187218,0.03799072265625,-0.003252025724377817,0.022194759477519692,0.35,0.0,8.560052289089104,True
0.65,128,2.0,-1,2.000000000000001,PC_PAIRED_HOEFFDING,CMDO,0.037151093197793854,0.03799072265625,-0.0008396294584561492,0.002841379071784383,0.04170089849672461,0.0,2.2100907794077473,True
0.65,128,2.0,-1,2.000000000000001,PC_PLUGIN,Plug-in,0.03556255080009524,0.03799072265625,-0.0024281718561547654,0.02241618232052465,0.3401647122631452,0.0,6.391486358723675,True
0.65,128,2.0,-1,2.000000000000001,PC_PLUGIN_VARGATE,Plug-in + gate,0.04187371964574324,0.03799072265625,0.0038829969894932357,0.019833919633769726,0.15749999999999997,0.0,-10.220908469227098,False
0.65,128,2.0,-1,2.000000000000001,PC_USTAT_MCDIARMID,U-stat,0.03749223877585961,0.03799072265625,-0.0004984838803903919,0.0016848507544033988,0.024558011123159966,0.0,1.3121200270413524,True
0.65,128,2.0,1,2.000000000000001,DIRECT_FULL,Direct,0.039759521484375,0.039759521484375,0.0,0.0,0.0,0.0,0.0,True
0.65,128,2.0,1,2.000000000000001,PC_DELONG,DeLong,0.037241861911103485,0.039759521484375,-0.0025176595732715173,0.008085889449337871,0.09313806490414323,0.0,6.332217992766642,True
0.65,128,2.0,1,2.000000000000001,PC_DELONG_VARGATE,DeLong + gate,0.039759521484375,0.039759521484375,0.0,0.0,0.0,0.0,0.0,True
0.65,128,2.0,1,2.000000000000001,PC_ORACLE,Oracle,0.031553404832898896,0.039759521484375,-0.008206116651476107,0.021179744829082168,0.35,0.0,20.639374783977228,True
0.65,128,2.0,1,2.000000000000001,PC_PAIRED_HOEFFDING,CMDO,0.038143999521058236,0.039759521484375,-0.0016155219633167644,0.003170219120419669,0.04117246452205504,0.0,4.063232913785553,True
0.65,128,2.0,1,2.000000000000001,PC_PLUGIN,Plug-in,0.03238975787034756,0.039759521484375,-0.0073697636140274405,0.021179744829082168,0.33770521390188923,0.0,18.535845852480037,True
0.65,128,2.0,1,2.000000000000001,PC_PLUGIN_VARGATE,Plug-in + gate,0.04351657982728658,0.039759521484375,0.0037570583429115804,0.019551937211894653,0.1505,0.0,-9.449455633886483,False
0.65,128,2.0,1,2.000000000000001,PC_USTAT_MCDIARMID,U-stat,0.03881471619030969,0.039759521484375,-0.0009448052940653128,0.0018451651537575386,0.023979979075442897,0.0,2.376299459329767,True
0.65,128,4.0,-1,3.9999999999999987,DIRECT_FULL,Direct,0.035166748046875,0.035166748046875,0.0,0.0,0.0,0.0,0.0,True
0.65,128,4.0,-1,3.9999999999999987,PC_DELONG,DeLong,0.034363672957517764,0.035166748046875,-0.0008030750893572392,0.008240002902713317,0.07515187765830811,0.0,2.283620561920563,True
0.65,128,4.0,-1,3.9999999999999987,PC_DELONG_VARGATE,DeLong + gate,0.035166748046875,0.035166748046875,0.0,0.0,0.0,0.0,0.0,True
0.65,128,4.0,-1,3.9999999999999987,PC_ORACLE,Oracle,0.03779769163064466,0.035166748046875,0.002630943583769663,0.02995039808576952,0.33264755941559676,0.0,-7.481338849593899,False
0.65,128,4.0,-1,3.9999999999999987,PC_PAIRED_HOEFFDING,CMDO,0.03441807509740474,0.035166748046875,-0.0007486729494702527,0.004136428701574479,0.037332785644706296,0.0,2.1289228917963254,True
0.65,128,4.0,-1,3.9999999999999987,PC_PLUGIN,Plug-in,0.039432530444079406,0.035166748046875,0.004265782397204403,0.03158962102047511,0.331138310430391,0.0,-12.130158840727589,False
0.65,128,4.0,-1,3.9999999999999987,PC_PLUGIN_VARGATE,Plug-in + gate,0.03752079565628166,0.035166748046875,0.00235404760940666,0.021559531510579027,0.06824999999999999,0.0,-6.693958754073193,False
0.65,128,4.0,-1,3.9999999999999987,PC_USTAT_MCDIARMID,U-stat,0.034710135835211535,0.035166748046875,-0.00045661221166346075,0.002190071593295628,0.02208316607881442,0.0,1.2984203459894372,True
0.65,128,4.0,1,3.9999999999999987,DIRECT_FULL,Direct,0.037092529296875,0.037092529296875,0.0,0.0,0.0,0.0,0.0,True
0.65,128,4.0,1,3.9999999999999987,PC_DELONG,DeLong,0.03708651729646758,0.037092529296875,-6.012000407420448e-06,0.012048057466912985,0.0810165859100624,0.0,0.01620811662452759,True
0.65,128,4.0,1,3.9999999999999987,PC_DELONG_VARGATE,DeLong + gate,0.037092529296875,0.037092529296875,0.0,0.0,0.0,0.0,0.0,True
0.65,128,4.0,1,3.9999999999999987,PC_ORACLE,Oracle,0.0363961052244144,0.037092529296875,-0.0006964240724605969,0.03210145090695403,0.33195296665357377,0.0,1.877531906456631,True
0.65,128,4.0,1,3.9999999999999987,PC_PAIRED_HOEFFDING,CMDO,0.03624429404433732,0.037092529296875,-0.0008482352525376796,0.00449147747044296,0.03713363401054434,0.0,2.286808876657387,True
0.65,128,4.0,1,3.9999999999999987,PC_PLUGIN,Plug-in,0.03773651695573749,0.037092529296875,0.0006439876588624844,0.03294399266868848,0.3280498484572834,0.0,-1.7361653979113711,False
0.65,128,4.0,1,3.9999999999999987,PC_PLUGIN_VARGATE,Plug-in + gate,0.04056755982295239,0.037092529296875,0.0034750305260773913,0.023456504166828946,0.077,0.0,-9.368545612687985,False
0.65,128,4.0,1,3.9999999999999987,PC_USTAT_MCDIARMID,U-stat,0.036564083276711436,0.037092529296875,-0.0005284460201635655,0.0024724803343020895,0.021972692142564254,0.0,1.4246696846528795,True
0.75,8,0.0,0,0.0,DIRECT_FULL,Direct,0.1475,0.1475,0.0,0.0,0.0,0.0,0.0,True
0.75,8,0.0,0,0.0,PC_DELONG,DeLong,0.14282460591126037,0.1475,-0.004675394088739635,0.043749999999999956,0.1270263890143306,0.0,3.169758704230252,True
0.75,8,0.0,0,0.0,PC_DELONG_VARGATE,DeLong + gate,0.14753125,0.1475,3.1249999999999337e-05,0.043749999999999956,0.015329543231673603,0.0,-0.021186440677967155,False
0.75,8,0.0,0,0.0,PC_ORACLE,Oracle,0.138125,0.1475,-0.009374999999999991,0.043749999999999956,0.168875,0.0,6.355932203389825,True
0.75,8,0.0,0,0.0,PC_PAIRED_HOEFFDING,CMDO,0.14334722222222568,0.1475,-0.004152777777774312,0.013888888888876516,0.07183333333327312,0.0,2.81544256120293,True
0.75,8,0.0,0,0.0,PC_PLUGIN,Plug-in,0.138125,0.1475,-0.009374999999999991,0.043749999999999956,0.16861057692307216,0.0,6.355932203389825,True
0.75,8,0.0,0,0.0,PC_PLUGIN_VARGATE,Plug-in + gate,0.145890625,0.1475,-0.001609374999999999,0.043749999999999956,0.023956730769228874,0.0,1.091101694915253,True
0.75,8,0.0,0,0.0,PC_USTAT_MCDIARMID,U-stat,0.14334722222222568,0.1475,-0.004152777777774312,0.013888888888876516,0.07183333333327312,0.0,2.81544256120293,True
0.75,8,0.25,-1,0.24999999999999992,DIRECT_FULL,Direct,0.1440625,0.1440625,0.0,0.0,0.0,0.0,0.0,True
0.75,8,0.25,-1,0.24999999999999992,PC_DELONG,DeLong,0.13766252820547906,0.1440625,-0.006399971794520938,0.026705972873845685,0.12621587153667066,0.0,4.442496690339926,True
0.75,8,0.25,-1,0.24999999999999992,PC_DELONG_VARGATE,DeLong + gate,0.14364237809971095,0.1440625,-0.00042012190028906826,0.026705972873845685,0.016934312514372912,0.0,0.2916247464045507,True
0.75,8,0.25,-1,0.24999999999999992,PC_ORACLE,Oracle,0.13496537024012326,0.1440625,-0.009097129759876747,0.026705972873845685,0.1798125,0.0,6.31471046238733,True
0.75,8,0.25,-1,0.24999999999999992,PC_PAIRED_HOEFFDING,CMDO,0.14037785905146694,0.1440625,-0.0036846409485330658,0.015260555927899655,0.0770833333332688,0.0,2.5576683373765396,True
0.75,8,0.25,-1,0.24999999999999992,PC_PLUGIN,Plug-in,0.13496537024012326,0.1440625,-0.009097129759876747,0.026705972873845685,0.1798125,0.0,6.31471046238733,True
0.75,8,0.25,-1,0.24999999999999992,PC_PLUGIN_VARGATE,Plug-in + gate,0.14157944196664618,0.1440625,-0.0024830580333538117,0.026705972873845685,0.031937499999999994,0.0,1.723597767187035,True
0.75,8,0.25,-1,0.24999999999999992,PC_USTAT_MCDIARMID,U-stat,0.14037785905146694,0.1440625,-0.0036846409485330658,0.015260555927899655,0.0770833333332688,0.0,2.5576683373765396,True
0.75,8,0.25,1,0.24999999999999992,DIRECT_FULL,Direct,0.14,0.14,0.0,0.0,0.0,0.0,0.0,True
0.75,8,0.25,1,0.24999999999999992,PC_DELONG,DeLong,0.13252406835581865,0.14,-0.0074759316441813575,0.060794027126154226,0.1347185498310124,0.0,5.339951174415258,True
0.75,8,0.25,1,0.24999999999999992,PC_DELONG_VARGATE,DeLong + gate,0.1414652163336299,0.14,0.001465216333629904,0.060794027126154226,0.01918316420577062,0.0,-1.0465830954499156,False
0.75,8,0.25,1,0.24999999999999992,PC_ORACLE,Oracle,0.12189911561033845,0.14,-0.01810088438966154,0.060794027126154226,0.19381249999999997,0.0,12.929203135472545,True
0.75,8,0.25,1,0.24999999999999992,PC_PAIRED_HOEFFDING,CMDO,0.1309210452798746,0.14,-0.009078954720125397,0.03473944407206031,0.08341666666659689,0.0,6.484967657232432,True
0.75,8,0.25,1,0.24999999999999992,PC_PLUGIN,Plug-in,0.1220234872723993,0.14,-0.017976512727600702,0.060794027126154226,0.19312432872852994,0.0,12.840366234000511,True
0.75,8,0.25,1,0.24999999999999992,PC_PLUGIN_VARGATE,Plug-in + gate,0.1372268618267427,0.14,-0.0027731381732573022,0.060794027126154226,0.030833109576176652,0.0,1.9808129808980723,True
0.75,8,0.25,1,0.24999999999999992,PC_USTAT_MCDIARMID,U-stat,0.1309210452798746,0.14,-0.009078954720125397,0.03473944407206031,0.08341666666659689,0.0,6.484967657232432,True
0.75,8,0.5,-1,0.4999999999999997,DIRECT_FULL,Direct,0.145,0.145,0.0,0.0,0.0,0.0,0.0,True
0.75,8,0.5,-1,0.4999999999999997,PC_DELONG,DeLong,0.13747098205704794,0.145,-0.007529017942952045,0.01964610568073777,0.1311830004339803,0.0,5.1924261675531325,True
0.75,8,0.5,-1,0.4999999999999997,PC_DELONG_VARGATE,DeLong + gate,0.14478983260208284,0.145,-0.00021016739791716144,0.019646105680737658,0.021796921308755567,0.0,0.14494303304631861,True
0.75,8,0.5,-1,0.4999999999999997,PC_ORACLE,Oracle,0.1369277430514119,0.145,-0.008072256948588106,0.01986899511266392,0.18025,0.0,5.567073757646968,True
0.75,8,0.5,-1,0.4999999999999997,PC_PAIRED_HOEFFDING,CMDO,0.14168895567293088,0.145,-0.003311044327069125,0.011226346103269674,0.07677777777771343,0.0,2.2834788462545608,True
0.75,8,0.5,-1,0.4999999999999997,PC_PLUGIN,Plug-in,0.1369277430514119,0.145,-0.008072256948588106,0.01986899511266392,0.18025,0.0,5.567073757646968,True
0.75,8,0.5,-1,0.4999999999999997,PC_PLUGIN_VARGATE,Plug-in + gate,0.1438703489233576,0.145,-0.0011296510766424142,0.019646105680737658,0.032812499999999994,0.0,0.7790697080292341,True
0.75,8,0.5,-1,0.4999999999999997,PC_USTAT_MCDIARMID,U-stat,0.14168895567293088,0.145,-0.003311044327069125,0.011226346103269674,0.07677777777771343,0.0,2.2834788462545608,True
0.75,8,0.5,1,0.4999999999999997,DIRECT_FULL,Direct,0.1475,0.1475,0.0,0.0,0.0,0.0,0.0,True
0.75,8,0.5,1,0.4999999999999997,PC_DELONG,DeLong,0.1481170246037207,0.1475,0.0006170246037206919,0.06785389431926236,0.1306349290469769,0.0,-0.41832176523437514,False
0.75,8,0.5,1,0.4999999999999997,PC_DELONG_VARGATE,DeLong + gate,0.15257330337511887,0.1475,0.005073303375118861,0.06785389431926236,0.024499999999999997,0.0,-3.4395277119450007,False
0.75,8,0.5,1,0.4999999999999997,PC_ORACLE,Oracle,0.13706193150587093,0.1475,-0.01043806849412908,0.06785389431926236,0.18375,0.0,7.076656606189202,True
0.75,8,0.5,1,0.4999999999999997,PC_PAIRED_HOEFFDING,CMDO,0.14168946100104762,0.1475,-0.005810538998952369,0.0387736538966903,0.0796666666666001,0.0,3.939348473866011,True
0.75,8,0.5,1,0.4999999999999997,PC_PLUGIN,Plug-in,0.13729932536123718,0.1475,-0.010200674638762824,0.06785389431926236,0.18252183877616737,0.0,6.915711619500209,True
0.75,8,0.5,1,0.4999999999999997,PC_PLUGIN_VARGATE,Plug-in + gate,0.1481783683949539,0.1475,0.0006783683949538994,0.06785389431926236,0.0354375,0.0,-0.4599107762399468,False
0.75,8,0.5,1,0.4999999999999997,PC_USTAT_MCDIARMID,U-stat,0.14168946100104762,0.1475,-0.005810538998952369,0.0387736538966903,0.0796666666666001,0.0,3.939348473866011,True
0.75,8,0.75,-1,0.7499999999999997,DIRECT_FULL,Direct,0.138125,0.138125,0.0,0.0,0.0,0.0,0.0,True
0.75,8,0.75,-1,0.7499999999999997,PC_DELONG,DeLong,0.13043090622284884,0.138125,-0.007694093777151182,0.014228879051918608,0.1311069186604465,0.0,5.57038463504157,True
0.75,8,0.75,-1,0.7499999999999997,PC_DELONG_VARGATE,DeLong + gate,0.1370702354266725,0.138125,-0.001054764573327529,0.0,0.00981289825186969,0.0,0.7636304603276134,True
0.75,8,0.75,-1,0.7499999999999997,PC_ORACLE,Oracle,0.13148768429243796,0.138125,-0.006637315707562057,0.022406681422121988,0.16931249999999998,0.0,4.805296439863927,True
0.75,8,0.75,-1,0.7499999999999997,PC_PAIRED_HOEFFDING,CMDO,0.135773992007505,0.138125,-0.00235100799249499,0.008130788029661273,0.0736388888888274,0.0,1.7020872343855187,True
0.75,8,0.75,-1,0.7499999999999997,PC_PLUGIN,Plug-in,0.13148768429243796,0.138125,-0.006637315707562057,0.022406681422121988,0.16931249999999998,0.0,4.805296439863927,True
0.75,8,0.75,-1,0.7499999999999997,PC_PLUGIN_VARGATE,Plug-in + gate,0.13669945368769754,0.138125,-0.0014255463123024723,0.0,0.021437499999999998,0.0,1.0320697283637714,True
0.75,8,0.75,-1,0.7499999999999997,PC_USTAT_MCDIARMID,U-stat,0.135773992007505,0.138125,-0.00235100799249499,0.008130788029661273,0.0736388888888274,0.0,1.7020872343855187,True
0.75,8,0.75,1,0.7499999999999997,DIRECT_FULL,Direct,0.1425,0.1425,0.0,0.0,0.0,0.0,0.0,True
0.75,8,0.75,1,0.7499999999999997,PC_DELONG,DeLong,0.14380309635011995,0.1425,0.0013030963501199596,0.07327112094808141,0.12071524737903642,0.0,-0.9144535790315489,False
0.75,8,0.75,1,0.7499999999999997,PC_DELONG_VARGATE,DeLong + gate,0.1456214506553187,0.1425,0.0031214506553186865,0.07327112094808141,0.020447497643296488,0.0,-2.1904916879429637,False
0.75,8,0.75,1,0.7499999999999997,PC_ORACLE,Oracle,0.1365870582607224,0.1425,-0.005912941739277601,0.07327112094808141,0.170625,0.0,4.149432799493047,True
0.75,8,0.75,1,0.7499999999999997,PC_PAIRED_HOEFFDING,CMDO,0.13695487724853367,0.1425,-0.005545122751466337,0.04186921197029869,0.07283333333327233,0.0,3.891314211555308,True
0.75,8,0.75,1,0.7499999999999997,PC_PLUGIN,Plug-in,0.13696945072913924,0.1425,-0.0055305492708607506,0.07327112094808141,0.16925835220503418,0.0,3.8810872076215808,True
0.75,8,0.75,1,0.7499999999999997,PC_PLUGIN_VARGATE,Plug-in + gate,0.1423899903425359,0.1425,-0.0001100096574640802,0.07327112094808141,0.0294463004900076,0.0,0.07719975962391379,True
0.75,8,0.75,1,0.7499999999999997,PC_USTAT_MCDIARMID,U-stat,0.13695487724853367,0.1425,-0.005545122751466337,0.04186921197029869,0.07283333333327233,0.0,3.891314211555308,True
0.75,8,1.0,-1,0.9999999999999997,DIRECT_FULL,Direct,0.131875,0.131875,0.0,0.0,0.0,0.0,0.0,True
0.75,8,1.0,-1,0.9999999999999997,PC_DELONG,DeLong,0.1245777336218227,0.131875,-0.007297266378177311,0.013664164168254778,0.13737354334682791,0.0,5.53347213511074,True
0.75,8,1.0,-1,0.9999999999999997,PC_DELONG_VARGATE,DeLong + gate,0.13154244173311583,0.131875,-0.0003325582668841548,0.0,0.008596272786677099,0.0,0.25217688484107104,True
0.75,8,1.0,-1,0.9999999999999997,PC_ORACLE,Oracle,0.12759145168258487,0.131875,-0.004283548317415109,0.03469870696492376,0.19556249999999997,0.0,3.248188297565968,True
0.75,8,1.0,-1,0.9999999999999997,PC_PAIRED_HOEFFDING,CMDO,0.12998143591190206,0.131875,-0.001893564088097926,0.010954116841250638,0.08552777777770643,0.0,1.4358779814960587,True
0.75,8,1.0,-1,0.9999999999999997,PC_PLUGIN,Plug-in,0.12759145168258487,0.131875,-0.004283548317415109,0.03469870696492376,0.19556249999999997,0.0,3.248188297565968,True
0.75,8,1.0,-1,0.9999999999999997,PC_PLUGIN_VARGATE,Plug-in + gate,0.1315267887976616,0.131875,-0.0003482112023383993,0.00036910406892301696,0.017499999999999998,0.0,0.26404640935612234,True
0.75,8,1.0,-1,0.9999999999999997,PC_USTAT_MCDIARMID,U-stat,0.12998143591190206,0.131875,-0.001893564088097926,0.010954116841250638,0.08552777777770643,0.0,1.4358779814960587,True
0.75,8,1.0,1,0.9999999999999997,DIRECT_FULL,Direct,0.1503125,0.1503125,0.0,0.0,0.0,0.0,0.0,True
0.75,8,1.0,1,0.9999999999999997,PC_DELONG,DeLong,0.15019328779675736,0.1503125,-0.00011921220324262433,0.07783805425230861,0.11789724080653535,0.0,0.07930957388282422,True
0.75,8,1.0,1,0.9999999999999997,PC_DELONG_VARGATE,DeLong + gate,0.15192697805051303,0.1503125,0.0016144780505130206,0.060794027126154226,0.01836155714085729,0.0,-1.0740810315263527,False
0.75,8,1.0,1,0.9999999999999997,PC_ORACLE,Oracle,0.13809638393329238,0.1503125,-0.012216116066707628,0.07783805425230861,0.1728125,0.0,8.127145824005066,True
0.75,8,1.0,1,0.9999999999999997,PC_PAIRED_HOEFFDING,CMDO,0.14309045224014272,0.1503125,-0.007222047759857293,0.044478888144140694,0.07286111111104994,0.0,4.804688738366581,True
0.75,8,1.0,1,0.9999999999999997,PC_PLUGIN,Plug-in,0.13840201497420732,0.1503125,-0.011910485025792698,0.07783805425230861,0.17166444964635247,0.0,7.923815401774748,True
0.75,8,1.0,1,0.9999999999999997,PC_PLUGIN_VARGATE,Plug-in + gate,0.14601279287733923,0.1503125,-0.004299707122660763,0.060794027126154226,0.03423448561324356,0.0,2.860512015075767,True
0.75,8,1.0,1,0.9999999999999997,PC_USTAT_MCDIARMID,U-stat,0.14309045224014272,0.1503125,-0.007222047759857293,0.044478888144140694,0.07286111111104994,0.0,4.804688738366581,True
0.75,8,1.5,-1,1.5000000000000002,DIRECT_FULL,Direct,0.1515625,0.1515625,0.0,0.0,0.0,0.0,0.0,True
0.75,8,1.5,-1,1.5000000000000002,PC_DELONG,DeLong,0.1432186346111608,0.1515625,-0.008343865388839211,0.019286875760978376,0.12596792579208105,0.0,5.505230772017611,True
0.75,8,1.5,-1,1.5000000000000002,PC_DELONG_VARGATE,DeLong + gate,0.15151678138509334,0.1515625,-4.571861490667018e-05,0.0,0.006879940480160193,0.0,0.030164859319858905,True
0.75,8,1.5,-1,1.5000000000000002,PC_ORACLE,Oracle,0.1440628592787946,0.1515625,-0.00749964072120539,0.039748339242466346,0.17674999999999996,0.0,4.948216558321072,True
0.75,8,1.5,-1,1.5000000000000002,PC_PAIRED_HOEFFDING,CMDO,0.14908832254300589,0.1515625,-0.0024741774569941003,0.012110372996640972,0.0782222222221571,0.0,1.6324469819342546,True
0.75,8,1.5,-1,1.5000000000000002,PC_PLUGIN,Plug-in,0.1440628592787946,0.1515625,-0.00749964072120539,0.039748339242466346,0.17674999999999996,0.0,4.948216558321072,True
0.75,8,1.5,-1,1.5000000000000002,PC_PLUGIN_VARGATE,Plug-in + gate,0.15180491903807025,0.1515625,0.00024241903807023624,0.002844476581420719,0.020562499999999997,0.0,-0.1599465818195478,False
0.75,8,1.5,-1,1.5000000000000002,PC_USTAT_MCDIARMID,U-stat,0.14908832254300589,0.1515625,-0.0024741774569941003,0.012110372996640972,0.0782222222221571,0.0,1.6324469819342546,True
0.75,8,1.5,1,1.5000000000000002,DIRECT_FULL,Direct,0.136875,0.136875,0.0,0.0,0.0,0.0,0.0,True
0.75,8,1.5,1,1.5000000000000002,PC_DELONG,DeLong,0.14310775482602248,0.136875,0.006232754826022477,0.08549916962123305,0.12786959100918074,0.0,-4.553610831797239,False
0.75,8,1.5,1,1.5000000000000002,PC_DELONG_VARGATE,DeLong + gate,0.13957041341042736,0.136875,0.0026954134104273586,0.08549916962123305,0.020107030896234966,0.0,-1.9692518067049303,False
0.75,8,1.5,1,1.5000000000000002,PC_ORACLE,Oracle,0.13310710349413885,0.136875,-0.003767896505861145,0.08549916962123305,0.18243749999999997,0.0,2.7528011001725305,True
0.75,8,1.5,1,1.5000000000000002,PC_PAIRED_HOEFFDING,CMDO,0.1320401638706027,0.136875,-0.004834836129397316,0.04885666835495117,0.07802777777771244,0.0,3.5323003685094445,True
0.75,8,1.5,1,1.5000000000000002,PC_PLUGIN,Plug-in,0.13353914936419645,0.136875,-0.003335850635803548,0.08549916962123305,0.18108531694157357,0.0,2.4371511494455156,True
0.75,8,1.5,1,1.5000000000000002,PC_PLUGIN_VARGATE,Plug-in + gate,0.13525046398310583,0.136875,-0.0016245360168941603,0.08549916962123305,0.02869213142211987,0.0,1.1868756287811255,True
0.75,8,1.5,1,1.5000000000000002,PC_USTAT_MCDIARMID,U-stat,0.1320401638706027,0.136875,-0.004834836129397316,0.04885666835495117,0.07802777777771244,0.0,3.5323003685094445,True
0.75,8,2.0,-1,2.0,DIRECT_FULL,Direct,0.14,0.14,0.0,0.0,0.0,0.0,0.0,True
0.75,8,2.0,-1,2.0,PC_DELONG,DeLong,0.13534816205419,0.14,-0.0046518379458099935,0.024229743724568875,0.12165685646287852,0.0,3.322741389864292,True
0.75,8,2.0,-1,2.0,PC_DELONG_VARGATE,DeLong + gate,0.1394259164396428,0.14,-0.0005740835603571848,0.0,0.00804679649382222,0.0,0.41005968596943276,True
0.75,8,2.0,-1,2.0,PC_ORACLE,Oracle,0.1408466618819406,0.14,0.0008466618819406053,0.05375932727704886,0.17893749999999997,0.0,-0.6047584871004208,False
0.75,8,2.0,-1,2.0,PC_PAIRED_HOEFFDING,CMDO,0.14043284031977657,0.14,0.00043284031977658036,0.018170286480967697,0.07780555555549058,0.0,-0.30917165698325366,False
0.75,8,2.0,-1,2.0,PC_PLUGIN,Plug-in,0.1408466618819406,0.14,0.0008466618819406053,0.05375932727704886,0.17893749999999997,0.0,-0.6047584871004208,False
0.75,8,2.0,-1,2.0,PC_PLUGIN_VARGATE,Plug-in + gate,0.14011765386385247,0.14,0.00011765386385246434,0.00222889431926232,0.017499999999999998,0.0,-0.08403847418032573,False
0.75,8,2.0,-1,2.0,PC_USTAT_MCDIARMID,U-stat,0.14043284031977657,0.14,0.00043284031977658036,0.018170286480967697,0.07780555555549058,0.0,-0.30917165698325366,False
0.75,8,2.0,1,1.647220315717227,DIRECT_FULL,Direct,0.14875,0.14875,0.0,0.0,0.0,0.0,0.0,True
0.75,8,2.0,1,1.647220315717227,PC_DELONG,DeLong,0.1556163194444516,0.14875,0.006866319444451588,0.08750000000000002,0.1192013888888588,0.0,-4.616013071900227,False
0.75,8,2.0,1,1.647220315717227,PC_DELONG_VARGATE,DeLong + gate,0.15333333333333354,0.14875,0.004583333333333526,0.08750000000000002,0.022104166666666095,0.0,-3.0812324929973434,False
0.75,8,2.0,1,1.647220315717227,PC_ORACLE,Oracle,0.14456249999999998,0.14875,-0.004187500000000006,0.08750000000000002,0.170625,0.0,2.8151260504201803,True
0.75,8,2.0,1,1.647220315717227,PC_PAIRED_HOEFFDING,CMDO,0.14419444444444834,0.14875,-0.004555555555551665,0.049999999999959854,0.0708333333332737,0.0,3.0625583566733727,True
0.75,8,2.0,1,1.647220315717227,PC_PLUGIN,Plug-in,0.14542187500000336,0.14875,-0.003328124999996639,0.08750000000000002,0.16843749999999225,0.0,2.2373949579809316,True
0.75,8,2.0,1,1.647220315717227,PC_PLUGIN_VARGATE,Plug-in + gate,0.14960416666666723,0.14875,0.0008541666666672446,0.08750000000000002,0.03310416666666491,0.0,-0.5742296918771261,False
0.75,8,2.0,1,1.647220315717227,PC_USTAT_MCDIARMID,U-stat,0.14419444444444834,0.14875,-0.004555555555551665,0.049999999999959854,0.0708333333332737,0.0,3.0625583566733727,True
0.75,8,4.0,-1,4.0,DIRECT_FULL,Direct,0.1409375,0.1409375,0.0,0.0,0.0,0.0,0.0,True
0.75,8,4.0,-1,4.0,PC_DELONG,DeLong,0.14213590757286432,0.1409375,0.0011984075728643094,0.04073065892232056,0.11243775934960266,0.0,-0.8503113599037437,False
0.75,8,4.0,-1,4.0,PC_DELONG_VARGATE,DeLong + gate,0.14183801498990495,0.1409375,0.0009005149899049608,0.009881510556155382,0.006740570267698754,0.0,-0.6389463343006385,False
0.75,8,4.0,-1,4.0,PC_ORACLE,Oracle,0.15006270018338544,0.1409375,0.00912520018338544,0.08038916275692576,0.17806249999999998,0.0,-6.474643145639347,False
0.75,8,4.0,-1,4.0,PC_PAIRED_HOEFFDING,CMDO,0.14491132851048893,0.1409375,0.003973828510488926,0.03175826895704503,0.0754166666666034,0.0,-2.819567901012099,False
0.75,8,4.0,-1,4.0,PC_PLUGIN,Plug-in,0.15006270018338544,0.1409375,0.00912520018338544,0.08038916275692576,0.17806249999999998,0.0,-6.474643145639347,False
0.75,8,4.0,-1,4.0,PC_PLUGIN_VARGATE,Plug-in + gate,0.14468256774929253,0.1409375,0.0037450677492925155,0.03408805425230854,0.0223125,0.0,-2.657254278877197,False
0.75,8,4.0,-1,4.0,PC_USTAT_MCDIARMID,U-stat,0.14491132851048893,0.1409375,0.003973828510488926,0.03175826895704503,0.0754166666666034,0.0,-2.819567901012099,False
0.75,8,4.0,1,1.647220315717227,DIRECT_FULL,Direct,0.145,0.145,0.0,0.0,0.0,0.0,0.0,True
0.75,8,4.0,1,1.647220315717227,PC_DELONG,DeLong,0.15064236111112,0.145,0.0056423611111200145,0.08749999999999991,0.12104861111108038,0.0,-3.8912835249103495,False
0.75,8,4.0,1,1.647220315717227,PC_DELONG_VARGATE,DeLong + gate,0.14939756944444466,0.145,0.00439756944444466,0.08749999999999991,0.020381944444443825,0.0,-3.0328065134101134,False
0.75,8,4.0,1,1.647220315717227,PC_ORACLE,Oracle,0.139875,0.145,-0.005125000000000006,0.08750000000000002,0.1710625,0.0,3.534482758620683,True
0.75,8,4.0,1,1.647220315717227,PC_PAIRED_HOEFFDING,CMDO,0.13936111111111577,0.145,-0.005638888888884224,0.049999999999959854,0.07308333333327212,0.0,3.8888888888856776,True
0.75,8,4.0,1,1.647220315717227,PC_PLUGIN,Plug-in,0.14031250000000248,0.145,-0.00468749999999754,0.08750000000000002,0.16981249999999423,0.0,3.2327586206879366,True
0.75,8,4.0,1,1.647220315717227,PC_PLUGIN_VARGATE,Plug-in + gate,0.1442187500000003,0.145,-0.0007812499999996985,0.08749999999999991,0.032687499999998794,0.0,0.5387931034480542,True
0.75,8,4.0,1,1.647220315717227,PC_USTAT_MCDIARMID,U-stat,0.13936111111111577,0.145,-0.005638888888884224,0.049999999999959854,0.07308333333327212,0.0,3.8888888888856776,True
0.75,16,0.0,0,0.0,DIRECT_FULL,Direct,0.099375,0.099375,0.0,0.0,0.0,0.0,0.0,True
0.75,16,0.0,0,0.0,PC_DELONG,DeLong,0.08912845682616352,0.099375,-0.010246543173836473,0.019129583723820096,0.1317972363080818,0.0,10.31098684159646,True
0.75,16,0.0,0,0.0,PC_DELONG_VARGATE,DeLong + gate,0.0991818268650907,0.099375,-0.00019317313490930689,0.0,0.0015412647114940658,0.0,0.19438806028609923,True
0.75,16,0.0,0,0.0,PC_ORACLE,Oracle,0.071921875,0.099375,-0.027453125,0.016406249999999956,0.3154375,0.0,27.625786163522015,True
0.75,16,0.0,0,0.0,PC_PAIRED_HOEFFDING,CMDO,0.09444410157294822,0.099375,-0.004930898427051775,0.0033591685600089997,0.05059584172960901,0.0,4.9619103668445685,True
0.75,16,0.0,0,0.0,PC_PLUGIN,Plug-in,0.07200374627398136,0.099375,-0.02737125372601864,0.016406249999999956,0.3121595771924572,0.0,27.54339997586782,True
0.75,16,0.0,0,0.0,PC_PLUGIN_VARGATE,Plug-in + gate,0.09283968377397298,0.099375,-0.006535316226027032,0.0,0.08509707719250201,0.0,6.57641884380078,True
0.75,16,0.0,0,0.0,PC_USTAT_MCDIARMID,U-stat,0.09582779189731472,0.099375,-0.0035472081026852757,0.003690928045936574,0.03828529081517899,0.0,3.56951758760784,True
0.75,16,0.25,-1,0.24999999999999986,DIRECT_FULL,Direct,0.105390625,0.105390625,0.0,0.0,0.0,0.0,0.0,True
0.75,16,0.25,-1,0.24999999999999986,PC_DELONG,DeLong,0.09665408360466264,0.105390625,-0.008736541395337359,0.006485640367896292,0.11673139022289158,0.0,8.289676045983562,True
0.75,16,0.25,-1,0.24999999999999986,PC_DELONG_VARGATE,DeLong + gate,0.105390625,0.105390625,0.0,0.0,0.0,0.0,0.0,True
0.75,16,0.25,-1,0.24999999999999986,PC_ORACLE,Oracle,0.0823274832207764,0.105390625,-0.02306314177922359,0.017484555819573755,0.30756249999999996,0.0,21.88348515745456,True
0.75,16,0.25,-1,0.24999999999999986,PC_PAIRED_HOEFFDING,CMDO,0.10181685781177727,0.105390625,-0.0035737671882227367,0.0018421620717278652,0.045714330457644656,0.0,3.390972572961526,True
0.75,16,0.25,-1,0.24999999999999986,PC_PLUGIN,Plug-in,0.08371810182971977,0.105390625,-0.021672523170280233,0.01748455581957365,0.29906748109437925,0.0,20.56399529870919,True
0.75,16,0.25,-1,0.24999999999999986,PC_PLUGIN_VARGATE,Plug-in + gate,0.10164762674427247,0.105390625,-0.0037429982557275424,0.012015805819573622,0.0926040932332186,0.0,3.5515476407199764,True
0.75,16,0.25,-1,0.24999999999999986,PC_USTAT_MCDIARMID,U-stat,0.10261301720507873,0.105390625,-0.0027776077949212686,0.0017561583679019082,0.03684364452036819,0.0,2.635535935877853,True
0.75,16,0.25,1,0.24999999999999986,DIRECT_FULL,Direct,0.101484375,0.101484375,0.0,0.0,0.0,0.0,0.0,True
0.75,16,0.25,1,0.24999999999999986,PC_DELONG,DeLong,0.09469551140336618,0.101484375,-0.006788863596633816,0.033184085913096725,0.1384973235958404,0.0,6.689565360809302,True
0.75,16,0.25,1,0.24999999999999986,PC_DELONG_VARGATE,DeLong + gate,0.10258454612593525,0.101484375,0.0011001711259352497,0.0,0.006782171487966846,0.0,-1.0840793234773827,False
0.75,16,0.25,1,0.24999999999999986,PC_ORACLE,Oracle,0.07727488972611266,0.101484375,-0.02420948527388735,0.033894666864680165,0.30406249999999996,0.0,23.85538194809531,True
0.75,16,0.25,1,0.24999999999999986,PC_PAIRED_HOEFFDING,CMDO,0.0969128067326477,0.101484375,-0.004571568267352306,0.007960752045861268,0.04626094422676666,0.0,4.504701602933759,True
0.75,16,0.25,1,0.24999999999999986,PC_PLUGIN,Plug-in,0.07720744403459123,0.101484375,-0.02427693096540877,0.033894666864680165,0.3011054735771597,0.0,23.921841136045597,True
0.75,16,0.25,1,0.24999999999999986,PC_PLUGIN_VARGATE,Plug-in + gate,0.09986414233405613,0.101484375,-0.0016202326659438726,0.028425916864680253,0.07305676176540823,0.0,1.5965341127083588,True
0.75,16,0.25,1,0.24999999999999986,PC_USTAT_MCDIARMID,U-stat,0.09785536158713397,0.101484375,-0.003629013412866039,0.006641529166693801,0.03683037119859049,0.0,3.57593315509509,True
0.75,16,0.5,-1,0.5000000000000004,DIRECT_FULL,Direct,0.104921875,0.104921875,0.0,0.0,0.0,0.0,0.0,True
0.75,16,0.5,-1,0.5000000000000004,PC_DELONG,DeLong,0.09651495569056805,0.104921875,-0.008406919309431953,0.007983070346662005,0.1119874284837898,0.0,8.012551538401269,True
0.75,16,0.5,-1,0.5000000000000004,PC_DELONG_VARGATE,DeLong + gate,0.10480015975892465,0.104921875,-0.00012171524107533805,0.0,0.0008681717022920348,0.0,0.11600559089832707,True
0.75,16,0.5,-1,0.5000000000000004,PC_ORACLE,Oracle,0.08201551374707279,0.104921875,-0.02290636125292721,0.02699212639133841,0.303625,0.0,21.831826063847227,True
0.75,16,0.5,-1,0.5000000000000004,PC_PAIRED_HOEFFDING,CMDO,0.10202841955151053,0.104921875,-0.0028934554484894657,0.002626810534705275,0.04364915334111437,0.0,2.7577237334821425,True
0.75,16,0.5,-1,0.5000000000000004,PC_PLUGIN,Plug-in,0.08380971219676926,0.104921875,-0.021112162803230736,0.02699212639133841,0.2962861721410578,0.0,20.121793289750812,True
0.75,16,0.5,-1,0.5000000000000004,PC_PLUGIN_VARGATE,Plug-in + gate,0.1024166531573753,0.104921875,-0.0025052218426247063,0.005390563891338336,0.06843585678826904,0.0,2.387702128488167,True
0.75,16,0.5,-1,0.5000000000000004,PC_USTAT_MCDIARMID,U-stat,0.1025562007697881,0.104921875,-0.0023656742302119106,0.0021432653103656213,0.035402562023963684,0.0,2.254700681065702,True
0.75,16,0.5,1,0.5000000000000004,DIRECT_FULL,Direct,0.1,0.1,0.0,0.0,0.0,0.0,0.0,True
0.75,16,0.5,1,0.5000000000000004,PC_DELONG,DeLong,0.09566656362603673,0.1,-0.0043334363739632575,0.03676571184598141,0.14030566763818464,0.0,4.3334363739632735,True
0.75,16,0.5,1,0.5000000000000004,PC_DELONG_VARGATE,DeLong + gate,0.10149870345310907,0.1,0.0014987034531090714,0.0,0.007887638069335417,0.0,-1.4987034531090737,False
0.75,16,0.5,1,0.5000000000000004,PC_ORACLE,Oracle,0.08004642019332378,0.1,-0.019953579806676225,0.032769011650560904,0.2988125,0.0,19.953579806676224,True
0.75,16,0.5,1,0.5000000000000004,PC_PAIRED_HOEFFDING,CMDO,0.09580234928150658,0.1,-0.004197650718493422,0.007571758078530749,0.0445473406877602,0.0,4.197650718493429,True
0.75,16,0.5,1,0.5000000000000004,PC_PLUGIN,Plug-in,0.0802670746637406,0.1,-0.019732925336259408,0.03528315729350374,0.2933013458927542,0.0,19.73292533625941,True
0.75,16,0.5,1,0.5000000000000004,PC_PLUGIN_VARGATE,Plug-in + gate,0.09720084249105602,0.1,-0.002799157508943979,0.032769011650560904,0.07286233610395447,0.0,2.7991575089439835,True
0.75,16,0.5,1,0.5000000000000004,PC_USTAT_MCDIARMID,U-stat,0.0965924149459542,0.1,-0.0034075850540457885,0.006076063852741812,0.03564157898138127,0.0,3.407585054045803,True
0.75,16,0.75,-1,0.7499999999999997,DIRECT_FULL,Direct,0.097578125,0.097578125,0.0,0.0,0.0,0.0,0.0,True
0.75,16,0.75,-1,0.7499999999999997,PC_DELONG,DeLong,0.09051703191800313,0.097578125,-0.007061093081996884,0.009190401119198353,0.11002310040204724,0.0,7.236348394680537,True
0.75,16,0.75,-1,0.7499999999999997,PC_DELONG_VARGATE,DeLong + gate,0.097578125,0.097578125,0.0,0.0,0.0,0.0,0.0,True
0.75,16,0.75,-1,0.7499999999999997,PC_ORACLE,Oracle,0.08083509803068725,0.097578125,-0.016743026969312742,0.034287541881168004,0.3049375,0.0,17.15858648576487,True
0.75,16,0.75,-1,0.7499999999999997,PC_PAIRED_HOEFFDING,CMDO,0.09514096572281179,0.097578125,-0.002437159277188216,0.0032615884283168435,0.04339131090285123,0.0,2.4976492192161026,True
0.75,16,0.75,-1,0.7499999999999997,PC_PLUGIN,Plug-in,0.08248284463129237,0.097578125,-0.015095280368707642,0.034287541881168004,0.2976018310470806,0.0,15.469943051998214,True
0.75,16,0.75,-1,0.7499999999999997,PC_PLUGIN_VARGATE,Plug-in + gate,0.0961748052864584,0.097578125,-0.0014033197135415966,0.006943791881167899,0.06481545571241272,0.0,1.438149906591868,True
0.75,16,0.75,-1,0.7499999999999997,PC_USTAT_MCDIARMID,U-stat,0.09547695947561659,0.097578125,-0.0021011655243834185,0.0027181695249385595,0.03634301114303669,0.0,2.153316149888529,True
0.75,16,0.75,1,0.7499999999999997,DIRECT_FULL,Direct,0.1025,0.1025,0.0,0.0,0.0,0.0,0.0,True
0.75,16,0.75,1,0.7499999999999997,PC_DELONG,DeLong,0.09905127895599998,0.1025,-0.0034487210440000294,0.04133135936900751,0.14127952570684563,0.0,3.364605896585382,True
0.75,16,0.75,1,0.7499999999999997,PC_DELONG_VARGATE,DeLong + gate,0.10382594918314612,0.1025,0.0013259491831461244,0.0,0.00790423984296315,0.0,-1.2936089591669475,False
0.75,16,0.75,1,0.7499999999999997,PC_ORACLE,Oracle,0.08042020499752012,0.1025,-0.02207979500247989,0.03975629188116803,0.3084375,0.0,21.541263417053536,True
0.75,16,0.75,1,0.7499999999999997,PC_PAIRED_HOEFFDING,CMDO,0.09760600531315532,0.1025,-0.004893994686844673,0.008982080177673133,0.04489306326571909,0.0,4.774628962775296,True
0.75,16,0.75,1,0.7499999999999997,PC_PLUGIN,Plug-in,0.08109980941990981,0.1025,-0.021400190580090187,0.03975629188116803,0.3002640547522107,0.0,20.878234712283106,True
0.75,16,0.75,1,0.7499999999999997,PC_PLUGIN_VARGATE,Plug-in + gate,0.10276902526832454,0.1025,0.0002690252683245475,0.03628439594058397,0.0872001842359938,0.0,-0.2624636764142041,False
0.75,16,0.75,1,0.7499999999999997,PC_USTAT_MCDIARMID,U-stat,0.09820673206892817,0.1025,-0.004293267931071828,0.007017488402890492,0.03676393480617999,0.0,4.188554079094464,True
0.75,16,1.0,-1,0.9999999999999994,DIRECT_FULL,Direct,0.090234375,0.090234375,0.0,0.0,0.0,0.0,0.0,True
0.75,16,1.0,-1,0.9999999999999994,PC_DELONG,DeLong,0.08449864378911202,0.090234375,-0.0057357312108879685,0.013443341270025444,0.10560390509463029,0.0,6.35648134193646,True
0.75,16,1.0,-1,0.9999999999999994,PC_DELONG_VARGATE,DeLong + gate,0.09015787878113002,0.090234375,-7.649621886998192e-05,0.0,0.0014568575202175945,0.0,0.08477503043600176,True
0.75,16,1.0,-1,0.9999999999999994,PC_ORACLE,Oracle,0.07807059688894415,0.090234375,-0.01216377811105585,0.04043786163914742,0.304714755957588,0.0,13.48020431355108,True
0.75,16,1.0,-1,0.9999999999999994,PC_PAIRED_HOEFFDING,CMDO,0.08856711655975992,0.090234375,-0.0016672584402400703,0.005721882367607947,0.04314389254636823,0.0,1.8476976653742927,True
0.75,16,1.0,-1,0.9999999999999994,PC_PLUGIN,Plug-in,0.07996029089317616,0.090234375,-0.010274084106823842,0.04043786163914742,0.3002753217100876,0.0,11.385997971198714,True
0.75,16,1.0,-1,0.9999999999999994,PC_PLUGIN_VARGATE,Plug-in + gate,0.09120519464246998,0.090234375,0.0009708196424699811,0.02095844005336229,0.07422783304688671,0.0,-1.075886703343354,False
0.75,16,1.0,-1,0.9999999999999994,PC_USTAT_MCDIARMID,U-stat,0.08866625142601552,0.090234375,-0.0015681235739844963,0.0045262148437650975,0.03645179382069423,0.0,1.7378339174893065,True
0.75,16,1.0,1,0.9999999999999994,DIRECT_FULL,Direct,0.09265625,0.09265625,0.0,0.0,0.0,0.0,0.0,True
0.75,16,1.0,1,0.9999999999999994,PC_DELONG,DeLong,0.09386121840516384,0.09265625,0.0012049684051638376,0.047625638745642504,0.1416241477919912,0.0,-1.3004718032122442,False
0.75,16,1.0,1,0.9999999999999994,PC_DELONG_VARGATE,DeLong + gate,0.09396401535278921,0.09265625,0.0013077653527892158,0.0006007902909784817,0.010582024804436777,0.0,-1.4114162323526136,False
0.75,16,1.0,1,0.9999999999999994,PC_ORACLE,Oracle,0.08096442478023214,0.09265625,-0.01169182521976787,0.050836208729360566,0.30075047611915023,0.0,12.618496021334625,True
0.75,16,1.0,1,0.9999999999999994,PC_PAIRED_HOEFFDING,CMDO,0.08923088328724607,0.09265625,-0.003425366712753931,0.0110148805778437,0.04474069848275596,0.0,3.6968544623313893,True
0.75,16,1.0,1,0.9999999999999994,PC_PLUGIN,Plug-in,0.08125391236525814,0.09265625,-0.01140233763474186,0.050836208729360566,0.29598468011684576,0.0,12.306064226365576,True
0.75,16,1.0,1,0.9999999999999994,PC_PLUGIN_VARGATE,Plug-in + gate,0.0960623861453014,0.09265625,0.0034061361453013948,0.046262646497696853,0.0784227369257381,0.0,-3.67609971836913,False
0.75,16,1.0,1,0.9999999999999994,PC_USTAT_MCDIARMID,U-stat,0.08952440941578395,0.09265625,-0.0031318405842160535,0.008305665740666067,0.03626577051563459,0.0,3.3800640369279433,True
0.75,16,1.5,-1,1.4999999999999996,DIRECT_FULL,Direct,0.098359375,0.098359375,0.0,0.0,0.0,0.0,0.0,True
0.75,16,1.5,-1,1.4999999999999996,PC_DELONG,DeLong,0.09338161703355066,0.098359375,-0.004977757966449331,0.013149110998750636,0.09978124787914457,0.0,5.0607864948809755,True
0.75,16,1.5,-1,1.4999999999999996,PC_DELONG_VARGATE,DeLong + gate,0.09815354559571013,0.098359375,-0.0002058294042898806,0.0,0.0009897669305415607,0.0,0.20926261913505328,True
0.75,16,1.5,-1,1.4999999999999996,PC_ORACLE,Oracle,0.09088996051375585,0.098359375,-0.007469414486244155,0.050755137168011055,0.2898308712452868,0.0,7.594003607936861,True
0.75,16,1.5,-1,1.4999999999999996,PC_PAIRED_HOEFFDING,CMDO,0.09713097675363583,0.098359375,-0.0012283982463641768,0.007009660222008573,0.04291067425731499,0.0,1.248887812030297,True
0.75,16,1.5,-1,1.4999999999999996,PC_PLUGIN,Plug-in,0.09318913548936844,0.098359375,-0.005170239510631557,0.05622388716801108,0.28864344762964983,0.0,5.256478612874027,True
0.75,16,1.5,-1,1.4999999999999996,PC_PLUGIN_VARGATE,Plug-in + gate,0.09843231678878944,0.098359375,7.294178878943236e-05,0.017942637168011144,0.04926564378694189,0.0,-0.07415845087410666,False
0.75,16,1.5,-1,1.4999999999999996,PC_USTAT_MCDIARMID,U-stat,0.09708771711288333,0.098359375,-0.001271657887116657,0.005295111030052711,0.036196980129768505,0.0,1.292869019467302,True
0.75,16,1.5,1,1.4999999999999996,DIRECT_FULL,Direct,0.09546875,0.09546875,0.0,0.0,0.0,0.0,0.0,True
0.75,16,1.5,1,1.4999999999999996,PC_DELONG,DeLong,0.09388557610156986,0.09546875,-0.001583173898430129,0.04625297400214275,0.13687089964024343,0.0,1.658316358421097,True
0.75,16,1.5,1,1.4999999999999996,PC_DELONG_VARGATE,DeLong + gate,0.09660373250847133,0.09546875,0.0011349825084713367,0.0014055971791998004,0.011432284775314496,0.0,-1.1888523820321684,False
0.75,16,1.5,1,1.4999999999999996,PC_ORACLE,Oracle,0.0807647336675534,0.09546875,-0.014704016332446583,0.05314490236340325,0.3007613195668172,0.0,15.401915634641284,True
0.75,16,1.5,1,1.4999999999999996,PC_PAIRED_HOEFFDING,CMDO,0.09062967776563217,0.09546875,-0.004839072234367824,0.01099658305915873,0.045317653465051295,0.0,5.068749967259267,True
0.75,16,1.5,1,1.4999999999999996,PC_PLUGIN,Plug-in,0.08106955174531397,0.09546875,-0.014399198254686043,0.05310541537600833,0.29980312373802076,0.0,15.082629923075386,True
0.75,16,1.5,1,1.4999999999999996,PC_PLUGIN_VARGATE,Plug-in + gate,0.10074922175964542,0.09546875,0.005280471759645407,0.05175775298040431,0.07621674869979002,0.0,-5.531099715504184,False
0.75,16,1.5,1,1.4999999999999996,PC_USTAT_MCDIARMID,U-stat,0.09104542562918931,0.09546875,-0.004423324370810681,0.00834921467359046,0.03707828312860351,0.0,4.633269390047213,True
0.75,16,2.0,-1,1.9999999999999991,DIRECT_FULL,Direct,0.1021875,0.1021875,0.0,0.0,0.0,0.0,0.0,True
0.75,16,2.0,-1,1.9999999999999991,PC_DELONG,DeLong,0.09683473041893186,0.1021875,-0.00535276958106815,0.0140214481372231,0.09254296529500827,0.0,5.238184299516224,True
0.75,16,2.0,-1,1.9999999999999991,PC_DELONG_VARGATE,DeLong + gate,0.1021875,0.1021875,0.0,0.0,0.0,0.0,0.0,True
0.75,16,2.0,-1,1.9999999999999991,PC_ORACLE,Oracle,0.09228343168404937,0.1021875,-0.009904068315950632,0.05398425278267682,0.29057933832914995,0.0,9.692054621113765,True
0.75,16,2.0,-1,1.9999999999999991,PC_PAIRED_HOEFFDING,CMDO,0.1006312278552995,0.1021875,-0.001556272144700489,0.007331037448284798,0.04236227066415754,0.0,1.5229574504714405,True
0.75,16,2.0,-1,1.9999999999999991,PC_PLUGIN,Plug-in,0.09680174441099179,0.1021875,-0.005385755589008208,0.059453002782676734,0.2908162704507302,0.0,5.270464184962165,True
0.75,16,2.0,-1,1.9999999999999991,PC_PLUGIN_VARGATE,Plug-in + gate,0.1024061332403933,0.1021875,0.0002186332403933028,0.010234252782676756,0.04676410080217575,0.0,-0.21395301812188183,False
0.75,16,2.0,-1,1.9999999999999991,PC_USTAT_MCDIARMID,U-stat,0.10053073080939788,0.1021875,-0.0016567691906021165,0.006003941610734601,0.035835548912278706,0.0,1.6213031834638514,True
0.75,16,2.0,1,1.9999999999999991,DIRECT_FULL,Direct,0.104453125,0.104453125,0.0,0.0,0.0,0.0,0.0,True
0.75,16,2.0,1,1.9999999999999991,PC_DELONG,DeLong,0.10343823021243226,0.104453125,-0.001014894787567735,0.048912352048783046,0.12998954429151707,0.0,0.9716270217551948,True
0.75,16,2.0,1,1.9999999999999991,PC_DELONG_VARGATE,DeLong + gate,0.10540745195799041,0.104453125,0.0009543269579903957,0.03246087639133833,0.017150101456948973,0.0,-0.9136413659145415,False
0.75,16,2.0,1,1.9999999999999991,PC_ORACLE,Oracle,0.0885582033926286,0.104453125,-0.015894921607371413,0.05962881458700764,0.2914041099960368,0.0,15.217277230692138,True
0.75,16,2.0,1,1.9999999999999991,PC_PAIRED_HOEFFDING,CMDO,0.09878962375666295,0.104453125,-0.005663501243337064,0.012647536717733181,0.044252527499313264,0.0,5.4220505545784725,True
0.75,16,2.0,1,1.9999999999999991,PC_PLUGIN,Plug-in,0.08963480637042952,0.104453125,-0.014818318629570473,0.05962881458700764,0.2965711985826901,0.0,14.186572809162456,True
0.75,16,2.0,1,1.9999999999999991,PC_PLUGIN_VARGATE,Plug-in + gate,0.10878755542038071,0.104453125,0.004334430420380719,0.04870010517722413,0.05157813601210195,0.0,-4.1496416889209575,False
0.75,16,2.0,1,1.9999999999999991,PC_USTAT_MCDIARMID,U-stat,0.09905887470858722,0.104453125,-0.0053942502914127765,0.009028534270911635,0.03640390306235488,0.0,5.16427851384319,True
0.75,16,4.0,-1,4.000000000000001,DIRECT_FULL,Direct,0.105859375,0.105859375,0.0,0.0,0.0,0.0,0.0,True
0.75,16,4.0,-1,4.000000000000001,PC_DELONG,DeLong,0.10523473420507029,0.105859375,-0.0006246407949297161,0.018395967764537197,0.08035353488573214,0.0,0.59006658118822,True
0.75,16,4.0,-1,4.000000000000001,PC_DELONG_VARGATE,DeLong + gate,0.10580703777863061,0.105859375,-5.233722136939345e-05,0.0,0.00046449099044156423,0.0,0.04944032719765845,True
0.75,16,4.0,-1,4.000000000000001,PC_ORACLE,Oracle,0.11362519154214273,0.105859375,0.00776581654214274,0.0763221577887272,0.26921723119881347,0.0,-7.33597429811268,False
0.75,16,4.0,-1,4.000000000000001,PC_PAIRED_HOEFFDING,CMDO,0.10652628370281382,0.105859375,0.0006669087028138215,0.01217513268931592,0.04365391465202936,0.0,-0.6299949369754199,False
0.75,16,4.0,-1,4.000000000000001,PC_PLUGIN,Plug-in,0.12231755196095975,0.105859375,0.016458176960959754,0.08658589232521219,0.28558007895447435,0.0,-15.547207756478576,False
0.75,16,4.0,-1,4.000000000000001,PC_PLUGIN_VARGATE,Plug-in + gate,0.10617868289639336,0.105859375,0.00031930789639336097,0.0,0.021533042993548905,0.0,-0.3016340275892926,False
0.75,16,4.0,-1,4.000000000000001,PC_USTAT_MCDIARMID,U-stat,0.10584075000954053,0.105859375,-1.8624990459474023e-05,0.009264219404799766,0.03720442504670954,0.0,0.01759408692850739,True
0.75,16,4.0,1,3.633001930032276,DIRECT_FULL,Direct,0.095078125,0.095078125,0.0,0.0,0.0,0.0,0.0,True
0.75,16,4.0,1,3.633001930032276,PC_DELONG,DeLong,0.09814009057075211,0.095078125,0.0030619655707521043,0.054692491783729535,0.11487149384672664,0.0,-3.2204732379315537,False
0.75,16,4.0,1,3.633001930032276,PC_DELONG_VARGATE,DeLong + gate,0.09934928554012387,0.095078125,0.004271160540123875,0.04921874999999998,0.015776068641981982,0.0,-4.492264167098248,False
0.75,16,4.0,1,3.633001930032276,PC_ORACLE,Oracle,0.0926962425594465,0.095078125,-0.0023818824405534905,0.08128906249982189,0.2788809523802896,0.0,2.5051844896536335,True
0.75,16,4.0,1,3.633001930032276,PC_PAIRED_HOEFFDING,CMDO,0.08976531867779537,0.095078125,-0.0053128063222046325,0.01653770560927158,0.04613975874445314,0.0,5.587832450634278,True
0.75,16,4.0,1,3.633001930032276,PC_PLUGIN,Plug-in,0.0961357824678238,0.095078125,0.001057657467823802,0.08410900297610514,0.2949415441649141,0.0,-1.1124088404391719,False
0.75,16,4.0,1,3.633001930032276,PC_PLUGIN_VARGATE,Plug-in + gate,0.10199672248872879,0.095078125,0.006918597488728793,0.060234375,0.04254024083145772,0.0,-7.276750029229961,False
0.75,16,4.0,1,3.633001930032276,PC_USTAT_MCDIARMID,U-stat,0.08929667953054717,0.095078125,-0.005781445469452838,0.011729655408943686,0.03759756409415258,0.0,6.080731471569123,True
0.75,32,0.0,0,0.0,DIRECT_FULL,Direct,0.0726953125,0.0726953125,0.0,0.0,0.0,0.0,0.0,True
0.75,32,0.0,0,0.0,PC_DELONG,DeLong,0.06508325056790437,0.0726953125,-0.007612061932095629,0.003495939187404623,0.11270542561266081,0.0,10.471186752372274,True
0.75,32,0.0,0,0.0,PC_DELONG_VARGATE,DeLong + gate,0.0726953125,0.0726953125,0.0,0.0,0.0,0.0,0.0,True
0.75,32,0.0,0,0.0,PC_ORACLE,Oracle,0.048455078125,0.0726953125,-0.024240234375000003,-0.0013671875000000832,0.3451875,0.0,33.3449758194519,True
0.75,32,0.0,0,0.0,PC_PAIRED_HOEFFDING,CMDO,0.06966361534056936,0.0726953125,-0.003031697159430637,0.0008948437785891988,0.04173683804474527,0.0,4.1704162966912595,True
0.75,32,0.0,0,0.0,PC_PLUGIN,Plug-in,0.04890336313901205,0.0726953125,-0.023791949360987955,-0.0013671874999999778,0.3404246336543708,0.0,32.72831293075183,True
0.75,32,0.0,0,0.0,PC_PLUGIN_VARGATE,Plug-in + gate,0.06317660975680726,0.0726953125,-0.009518702743192732,0.0,0.21060315547314903,0.0,13.093970458126492,True
0.75,32,0.0,0,0.0,PC_USTAT_MCDIARMID,U-stat,0.07095985714650549,0.0726953125,-0.0017354553534945183,0.0003856553255910605,0.02383343764826643,0.0,2.387300217595889,True
0.75,32,0.25,-1,0.2499999999999994,DIRECT_FULL,Direct,0.06240234375,0.06240234375,0.0,0.0,0.0,0.0,0.0,True
0.75,32,0.25,-1,0.2499999999999994,PC_DELONG,DeLong,0.05690900997792212,0.06240234375,-0.005493333772077875,0.0037772887183180107,0.10416727038658018,0.0,8.803088861670961,True
0.75,32,0.25,-1,0.2499999999999994,PC_DELONG_VARGATE,DeLong + gate,0.06240234375,0.06240234375,0.0,0.0,0.0,0.0,0.0,True
0.75,32,0.25,-1,0.2499999999999994,PC_ORACLE,Oracle,0.04204124383034145,0.06240234375,-0.02036109991965855,0.011264262617544657,0.3468883025756036,0.0,32.62874228126817,True
0.75,32,0.25,-1,0.2499999999999994,PC_PAIRED_HOEFFDING,CMDO,0.06037080471105935,0.06240234375,-0.002031539038940645,0.001112709297044889,0.03909289923825362,0.0,3.2555492580206957,True
0.75,32,0.25,-1,0.2499999999999994,PC_PLUGIN,Plug-in,0.04289238898282322,0.06240234375,-0.019509954767176776,0.011264262617544657,0.34153298244202446,0.0,31.264778844427266,True
0.75,32,0.25,-1,0.2499999999999994,PC_PLUGIN_VARGATE,Plug-in + gate,0.05705223477032281,0.06240234375,-0.0053501089796771885,0.00996543449254465,0.19729816835944153,0.0,8.573570571501465,True
0.75,32,0.25,-1,0.2499999999999994,PC_USTAT_MCDIARMID,U-stat,0.06123600970642858,0.06240234375,-0.0011663340435714182,0.0005996241724479432,0.02298334490562565,0.0,1.86905486794543,True
0.75,32,0.25,1,0.2499999999999994,DIRECT_FULL,Direct,0.071875,0.071875,0.0,0.0,0.0,0.0,0.0,True
0.75,32,0.25,1,0.2499999999999994,PC_DELONG,DeLong,0.06560513626565641,0.071875,-0.006269863734343588,0.010226246988768938,0.11798836655718793,0.0,8.723288673869334,True
0.75,32,0.25,1,0.2499999999999994,PC_DELONG_VARGATE,DeLong + gate,0.071875,0.071875,0.0,0.0,0.0,0.0,0.0,True
0.75,32,0.25,1,0.2499999999999994,PC_ORACLE,Oracle,0.049908518128897385,0.071875,-0.021966481871102613,0.012699809492544815,0.34582846309072435,0.0,30.562061733707978,True
0.75,32,0.25,1,0.2499999999999994,PC_PAIRED_HOEFFDING,CMDO,0.0690393488373424,0.071875,-0.002835651162657593,0.0025948152523645905,0.03897352761064154,0.0,3.9452537915236063,True
0.75,32,0.25,1,0.2499999999999994,PC_PLUGIN,Plug-in,0.049976779494119966,0.071875,-0.021898220505880035,0.013998637617544612,0.34114785069327314,0.0,30.46708939948526,True
0.75,32,0.25,1,0.2499999999999994,PC_PLUGIN_VARGATE,Plug-in + gate,0.0654630325365142,0.071875,-0.006411967463485799,0.012699809492544815,0.20236918541727655,0.0,8.9209982100672,True
0.75,32,0.25,1,0.2499999999999994,PC_USTAT_MCDIARMID,U-stat,0.07014902548135156,0.071875,-0.0017259745186484342,0.001470420062109739,0.023125277215809526,0.0,2.401355852032605,True
0.75,32,0.5,-1,0.5000000000000007,DIRECT_FULL,Direct,0.0716796875,0.0716796875,0.0,0.0,0.0,0.0,0.0,True
0.75,32,0.5,-1,0.5000000000000007,PC_DELONG,DeLong,0.06620649799993818,0.0716796875,-0.005473189500061816,0.005606821250361874,0.09601751803261488,0.0,7.635621318887342,True
0.75,32,0.5,-1,0.5000000000000007,PC_DELONG_VARGATE,DeLong + gate,0.0716796875,0.0716796875,0.0,0.0,0.0,0.0,0.0,True
0.75,32,0.5,-1,0.5000000000000007,PC_ORACLE,Oracle,0.049785565428328404,0.0716796875,-0.021894122071671598,0.017628995778284917,0.3407272962279537,0.0,30.544388285274813,True
0.75,32,0.5,-1,0.5000000000000007,PC_PAIRED_HOEFFDING,CMDO,0.06972278501306478,0.0716796875,-0.001956902486935228,0.001949797392132723,0.03552460744438271,0.0,2.7300655948524155,True
0.75,32,0.5,-1,0.5000000000000007,PC_PLUGIN,Plug-in,0.050511979118712386,0.0716796875,-0.021167708381287616,0.017628995778284917,0.3339223385934009,0.0,29.53097191067918,True
0.75,32,0.5,-1,0.5000000000000007,PC_PLUGIN_VARGATE,Plug-in + gate,0.07163960790034699,0.0716796875,-4.0079599653011776e-05,0.01626180827828494,0.15378728441460024,0.0,0.05591486382110489,True
0.75,32,0.5,-1,0.5000000000000007,PC_USTAT_MCDIARMID,U-stat,0.07051873138160707,0.0716796875,-0.0011609561183929381,0.0012721093052598148,0.02146618464676661,0.0,1.6196445030441042,True
0.75,32,0.5,1,0.5000000000000007,DIRECT_FULL,Direct,0.0673046875,0.0673046875,0.0,0.0,0.0,0.0,0.0,True
0.75,32,0.5,1,0.5000000000000007,PC_DELONG,DeLong,0.06261423058916604,0.0673046875,-0.004690456910833966,0.01325963229657362,0.12240015613472804,0.0,6.968989954576288,True
0.75,32,0.5,1,0.5000000000000007,PC_DELONG_VARGATE,DeLong + gate,0.0673046875,0.0673046875,0.0,0.0,0.0,0.0,0.0,True
0.75,32,0.5,1,0.5000000000000007,PC_ORACLE,Oracle,0.04978468090462781,0.0673046875,-0.017520006595372187,0.017628995778284917,0.34408933817527987,0.0,26.030886177685908,True
0.75,32,0.5,1,0.5000000000000007,PC_PAIRED_HOEFFDING,CMDO,0.0644917855563145,0.0673046875,-0.002812901943685503,0.003211632573254607,0.039329716502193836,0.0,4.179355180403288,True
0.75,32,0.5,1,0.5000000000000007,PC_PLUGIN,Plug-in,0.04956636407116562,0.0673046875,-0.017738323428834392,0.017628995778284917,0.3414830041424354,0.0,26.355257096817198,True
0.75,32,0.5,1,0.5000000000000007,PC_PLUGIN_VARGATE,Plug-in + gate,0.06664598014070913,0.0673046875,-0.0006587073592908643,0.017628995778284917,0.20400647800556565,0.0,0.9786946255279316,True
0.75,32,0.5,1,0.5000000000000007,PC_USTAT_MCDIARMID,U-stat,0.06565079212469448,0.0673046875,-0.001653895375305523,0.001954567696413206,0.02354911802489468,0.0,2.4573256882078565,True
0.75,32,0.75,-1,0.7499999999999993,DIRECT_FULL,Direct,0.07720703125,0.07720703125,0.0,0.0,0.0,0.0,0.0,True
0.75,32,0.75,-1,0.7499999999999993,PC_DELONG,DeLong,0.0712156003172249,0.07720703125,-0.0059914309327750905,0.005224654424534411,0.0897075536118392,0.0,7.760214109741592,True
0.75,32,0.75,-1,0.7499999999999993,PC_DELONG_VARGATE,DeLong + gate,0.07720703125,0.07720703125,0.0,0.0,0.0,0.0,0.0,True
0.75,32,0.75,-1,0.7499999999999993,PC_ORACLE,Oracle,0.05316946834021497,0.07720703125,-0.024037562909785034,0.02114563980380546,0.3378486842660594,0.0,31.133903895294544,True
0.75,32,0.75,-1,0.7499999999999993,PC_PAIRED_HOEFFDING,CMDO,0.07500480296881061,0.07720703125,-0.0022022282811893943,0.0021270278571923033,0.03545886121311699,0.0,2.852367518262,True
0.75,32,0.75,-1,0.7499999999999993,PC_PLUGIN,Plug-in,0.054572502477990815,0.07720703125,-0.02263452877200918,0.02114563980380546,0.3289028029272834,0.0,29.31666767333343,True
0.75,32,0.75,-1,0.7499999999999993,PC_PLUGIN_VARGATE,Plug-in + gate,0.07684183928641641,0.07720703125,-0.00036519196358359205,0.01979798355380558,0.13404518237954316,0.0,0.4730035045656389,True
0.75,32,0.75,-1,0.7499999999999993,PC_USTAT_MCDIARMID,U-stat,0.07591361173377612,0.07720703125,-0.0012934195162238931,0.0013512240773374648,0.020860646298110838,0.0,1.675261301053954,True
0.75,32,0.75,1,0.7499999999999993,DIRECT_FULL,Direct,0.06818359375,0.06818359375,0.0,0.0,0.0,0.0,0.0,True
0.75,32,0.75,1,0.7499999999999993,PC_DELONG,DeLong,0.06552860065222009,0.06818359375,-0.002654993097779912,0.019279089719556795,0.12308224609490058,0.0,3.8938884733981993,True
0.75,32,0.75,1,0.7499999999999993,PC_DELONG_VARGATE,DeLong + gate,0.06818359375,0.06818359375,0.0,0.0,0.0,0.0,0.0,True
0.75,32,0.75,1,0.7499999999999993,PC_ORACLE,Oracle,0.05333865128469608,0.06818359375,-0.01484494246530392,0.023880014803805527,0.3376321205441053,0.0,21.772015302880565,True
0.75,32,0.75,1,0.7499999999999993,PC_PAIRED_HOEFFDING,CMDO,0.0659124592333384,0.06818359375,-0.002271134516661593,0.004151487552762267,0.037887978485931076,0.0,3.3309105486414747,True
0.75,32,0.75,1,0.7499999999999993,PC_PLUGIN,Plug-in,0.05298045354311776,0.06818359375,-0.01520314020688224,0.023948374178805503,0.3360004501311778,0.0,22.297358309721293,True
0.75,32,0.75,1,0.7499999999999993,PC_PLUGIN_VARGATE,Plug-in + gate,0.0700837575837156,0.06818359375,0.0019001638337155947,0.023880014803805527,0.18758876628020085,0.0,-2.786834382304182,False
0.75,32,0.75,1,0.7499999999999993,PC_USTAT_MCDIARMID,U-stat,0.06679665098049188,0.06818359375,-0.0013869427695081204,0.0025578496997475603,0.022630881259762155,0.0,2.0341297564828276,True
0.75,32,1.0,-1,1.0,DIRECT_FULL,Direct,0.06861328125,0.06861328125,0.0,0.0,0.0,0.0,0.0,True
0.75,32,1.0,-1,1.0,PC_DELONG,DeLong,0.0645172675201938,0.06861328125,-0.00409601372980621,0.007526195417814787,0.09261212673785141,0.0,5.969709734303386,True
0.75,32,1.0,-1,1.0,PC_DELONG_VARGATE,DeLong + gate,0.06861328125,0.06861328125,0.0,0.0,0.0,0.0,0.0,True
0.75,32,1.0,-1,1.0,PC_ORACLE,Oracle,0.052025828389035175,0.06861328125,-0.016587452860964823,0.02663008773508957,0.339193931057989,0.0,24.17528000231709,True
0.75,32,1.0,-1,1.0,PC_PAIRED_HOEFFDING,CMDO,0.0670657141190927,0.06861328125,-0.0015475671309072964,0.0029605928529030314,0.037084470683892555,0.0,2.255492089452138,True
0.75,32,1.0,-1,1.0,PC_PLUGIN,Plug-in,0.053593092919976076,0.06861328125,-0.015020188330023925,0.02669844711008954,0.3318422766533947,0.0,21.891080059698975,True
0.75,32,1.0,-1,1.0,PC_PLUGIN_VARGATE,Plug-in + gate,0.070348062930627,0.06861328125,0.001734781680626994,0.02389571273508951,0.14504209205047924,0.0,-2.528346770512435,False
0.75,32,1.0,-1,1.0,PC_USTAT_MCDIARMID,U-stat,0.06770535412009845,0.06861328125,-0.0009079271299015473,0.0018098882063751708,0.02211336863883759,0.0,1.3232527483905354,True
0.75,32,1.0,1,1.0,DIRECT_FULL,Direct,0.07107421875,0.07107421875,0.0,0.0,0.0,0.0,0.0,True
0.75,32,1.0,1,1.0,PC_DELONG,DeLong,0.06790178372525729,0.07107421875,-0.003172435024742703,0.023901649777503458,0.12320533828671733,0.0,4.46355243931923,True
0.75,32,1.0,1,1.0,PC_DELONG_VARGATE,DeLong + gate,0.07107421875,0.07107421875,0.0,0.0,0.0,0.0,0.0,True
0.75,32,1.0,1,1.0,PC_ORACLE,Oracle,0.05495141544834822,0.07107421875,-0.01612280330165178,0.026630087735089465,0.34228029048544634,0.0,22.684460814635088,True
0.75,32,1.0,1,1.0,PC_PAIRED_HOEFFDING,CMDO,0.06829221814657169,0.07107421875,-0.0027820006034283153,0.00497686601249308,0.03836466309674921,0.0,3.9142190408224753,True
0.75,32,1.0,1,1.0,PC_PLUGIN,Plug-in,0.054932878877605756,0.07107421875,-0.01614133987239424,0.02669844711008954,0.3384710365945341,0.0,22.710541397817675,True
0.75,32,1.0,1,1.0,PC_PLUGIN_VARGATE,Plug-in + gate,0.07540230857148435,0.07107421875,0.004328089821484345,0.026630087735089458,0.17828833033500582,0.0,-6.089535555372305,False
0.75,32,1.0,1,1.0,PC_USTAT_MCDIARMID,U-stat,0.06938994284776587,0.07107421875,-0.0016842759022341258,0.0030751249438263294,0.022984303039059663,0.0,2.369742407100517,True
0.75,32,1.5,-1,1.499999999999999,DIRECT_FULL,Direct,0.0676171875,0.0676171875,0.0,0.0,0.0,0.0,0.0,True
0.75,32,1.5,-1,1.499999999999999,PC_DELONG,DeLong,0.06362106681302998,0.0676171875,-0.003996120686970012,0.009817024166538334,0.08653500511352369,0.0,5.909918520302271,True
0.75,32,1.5,-1,1.499999999999999,PC_DELONG_VARGATE,DeLong + gate,0.0676171875,0.0676171875,0.0,0.0,0.0,0.0,0.0,True
0.75,32,1.5,-1,1.499999999999999,PC_ORACLE,Oracle,0.053858503731210886,0.0676171875,-0.013758683768789122,0.034904056014825935,0.33884981836422107,0.0,20.34790898214912,True
0.75,32,1.5,-1,1.499999999999999,PC_PAIRED_HOEFFDING,CMDO,0.06600275679154113,0.0676171875,-0.0016144307084588697,0.004027822948947111,0.03676473250480599,0.0,2.3876040517935793,True
0.75,32,1.5,-1,1.499999999999999,PC_PLUGIN,Plug-in,0.05456491631876625,0.0676171875,-0.013052271181233756,0.034904056014825935,0.33643223015746726,0.0,19.30318557132201,True
0.75,32,1.5,-1,1.499999999999999,PC_PLUGIN_VARGATE,Plug-in + gate,0.07054276569330115,0.0676171875,0.0029255781933011523,0.02813647788982591,0.11877638001716367,0.0,-4.3266783216932,False
0.75,32,1.5,-1,1.499999999999999,PC_USTAT_MCDIARMID,U-stat,0.06670629168290326,0.0676171875,-0.000910895817096736,0.002437822194947037,0.0215936876656448,0.0,1.3471365059316232,True
0.75,32,1.5,1,1.499999999999999,DIRECT_FULL,Direct,0.06873046875,0.06873046875,0.0,0.0,0.0,0.0,0.0,True
0.75,32,1.5,1,1.499999999999999,PC_DELONG,DeLong,0.06692923027649084,0.06873046875,-0.0018012384735091674,0.031338267867945926,0.12042425598680584,0.0,2.6207277591267064,True
0.75,32,1.5,1,1.499999999999999,PC_DELONG_VARGATE,DeLong + gate,0.06873046875,0.06873046875,0.0,0.0,0.0,0.0,0.0,True
0.75,32,1.5,1,1.499999999999999,PC_ORACLE,Oracle,0.055582875411451044,0.06873046875,-0.013147593338548954,0.034904056014825935,0.33603322843480954,0.0,19.129206562481006,True
0.75,32,1.5,1,1.499999999999999,PC_PAIRED_HOEFFDING,CMDO,0.06612393570078053,0.06873046875,-0.0026065330492194795,0.006287333963159918,0.03835032921365997,0.0,3.7923981847126087,True
0.75,32,1.5,1,1.499999999999999,PC_PLUGIN,Plug-in,0.05552325182921978,0.06873046875,-0.013207216920780227,0.03528222969315887,0.33446821127056275,0.0,19.21595641784448,True
0.75,32,1.5,1,1.499999999999999,PC_PLUGIN_VARGATE,Plug-in + gate,0.07643291921028779,0.06873046875,0.0077024504602877875,0.034904056014825935,0.15742085447454887,0.0,-11.206748041112103,False
0.75,32,1.5,1,1.499999999999999,PC_USTAT_MCDIARMID,U-stat,0.06712096714445842,0.06873046875,-0.0016095016055415823,0.003525448183023965,0.022484700131378054,0.0,2.341758516729997,True
0.75,32,2.0,-1,1.9999999999999991,DIRECT_FULL,Direct,0.06583984375,0.06583984375,0.0,0.0,0.0,0.0,0.0,True
0.75,32,2.0,-1,1.9999999999999991,PC_DELONG,DeLong,0.0630694262683089,0.06583984375,-0.0027704174816911005,0.009476010351150938,0.08535700840592415,0.0,4.207812965368863,True
0.75,32,2.0,-1,1.9999999999999991,PC_DELONG_VARGATE,DeLong + gate,0.06583984375,0.06583984375,0.0,0.0,0.0,0.0,0.0,True
0.75,32,2.0,-1,1.9999999999999991,PC_ORACLE,Oracle,0.06060755148258461,0.06583984375,-0.005232292267415387,0.039359554056569775,0.33158738579143715,0.0,7.946999824730594,True
0.75,32,2.0,-1,1.9999999999999991,PC_PAIRED_HOEFFDING,CMDO,0.06469921515375701,0.06583984375,-0.0011406285962429835,0.004220022722980101,0.03800028594557406,0.0,1.7324290752785854,True
0.75,32,2.0,-1,1.9999999999999991,PC_PLUGIN,Plug-in,0.06247659976051305,0.06583984375,-0.003363243989486952,0.03942791343156985,0.32972671981361046,0.0,5.108219883172116,True
0.75,32,2.0,-1,1.9999999999999991,PC_PLUGIN_VARGATE,Plug-in + gate,0.06995880640281951,0.06583984375,0.004118962652819503,0.025756038431569855,0.11024999999999999,0.0,-6.256033456670385,False
0.75,32,2.0,-1,1.9999999999999991,PC_USTAT_MCDIARMID,U-stat,0.06511334474682305,0.06583984375,-0.0007264990031769419,0.0024639004169302865,0.021845167347964933,0.0,1.1034336684265789,True
0.75,32,2.0,1,1.9999999999999991,DIRECT_FULL,Direct,0.0710546875,0.0710546875,0.0,0.0,0.0,0.0,0.0,True
0.75,32,2.0,1,1.9999999999999991,PC_DELONG,DeLong,0.07223689884980013,0.0710546875,0.001182211349800135,0.02570243065274234,0.12331449432721325,0.0,-1.6638048683278228,False
0.75,32,2.0,1,1.9999999999999991,PC_DELONG_VARGATE,DeLong + gate,0.0710546875,0.0710546875,0.0,0.0,0.0,0.0,0.0,True
0.75,32,2.0,1,1.9999999999999991,PC_ORACLE,Oracle,0.06638135627315331,0.0710546875,-0.004673331226846688,0.040726741556569857,0.330098581931226,0.0,6.577090676595676,True
0.75,32,2.0,1,1.9999999999999991,PC_PAIRED_HOEFFDING,CMDO,0.06924009316925829,0.0710546875,-0.0018145943307417152,0.006716175724887524,0.03791377110886224,0.0,2.553799607860796,True
0.75,32,2.0,1,1.9999999999999991,PC_PLUGIN,Plug-in,0.06600919029821589,0.0710546875,-0.005045497201784104,0.04110464826314663,0.334389436032667,0.0,7.1008646710100765,True
0.75,32,2.0,1,1.9999999999999991,PC_PLUGIN_VARGATE,Plug-in + gate,0.07986137450869166,0.0710546875,0.008806687008691652,0.03799236655656979,0.15888032664856833,0.0,-12.394237901182304,False
0.75,32,2.0,1,1.9999999999999991,PC_USTAT_MCDIARMID,U-stat,0.06992936514962605,0.0710546875,-0.0011253223503739412,0.00361974764816989,0.021559260728073747,0.0,1.5837411857929196,True
0.75,32,4.0,-1,4.0,DIRECT_FULL,Direct,0.07638671875,0.07638671875,0.0,0.0,0.0,0.0,0.0,True
0.75,32,4.0,-1,4.0,PC_DELONG,DeLong,0.07482338193928839,0.07638671875,-0.0015633368107116142,0.012026475169854394,0.0714933410477583,0.0,2.0466081490266963,True
0.75,32,4.0,-1,4.0,PC_DELONG_VARGATE,DeLong + gate,0.07638671875,0.07638671875,0.0,0.0,0.0,0.0,0.0,True
0.75,32,4.0,-1,4.0,PC_ORACLE,Oracle,0.07633191716442755,0.07638671875,-5.480158557245013e-05,0.049744940829884975,0.29819921501916585,0.0,0.07174229561005552,True
0.75,32,4.0,-1,4.0,PC_PAIRED_HOEFFDING,CMDO,0.07572202512052466,0.07638671875,-0.0006646936294753383,0.0060590098002740065,0.03305898613735371,0.0,0.8701691083901175,True
0.75,32,4.0,-1,4.0,PC_PLUGIN,Plug-in,0.08119557948597039,0.07638671875,0.004808860735970389,0.05506681609517896,0.3089612024940308,0.0,-6.29541471955215,False
0.75,32,4.0,-1,4.0,PC_PLUGIN_VARGATE,Plug-in + gate,0.07984855033463222,0.07638671875,0.003461831584632214,0.02871915984517896,0.063,0.0,-4.531981005706198,False
0.75,32,4.0,-1,4.0,PC_USTAT_MCDIARMID,U-stat,0.0758653723113867,0.07638671875,-0.0005213464386133127,0.0033682036325602955,0.020024731232749265,0.0,0.68250927274357,True
0.75,32,4.0,1,4.0,DIRECT_FULL,Direct,0.07021484375,0.07021484375,0.0,0.0,0.0,0.0,0.0,True
0.75,32,4.0,1,4.0,PC_DELONG,DeLong,0.07142708820950557,0.07021484375,0.001212244459505572,0.03439633260852377,0.10388270196186805,0.0,-1.7264788964307387,False
0.75,32,4.0,1,4.0,PC_DELONG_VARGATE,DeLong + gate,0.0703919740352264,0.07021484375,0.0001771302852264084,0.0,0.0008842474759866831,0.0,-0.2522690014907125,False
0.75,32,4.0,1,4.0,PC_ORACLE,Oracle,0.0687348446950456,0.07021484375,-0.001479999054954399,0.05654816645968338,0.30203824709741983,0.0,2.1078150657487082,True
0.75,32,4.0,1,4.0,PC_PAIRED_HOEFFDING,CMDO,0.06738992212982656,0.07021484375,-0.002824921620173442,0.008205241135151453,0.03509038773869383,0.0,4.02325415724285,True
0.75,32,4.0,1,4.0,PC_PLUGIN,Plug-in,0.07108101758224679,0.07021484375,0.0008661738322467877,0.057371745265526145,0.3194736364846046,0.0,-1.2336050128243459,False
0.75,32,4.0,1,4.0,PC_PLUGIN_VARGATE,Plug-in + gate,0.0755474798697204,0.07021484375,0.005332636119720398,0.03927787598351143,0.06583965830280727,0.0,-7.5947418450537985,False
0.75,32,4.0,1,4.0,PC_USTAT_MCDIARMID,U-stat,0.06838194025548819,0.07021484375,-0.0018329034945118129,0.004732517542184014,0.020826021735560883,0.0,2.6104216667317104,True
0.75,64,0.0,0,0.0,DIRECT_FULL,Direct,0.0475830078125,0.0475830078125,0.0,0.0,0.0,0.0,0.0,True
0.75,64,0.0,0,0.0,PC_DELONG,DeLong,0.04231940287728317,0.0475830078125,-0.00526360493521683,0.001026686054746251,0.1080824448319151,0.0,11.061942439532146,True
0.75,64,0.0,0,0.0,PC_DELONG_VARGATE,DeLong + gate,0.0475830078125,0.0475830078125,0.0,0.0,0.0,0.0,0.0,True
0.75,64,0.0,0,0.0,PC_ORACLE,Oracle,0.03092895507812499,0.0475830078125,-0.016654052734375008,-0.0013500976562500935,0.35,0.0,35.00000000000002,True
0.75,64,0.0,0,0.0,PC_PAIRED_HOEFFDING,CMDO,0.04571888561729143,0.0475830078125,-0.001864122195208574,9.692773783902644e-05,0.03798009609399524,0.0,3.917621606759525,True
0.75,64,0.0,0,0.0,PC_PLUGIN,Plug-in,0.030883519695679654,0.0475830078125,-0.016699488116820347,-0.0013500976562500935,0.34800060190429194,0.0,35.09548657080356,True
0.75,64,0.0,0,0.0,PC_PLUGIN_VARGATE,Plug-in + gate,0.039817382812499996,0.0475830078125,-0.0077656250000000026,0.0,0.23625,0.0,16.320164186762455,True
0.75,64,0.0,0,0.0,PC_USTAT_MCDIARMID,U-stat,0.04650904998328242,0.0475830078125,-0.0010739578292175845,8.237053418825854e-05,0.02191747659384496,0.0,2.257019634928281,True
0.75,64,0.25,-1,0.24999999999999978,DIRECT_FULL,Direct,0.050185546875,0.050185546875,0.0,0.0,0.0,0.0,0.0,True
0.75,64,0.25,-1,0.24999999999999978,PC_DELONG,DeLong,0.045632030396588835,0.050185546875,-0.004553516478411161,0.0019158361288897027,0.09733777469999959,0.0,9.073362276499386,True
0.75,64,0.25,-1,0.24999999999999978,PC_DELONG_VARGATE,DeLong + gate,0.050185546875,0.050185546875,0.0,0.0,0.0,0.0,0.0,True
0.75,64,0.25,-1,0.24999999999999978,PC_ORACLE,Oracle,0.03203617854000003,0.050185546875,-0.018149368334999968,0.008333837800285626,0.34989455990493157,0.0,36.16453235072966,True
0.75,64,0.25,-1,0.24999999999999978,PC_PAIRED_HOEFFDING,CMDO,0.04860205200026098,0.050185546875,-0.001583494874739026,0.00070661340318322,0.034548837412212555,0.0,3.1552807000053695,True
0.75,64,0.25,-1,0.24999999999999978,PC_PLUGIN,Plug-in,0.03247706072041262,0.050185546875,-0.01770848615458738,0.008333837800285626,0.34470205129721054,0.0,35.286028064404505,True
0.75,64,0.25,-1,0.24999999999999978,PC_PLUGIN_VARGATE,Plug-in + gate,0.047206559294101405,0.050185546875,-0.002978987580898596,0.008333837800285626,0.18724999999999997,0.0,5.935947232613659,True
0.75,64,0.25,-1,0.24999999999999978,PC_USTAT_MCDIARMID,U-stat,0.04924903200061692,0.050185546875,-0.0009365148743830742,0.0004131367128026919,0.02069757268285731,0.0,1.866104750667974,True
0.75,64,0.25,1,0.24999999999999978,DIRECT_FULL,Direct,0.0467919921875,0.0467919921875,0.0,0.0,0.0,0.0,0.0,True
0.75,64,0.25,1,0.24999999999999978,PC_DELONG,DeLong,0.04242424178697309,0.0467919921875,-0.004367750400526904,0.006559124670056348,0.1110654088273855,0.0,9.334397182801945,True
0.75,64,0.25,1,0.24999999999999978,PC_DELONG_VARGATE,DeLong + gate,0.0467919921875,0.0467919921875,0.0,0.0,0.0,0.0,0.0,True
0.75,64,0.25,1,0.24999999999999978,PC_ORACLE,Oracle,0.03224645896269356,0.0467919921875,-0.014545533224806435,0.009359228425285582,0.35,0.0,31.08551815131335,True
0.75,64,0.25,1,0.24999999999999978,PC_PAIRED_HOEFFDING,CMDO,0.04504558331050947,0.0467919921875,-0.0017464088769905306,0.0016547950943621265,0.03758465065999392,0.0,3.7322815194371306,True
0.75,64,0.25,1,0.24999999999999978,PC_PLUGIN,Plug-in,0.03227267616683199,0.0467919921875,-0.014519316020668006,0.009359228425285693,0.34682946344969123,0.0,31.02948889734747,True
0.75,64,0.25,1,0.24999999999999978,PC_PLUGIN_VARGATE,Plug-in + gate,0.04225242991856064,0.0467919921875,-0.004539562268939359,0.009359228425285476,0.22693078469302286,0.0,9.701579387235537,True
0.75,64,0.25,1,0.24999999999999978,PC_USTAT_MCDIARMID,U-stat,0.04576084678560881,0.0467919921875,-0.0010311454018911875,0.0010101832472115713,0.021954343381721766,0.0,2.2036792059617616,True
0.75,64,0.5,-1,0.5000000000000004,DIRECT_FULL,Direct,0.0444921875,0.0444921875,0.0,0.0,0.0,0.0,0.0,True
0.75,64,0.5,-1,0.5000000000000004,PC_DELONG,DeLong,0.04027996061506561,0.0444921875,-0.0042122268849343865,0.003731269278479755,0.0991917609186112,0.0,9.467340496428477,True
0.75,64,0.5,-1,0.5000000000000004,PC_DELONG_VARGATE,DeLong + gate,0.0444921875,0.0444921875,0.0,0.0,0.0,0.0,0.0,True
0.75,64,0.5,-1,0.5000000000000004,PC_ORACLE,Oracle,0.030753858664025267,0.0444921875,-0.013738328835974731,0.01195411084594362,0.349788703551281,0.0,30.87807007910037,True
0.75,64,0.5,-1,0.5000000000000004,PC_PAIRED_HOEFFDING,CMDO,0.04293137814109839,0.0444921875,-0.0015608093589016142,0.0012650342424945886,0.036945035939738864,0.0,3.5080526416050306,True
0.75,64,0.5,-1,0.5000000000000004,PC_PLUGIN,Plug-in,0.031154754462372255,0.0444921875,-0.013337433037627746,0.01195411084594362,0.3460123648765982,0.0,29.97702245507202,True
0.75,64,0.5,-1,0.5000000000000004,PC_PLUGIN_VARGATE,Plug-in + gate,0.041864501433531036,0.0444921875,-0.00262768606646897,0.01195411084594362,0.217,0.0,5.905949368007512,True
0.75,64,0.5,-1,0.5000000000000004,PC_USTAT_MCDIARMID,U-stat,0.04359220943531335,0.0444921875,-0.0008999780646866545,0.000790663980501277,0.02180302678007383,0.0,2.022777739769832,True
0.75,64,0.5,1,0.5000000000000004,DIRECT_FULL,Direct,0.0516552734375,0.0516552734375,0.0,0.0,0.0,0.0,0.0,True
0.75,64,0.5,1,0.5000000000000004,PC_DELONG,DeLong,0.04705688387024036,0.0516552734375,-0.004598389567259636,0.008284163776233484,0.10964119651157157,0.0,8.9020718723393,True
0.75,64,0.5,1,0.5000000000000004,PC_DELONG_VARGATE,DeLong + gate,0.0516552734375,0.0516552734375,0.0,0.0,0.0,0.0,0.0,True
0.75,64,0.5,1,0.5000000000000004,PC_ORACLE,Oracle,0.03645196133328092,0.0516552734375,-0.01520331210421908,0.01212745068969369,0.349877772434105,0.0,29.432255590737,True
0.75,64,0.5,1,0.5000000000000004,PC_PAIRED_HOEFFDING,CMDO,0.04968407890737326,0.0516552734375,-0.0019711945301267423,0.002176431977523807,0.03664765574571649,0.0,3.8160567139612134,True
0.75,64,0.5,1,0.5000000000000004,PC_PLUGIN,Plug-in,0.03666497303021366,0.0516552734375,-0.014990300407286338,0.01279395459594374,0.34383028787348885,0.0,29.019883953230384,True
0.75,64,0.5,1,0.5000000000000004,PC_PLUGIN_VARGATE,Plug-in + gate,0.04894403916576691,0.0516552734375,-0.002711234271733094,0.010435556158443687,0.21637549213840152,0.0,5.248707617458526,True
0.75,64,0.5,1,0.5000000000000004,PC_USTAT_MCDIARMID,U-stat,0.05045711814924391,0.0516552734375,-0.0011981552882560913,0.0012520995995803745,0.02159585012200257,0.0,2.3195217226093967,True
0.75,64,0.75,-1,0.7499999999999986,DIRECT_FULL,Direct,0.045595703125,0.045595703125,0.0,0.0,0.0,0.0,0.0,True
0.75,64,0.75,-1,0.7499999999999986,PC_DELONG,DeLong,0.042447688761998253,0.045595703125,-0.0031480143630017447,0.005033142330427686,0.09745614348406073,0.0,6.904190849676128,True
0.75,64,0.75,-1,0.7499999999999986,PC_DELONG_VARGATE,DeLong + gate,0.045595703125,0.045595703125,0.0,0.0,0.0,0.0,0.0,True
0.75,64,0.75,-1,0.7499999999999986,PC_ORACLE,Oracle,0.034207663650255495,0.045595703125,-0.011388039474744508,0.016967369240710524,0.3494065216943706,0.0,24.97612427101814,True
0.75,64,0.75,-1,0.7499999999999986,PC_PAIRED_HOEFFDING,CMDO,0.04439836214074393,0.045595703125,-0.0011973409842560713,0.001756703653384738,0.03681956758691323,0.0,2.625995219272259,True
0.75,64,0.75,-1,0.7499999999999986,PC_PLUGIN,Plug-in,0.03474005870804833,0.045595703125,-0.010855644416951662,0.016967369240710524,0.3452531357656435,0.0,23.80848122287108,True
0.75,64,0.75,-1,0.7499999999999986,PC_PLUGIN_VARGATE,Plug-in + gate,0.04650294343595505,0.045595703125,0.0009072403109550475,0.01654500595946068,0.19949999999999998,0.0,-1.989749578963318,False
0.75,64,0.75,-1,0.7499999999999986,PC_USTAT_MCDIARMID,U-stat,0.044867029212329414,0.045595703125,-0.000728673912670586,0.001064541349619291,0.0218855086592107,0.0,1.598119697097189,True
0.75,64,0.75,1,0.7499999999999986,DIRECT_FULL,Direct,0.0482666015625,0.0482666015625,0.0,0.0,0.0,0.0,0.0,True
0.75,64,0.75,1,0.7499999999999986,PC_DELONG,DeLong,0.04445311550487533,0.0482666015625,-0.003813486057624664,0.010363170852460937,0.11006208608245885,0.0,7.900879560966434,True
0.75,64,0.75,1,0.7499999999999986,PC_DELONG_VARGATE,DeLong + gate,0.0482666015625,0.0482666015625,0.0,0.0,0.0,0.0,0.0,True
0.75,64,0.75,1,0.7499999999999986,PC_ORACLE,Oracle,0.035190502207059465,0.0482666015625,-0.013076099355440528,0.016869712990710606,0.3495994820279541,0.0,27.091402609956717,True
0.75,64,0.75,1,0.7499999999999986,PC_PAIRED_HOEFFDING,CMDO,0.04635550349497664,0.0482666015625,-0.0019110980675233636,0.0025373190001934153,0.036855432223719106,0.0,3.959462662911306,True
0.75,64,0.75,1,0.7499999999999986,PC_PLUGIN,Plug-in,0.03539296933577449,0.0482666015625,-0.01287363222672551,0.017211509865710628,0.34320559328424954,0.0,26.671925948744402,True
0.75,64,0.75,1,0.7499999999999986,PC_PLUGIN_VARGATE,Plug-in + gate,0.0473811141127785,0.0482666015625,-0.000885487449721497,0.01654500595946058,0.21227191144455393,0.0,1.8345759201109035,True
0.75,64,0.75,1,0.7499999999999986,PC_USTAT_MCDIARMID,U-stat,0.04716388782125682,0.0482666015625,-0.0011027137412431825,0.001524280052319909,0.02137995902661954,0.0,2.284630998549342,True
0.75,64,1.0,-1,0.9999999999999991,DIRECT_FULL,Direct,0.0496533203125,0.0496533203125,0.0,0.0,0.0,0.0,0.0,True
0.75,64,1.0,-1,0.9999999999999991,PC_DELONG,DeLong,0.04621035512810542,0.0496533203125,-0.0034429651843945796,0.005485920269023442,0.09231520189979092,0.0,6.934007963064315,True
0.75,64,1.0,-1,0.9999999999999991,PC_DELONG_VARGATE,DeLong + gate,0.0496533203125,0.0496533203125,0.0,0.0,0.0,0.0,0.0,True
0.75,64,1.0,-1,0.9999999999999991,PC_ORACLE,Oracle,0.03605502712701077,0.0496533203125,-0.013598293185489226,0.018393749819321247,0.34979888756212824,0.0,27.38647304934796,True
0.75,64,1.0,-1,0.9999999999999991,PC_PAIRED_HOEFFDING,CMDO,0.04829237755884971,0.0496533203125,-0.001360942753650296,0.0020945393199444996,0.03594822334974888,0.0,2.7408897231544826,True
0.75,64,1.0,-1,0.9999999999999991,PC_PLUGIN,Plug-in,0.03671731610397421,0.0496533203125,-0.012936004208525791,0.018393749819321247,0.3432068129551371,0.0,26.05264688667599,True
0.75,64,1.0,-1,0.9999999999999991,PC_PLUGIN_VARGATE,Plug-in + gate,0.05060344034115491,0.0496533203125,0.0009501200286549089,0.017060742006821155,0.175,0.0,-1.913507541238335,False
0.75,64,1.0,-1,0.9999999999999991,PC_USTAT_MCDIARMID,U-stat,0.04886235658148929,0.0496533203125,-0.0007909637310107037,0.00112695845403874,0.020948420474508664,0.0,1.5929724860949235,True
0.75,64,1.0,1,0.9999999999999991,DIRECT_FULL,Direct,0.0484716796875,0.0484716796875,0.0,0.0,0.0,0.0,0.0,True
0.75,64,1.0,1,0.9999999999999991,PC_DELONG,DeLong,0.04650485359260836,0.0484716796875,-0.0019668260948916424,0.010771882558816436,0.11173780297183816,0.0,4.057680913003003,True
0.75,64,1.0,1,0.9999999999999991,PC_DELONG_VARGATE,DeLong + gate,0.0484716796875,0.0484716796875,0.0,0.0,0.0,0.0,0.0,True
0.75,64,1.0,1,0.9999999999999991,PC_ORACLE,Oracle,0.03951759402616646,0.0484716796875,-0.008954085661333539,0.019077343569321288,0.34919359376349246,0.0,18.4728190132075,True
0.75,64,1.0,1,0.9999999999999991,PC_PAIRED_HOEFFDING,CMDO,0.04710611180825331,0.0484716796875,-0.0013655678792466913,0.00259143854673019,0.03638643620159404,0.0,2.8172489339147955,True
0.75,64,1.0,1,0.9999999999999991,PC_PLUGIN,Plug-in,0.039768605135344234,0.0484716796875,-0.008703074552155764,0.01941914044432131,0.3434989820507657,0.0,17.95496794884155,True
0.75,64,1.0,1,0.9999999999999991,PC_PLUGIN_VARGATE,Plug-in + gate,0.05115718850593933,0.0484716796875,0.0026855088184393337,0.01817217781494945,0.21289441457760114,0.0,-5.540366737346392,False
0.75,64,1.0,1,0.9999999999999991,PC_USTAT_MCDIARMID,U-stat,0.04765798319304368,0.0484716796875,-0.0008136964944563163,0.0015813836890311956,0.02104635941822635,0.0,1.6787049669049425,True
0.75,64,1.5,-1,1.4999999999999978,DIRECT_FULL,Direct,0.0463818359375,0.0463818359375,0.0,0.0,0.0,0.0,0.0,True
0.75,64,1.5,-1,1.4999999999999978,PC_DELONG,DeLong,0.044085685057951365,0.0463818359375,-0.0022961508795486395,0.006329872949492515,0.08701999683296528,0.0,4.950539005490684,True
0.75,64,1.5,-1,1.4999999999999978,PC_DELONG_VARGATE,DeLong + gate,0.0463818359375,0.0463818359375,0.0,0.0,0.0,0.0,0.0,True
0.75,64,1.5,-1,1.4999999999999978,PC_ORACLE,Oracle,0.03808167986687158,0.0463818359375,-0.008300156070628421,0.02305158953581321,0.3475858881089986,0.0,17.895272799923145,True
0.75,64,1.5,-1,1.4999999999999978,PC_PAIRED_HOEFFDING,CMDO,0.04534894817063006,0.0463818359375,-0.0010328877668699366,0.002330068657317852,0.03461700744116657,0.0,2.226922988261537,True
0.75,64,1.5,-1,1.4999999999999978,PC_PLUGIN,Plug-in,0.03865609560240655,0.0463818359375,-0.007725740335093447,0.02305158953581321,0.3400355542638044,0.0,16.65682304060573,True
0.75,64,1.5,-1,1.4999999999999978,PC_PLUGIN_VARGATE,Plug-in + gate,0.04962417669477123,0.0463818359375,0.0032423407572712286,0.021147292660813173,0.13824999999999998,0.0,-6.990539920930083,False
0.75,64,1.5,-1,1.4999999999999978,PC_USTAT_MCDIARMID,U-stat,0.04576778794891622,0.0463818359375,-0.0006140479885837802,0.001365479736806624,0.02044863954793892,0.0,1.323897547762476,True
0.75,64,1.5,1,1.4999999999999978,DIRECT_FULL,Direct,0.0485888671875,0.0485888671875,0.0,0.0,0.0,0.0,0.0,True
0.75,64,1.5,1,1.4999999999999978,PC_DELONG,DeLong,0.04546469959236852,0.0485888671875,-0.0031241675951314786,0.013413168806135845,0.10628204623125104,0.0,6.429801261008217,True
0.75,64,1.5,1,1.4999999999999978,PC_DELONG_VARGATE,DeLong + gate,0.0485888671875,0.0485888671875,0.0,0.0,0.0,0.0,0.0,True
0.75,64,1.5,1,1.4999999999999978,PC_ORACLE,Oracle,0.038576969591641544,0.0485888671875,-0.010011897595858455,0.02458235125456316,0.34898299067328864,0.0,20.605332405103127,True
0.75,64,1.5,1,1.4999999999999978,PC_PAIRED_HOEFFDING,CMDO,0.04654575237269383,0.0485888671875,-0.0020431148148061674,0.0035162966593684656,0.03583057318813994,0.0,4.204903166237606,True
0.75,64,1.5,1,1.4999999999999978,PC_PLUGIN,Plug-in,0.03919952843058119,0.0485888671875,-0.009389338756918806,0.02490705828581319,0.3385114588550755,0.0,19.32405363699098,True
0.75,64,1.5,1,1.4999999999999978,PC_PLUGIN_VARGATE,Plug-in + gate,0.05330681861455838,0.0485888671875,0.004717951427058388,0.02305158953581321,0.18096862372340014,0.0,-9.709943244513685,False
0.75,64,1.5,1,1.4999999999999978,PC_USTAT_MCDIARMID,U-stat,0.04738944275205045,0.0485888671875,-0.0011994244354495503,0.0019902955678659105,0.020811885211437932,0.0,2.4685169769879334,True
0.75,64,2.0,-1,2.0000000000000018,DIRECT_FULL,Direct,0.04283203125,0.04283203125,0.0,0.0,0.0,0.0,0.0,True
0.75,64,2.0,-1,2.0000000000000018,PC_DELONG,DeLong,0.04114135547584308,0.04283203125,-0.00169067577415692,0.007796868817915575,0.08296189845621509,0.0,3.9472229656559277,True
0.75,64,2.0,-1,2.0000000000000018,PC_DELONG_VARGATE,DeLong + gate,0.04283203125,0.04283203125,0.0,0.0,0.0,0.0,0.0,True
0.75,64,2.0,-1,2.0000000000000018,PC_ORACLE,Oracle,0.03890622082556792,0.04283203125,-0.003925810424432078,0.028988788098137486,0.3443589588012418,0.0,9.165594789371756,True
0.75,64,2.0,-1,2.0000000000000018,PC_PAIRED_HOEFFDING,CMDO,0.04190463335534501,0.04283203125,-0.0009273978946549876,0.0030240210310440827,0.03413214333227714,0.0,2.1651970910321783,True
0.75,64,2.0,-1,2.0000000000000018,PC_PLUGIN,Plug-in,0.03955405953673105,0.04283203125,-0.0032779717132689545,0.02931349512938731,0.3386454923581683,0.0,7.653084893724127,True
0.75,64,2.0,-1,2.0000000000000018,PC_PLUGIN_VARGATE,Plug-in + gate,0.047321002592160585,0.04283203125,0.0044889713421605824,0.024562518566887313,0.1225,0.0,-10.48040732871054,False
0.75,64,2.0,-1,2.0000000000000018,PC_USTAT_MCDIARMID,U-stat,0.04229884460417511,0.04283203125,-0.0005331866458248974,0.0017303603609769838,0.019946379793294108,0.0,1.2448315670877563,True
0.75,64,2.0,1,2.0000000000000018,DIRECT_FULL,Direct,0.04484375,0.04484375,0.0,0.0,0.0,0.0,0.0,True
0.75,64,2.0,1,2.0000000000000018,PC_DELONG,DeLong,0.043190616541163365,0.04484375,-0.0016531334588366332,0.01576410489769488,0.10570604907485627,0.0,3.686430012736752,True
0.75,64,2.0,1,2.0000000000000018,PC_DELONG_VARGATE,DeLong + gate,0.04484375,0.04484375,0.0,0.0,0.0,0.0,0.0,True
0.75,64,2.0,1,2.0000000000000018,PC_ORACLE,Oracle,0.039260080705288344,0.04484375,-0.005583669294711653,0.028629901379387375,0.34774654926602167,0.0,12.4513879742699,True
0.75,64,2.0,1,2.0000000000000018,PC_PAIRED_HOEFFDING,CMDO,0.04313361000713061,0.04484375,-0.0017101399928693855,0.0035063863667328774,0.03590189516069387,0.0,3.813552597339409,True
0.75,64,2.0,1,2.0000000000000018,PC_PLUGIN,Plug-in,0.03981964553102499,0.04484375,-0.0050241044689750105,0.02863624500588983,0.3384017805314483,0.0,11.203577909909434,True
0.75,64,2.0,1,2.0000000000000018,PC_PLUGIN_VARGATE,Plug-in + gate,0.05171921451925941,0.04484375,0.006875464519259414,0.025912616223137404,0.16345427494076809,0.0,-15.332046314724824,False
0.75,64,2.0,1,2.0000000000000018,PC_USTAT_MCDIARMID,U-stat,0.04384101574783611,0.04484375,-0.0010027342521638843,0.0020630813540089433,0.02072815084116562,0.0,2.2360624438497956,True
0.75,64,4.0,-1,3.9999999999999964,DIRECT_FULL,Direct,0.047509765625,0.047509765625,0.0,0.0,0.0,0.0,0.0,True
0.75,64,4.0,-1,3.9999999999999964,PC_DELONG,DeLong,0.04687985595538771,0.047509765625,-0.0006299096696122858,0.008904810448252113,0.07297476861332362,0.0,1.3258530353195908,True
0.75,64,4.0,-1,3.9999999999999964,PC_DELONG_VARGATE,DeLong + gate,0.047509765625,0.047509765625,0.0,0.0,0.0,0.0,0.0,True
0.75,64,4.0,-1,3.9999999999999964,PC_ORACLE,Oracle,0.04894453769404976,0.047509765625,0.001434772069049756,0.03792148127191108,0.31836085929384805,0.0,-3.0199518986782303,False
0.75,64,4.0,-1,3.9999999999999964,PC_PAIRED_HOEFFDING,CMDO,0.04707838466543732,0.047509765625,-0.0004313809595626844,0.004201134354911694,0.032725716500723284,0.0,0.9079837668904078,True
0.75,64,4.0,-1,3.9999999999999964,PC_PLUGIN,Plug-in,0.05194335710334458,0.047509765625,0.004433591478344573,0.040188378544892496,0.32806073556016085,0.0,-9.331958219578308,False
0.75,64,4.0,-1,3.9999999999999964,PC_PLUGIN_VARGATE,Plug-in + gate,0.05065482218612635,0.047509765625,0.0031450565611263496,0.025474023076142445,0.077,0.0,-6.61981072681066,False
0.75,64,4.0,-1,3.9999999999999964,PC_USTAT_MCDIARMID,U-stat,0.047186314491914204,0.047509765625,-0.0003234511330858003,0.002280818840991155,0.018938228250724706,0.0,0.6808097847479044,True
0.75,64,4.0,1,3.9999999999999964,DIRECT_FULL,Direct,0.0491015625,0.0491015625,0.0,0.0,0.0,0.0,0.0,True
0.75,64,4.0,1,3.9999999999999964,PC_DELONG,DeLong,0.05091609220512725,0.0491015625,0.0018145297051272546,0.021873547497392506,0.09431530004868437,0.0,-3.695462247514536,False
0.75,64,4.0,1,3.9999999999999964,PC_DELONG_VARGATE,DeLong + gate,0.0491015625,0.0491015625,0.0,0.0,0.0,0.0,0.0,True
0.75,64,4.0,1,3.9999999999999964,PC_ORACLE,Oracle,0.05077081684235002,0.0491015625,0.0016692543423500205,0.03901545951617463,0.31430180189395246,0.0,-3.3995951602355134,False
0.75,64,4.0,1,3.9999999999999964,PC_PAIRED_HOEFFDING,CMDO,0.048050052253779764,0.0491015625,-0.0010515102462202374,0.0051352136614023925,0.032400431782983644,0.0,2.1415005810054177,True
0.75,64,4.0,1,3.9999999999999964,PC_PLUGIN,Plug-in,0.05288773343377835,0.0491015625,0.0037861709337783573,0.03955295331669493,0.3240750696087335,0.0,-7.710897048904197,False
0.75,64,4.0,1,3.9999999999999964,PC_PLUGIN_VARGATE,Plug-in + gate,0.05315753556761143,0.0491015625,0.0040559730676114295,0.0268924801073924,0.06985994881191142,0.0,-8.260374743902354,False
0.75,64,4.0,1,3.9999999999999964,PC_USTAT_MCDIARMID,U-stat,0.04841842565639427,0.0491015625,-0.0006831368436057244,0.0027836015829539535,0.018765880169692998,0.0,1.3912731261978228,True
0.75,128,0.0,0,0.0,DIRECT_FULL,Direct,0.03593505859375,0.03593505859375,0.0,0.0,0.0,0.0,0.0,True
0.75,128,0.0,0,0.0,PC_DELONG,DeLong,0.031948441695504336,0.03593505859375,-0.003986616898245664,-7.834042302221236e-05,0.10412110691894327,0.0,11.093948512272734,True
0.75,128,0.0,0,0.0,PC_DELONG_VARGATE,DeLong + gate,0.03593505859375,0.03593505859375,0.0,0.0,0.0,0.0,0.0,True
0.75,128,0.0,0,0.0,PC_ORACLE,Oracle,0.023357788085937498,0.03593505859375,-0.012577270507812504,-0.0015338134765624416,0.35,0.0,35.00000000000001,True
0.75,128,0.0,0,0.0,PC_PAIRED_HOEFFDING,CMDO,0.03461620908994639,0.03593505859375,-0.0013188495038036108,-0.00011132145068678596,0.03585158393077483,0.0,3.670091424403543,True
0.75,128,0.0,0,0.0,PC_PLUGIN,Plug-in,0.023495941971543238,0.03593505859375,-0.012439116622206764,-0.0011877441406250274,0.34703979992460643,0.0,34.6155456787546,True
0.75,128,0.0,0,0.0,PC_PLUGIN_VARGATE,Plug-in + gate,0.0307269287109375,0.03593505859375,-0.005208129882812498,0.0,0.21525,0.0,14.493172090495277,True
0.75,128,0.0,0,0.0,PC_USTAT_MCDIARMID,U-stat,0.03515877775548285,0.03593505859375,-0.0007762808382671483,-6.001754160167573e-05,0.020922873702046242,0.0,2.1602325657600674,True
0.75,128,0.25,-1,0.24999999999999917,DIRECT_FULL,Direct,0.034698486328125,0.034698486328125,0.0,0.0,0.0,0.0,0.0,True
0.75,128,0.25,-1,0.24999999999999917,PC_DELONG,DeLong,0.031173939172971142,0.034698486328125,-0.003524547155153859,0.0014553956965304793,0.0992802764522347,0.0,10.157639505723981,True
0.75,128,0.25,-1,0.24999999999999917,PC_DELONG_VARGATE,DeLong + gate,0.034698486328125,0.034698486328125,0.0,0.0,0.0,0.0,0.0,True
0.75,128,0.25,-1,0.24999999999999917,PC_ORACLE,Oracle,0.022501189896974905,0.034698486328125,-0.012197296431150095,0.005688751371646705,0.35,0.0,35.15224357571911,True
0.75,128,0.25,-1,0.24999999999999917,PC_PAIRED_HOEFFDING,CMDO,0.0334691312537434,0.034698486328125,-0.0012293550743815978,0.00047101822696259235,0.03566954533678538,0.0,3.542964562650508,True
0.75,128,0.25,-1,0.24999999999999917,PC_PLUGIN,Plug-in,0.022659739862572095,0.034698486328125,-0.012038746465552905,0.005688751371646705,0.3454162140037387,0.0,34.695307316027936,True
0.75,128,0.25,-1,0.24999999999999917,PC_PLUGIN_VARGATE,Plug-in + gate,0.030764073233982607,0.034698486328125,-0.003934413094142391,0.005526397856021639,0.217,0.0,11.338860885563584,True
0.75,128,0.25,-1,0.24999999999999917,PC_USTAT_MCDIARMID,U-stat,0.03398593287536667,0.034698486328125,-0.000712553452758325,0.0002567891106427406,0.020733786575699294,0.0,2.053557743182488,True
0.75,128,0.25,1,0.24999999999999917,DIRECT_FULL,Direct,0.034935302734375,0.034935302734375,0.0,0.0,0.0,0.0,0.0,True
0.75,128,0.25,1,0.24999999999999917,PC_DELONG,DeLong,0.03159115670090449,0.034935302734375,-0.00334414603347051,0.0033152514258800335,0.10813968747307622,0.0,9.572397465386773,True
0.75,128,0.25,1,0.24999999999999917,PC_DELONG_VARGATE,DeLong + gate,0.034935302734375,0.034935302734375,0.0,0.0,0.0,0.0,0.0,True
0.75,128,0.25,1,0.24999999999999917,PC_ORACLE,Oracle,0.024546793573915534,0.034935302734375,-0.010388509160459468,0.004851349027896806,0.35,0.0,29.73642232170375,True
0.75,128,0.25,1,0.24999999999999917,PC_PAIRED_HOEFFDING,CMDO,0.03379311345334302,0.034935302734375,-0.0011421892810319744,0.0008328319545102768,0.035095731693390884,0.0,3.2694414864998578,True
0.75,128,0.25,1,0.24999999999999917,PC_PLUGIN,Plug-in,0.024681026576212784,0.034935302734375,-0.010254276158162217,0.005193145902896722,0.34591911024326316,0.0,29.35218920565529,True
0.75,128,0.25,1,0.24999999999999917,PC_PLUGIN_VARGATE,Plug-in + gate,0.03140007879874787,0.034935302734375,-0.0035352239356271293,0.004753082426334225,0.23099999999999998,0.0,10.119345358208687,True
0.75,128,0.25,1,0.24999999999999917,PC_USTAT_MCDIARMID,U-stat,0.03424348997143232,0.034935302734375,-0.0006918127629426818,0.0005171413916179812,0.020758551850252268,0.0,1.9802684070115761,True
0.75,128,0.5,-1,0.5000000000000012,DIRECT_FULL,Direct,0.033443603515625,0.033443603515625,0.0,0.0,0.0,0.0,0.0,True
0.75,128,0.5,-1,0.5000000000000012,PC_DELONG,DeLong,0.03025467005529087,0.033443603515625,-0.0031889334603341325,0.0024543457341926513,0.0986059436704743,0.0,9.535256746014975,True
0.75,128,0.5,-1,0.5000000000000012,PC_DELONG_VARGATE,DeLong + gate,0.033443603515625,0.033443603515625,0.0,0.0,0.0,0.0,0.0,True
0.75,128,0.5,-1,0.5000000000000012,PC_ORACLE,Oracle,0.0227342539401526,0.033443603515625,-0.0107093495754724,0.008792660534998175,0.35,0.0,32.022116188732305,True
0.75,128,0.5,-1,0.5000000000000012,PC_PAIRED_HOEFFDING,CMDO,0.032285099274265316,0.033443603515625,-0.001158504241359684,0.000766975174343903,0.03596406950725212,0.0,3.4640532705108473,True
0.75,128,0.5,-1,0.5000000000000012,PC_PLUGIN,Plug-in,0.02289112813193512,0.033443603515625,-0.010552475383689879,0.008792660534998175,0.34613406282563575,0.0,31.553045349194264,True
0.75,128,0.5,-1,0.5000000000000012,PC_PLUGIN_VARGATE,Plug-in + gate,0.03190781499326311,0.033443603515625,-0.001535788522361889,0.008568661511560549,0.20125,0.0,4.592174170598473,True
0.75,128,0.5,-1,0.5000000000000012,PC_USTAT_MCDIARMID,U-stat,0.032772147170854526,0.033443603515625,-0.0006714563447704753,0.000479749258459583,0.02077713006053367,0.0,2.00772726078029,True
0.75,128,0.5,1,0.5000000000000012,DIRECT_FULL,Direct,0.036148681640625,0.036148681640625,0.0,0.0,0.0,0.0,0.0,True
0.75,128,0.5,1,0.5000000000000012,PC_DELONG,DeLong,0.03260019925552802,0.036148681640625,-0.0035484823850969803,0.004357995996965567,0.10457666938634808,0.0,9.816353526733012,True
0.75,128,0.5,1,0.5000000000000012,PC_DELONG_VARGATE,DeLong + gate,0.036148681640625,0.036148681640625,0.0,0.0,0.0,0.0,0.0,True
0.75,128,0.5,1,0.5000000000000012,PC_ORACLE,Oracle,0.025052444035024334,0.036148681640625,-0.011096237605600667,0.0086260345584355,0.35,0.0,30.696105921413107,True
0.75,128,0.5,1,0.5000000000000012,PC_PAIRED_HOEFFDING,CMDO,0.034720851239982926,0.036148681640625,-0.0014278304006420733,0.0011000387182821924,0.03607472007727897,0.0,3.9498823631715307,True
0.75,128,0.5,1,0.5000000000000012,PC_PLUGIN,Plug-in,0.025197969415523686,0.036148681640625,-0.010950712225101317,0.008761093150633519,0.3453353566530897,0.0,30.29353140446087,True
0.75,128,0.5,1,0.5000000000000012,PC_PLUGIN_VARGATE,Plug-in + gate,0.03347110136921327,0.036148681640625,-0.002677580271411734,0.008617489636560505,0.22224999999999998,0.0,7.407131186777738,True
0.75,128,0.5,1,0.5000000000000012,PC_USTAT_MCDIARMID,U-stat,0.03532823087008798,0.036148681640625,-0.0008204507705370201,0.0007178300928039892,0.020766810630915657,0.0,2.269656134886444,True
0.75,128,0.75,-1,0.7499999999999991,DIRECT_FULL,Direct,0.036768798828125,0.036768798828125,0.0,0.0,0.0,0.0,0.0,True
0.75,128,0.75,-1,0.7499999999999991,PC_DELONG,DeLong,0.033549560864957216,0.036768798828125,-0.003219237963167785,0.003188443132838642,0.09298099259680137,0.0,8.75535254283406,True
0.75,128,0.75,-1,0.7499999999999991,PC_DELONG_VARGATE,DeLong + gate,0.036768798828125,0.036768798828125,0.0,0.0,0.0,0.0,0.0,True
0.75,128,0.75,-1,0.7499999999999991,PC_ORACLE,Oracle,0.024333811177344386,0.036768798828125,-0.012434987650780615,0.011175978242190318,0.35,0.0,33.81940135958128,True
0.75,128,0.75,-1,0.7499999999999991,PC_PAIRED_HOEFFDING,CMDO,0.035579487184729454,0.036768798828125,-0.0011893116433955454,0.0009769556806536227,0.034302911742359325,0.0,3.2345675716929367,True
0.75,128,0.75,-1,0.7499999999999991,PC_PLUGIN,Plug-in,0.02465163178810913,0.036768798828125,-0.012117167040015865,0.011175978242190318,0.34506644771945233,0.0,32.955025527641844,True
0.75,128,0.75,-1,0.7499999999999991,PC_PLUGIN_VARGATE,Plug-in + gate,0.03533774498047012,0.036768798828125,-0.0014310538476548817,0.011166822968752715,0.19949999999999998,0.0,3.8920331728656943,True
0.75,128,0.75,-1,0.7499999999999991,PC_USTAT_MCDIARMID,U-stat,0.0360680888047149,0.036768798828125,-0.0007007100234101026,0.0006303014588990907,0.020147823671949783,0.0,1.9057191035409038,True
0.75,128,0.75,1,0.7499999999999991,DIRECT_FULL,Direct,0.03229248046875,0.03229248046875,0.0,0.0,0.0,0.0,0.0,True
0.75,128,0.75,1,0.7499999999999991,PC_DELONG,DeLong,0.029710276259712,0.03229248046875,-0.002582204209037998,0.0065981285773563806,0.10724100511491023,0.0,7.996301837317354,True
0.75,128,0.75,1,0.7499999999999991,PC_DELONG_VARGATE,DeLong + gate,0.03229248046875,0.03229248046875,0.0,0.0,0.0,0.0,0.0,True
0.75,128,0.75,1,0.7499999999999991,PC_ORACLE,Oracle,0.023988405490626134,0.03229248046875,-0.008304074978123866,0.011525709687502833,0.35,0.0,25.71519702910362,True
0.75,128,0.75,1,0.7499999999999991,PC_PAIRED_HOEFFDING,CMDO,0.0310806926671032,0.03229248046875,-0.0012117878016467993,0.0016578777398281173,0.03595042471428438,0.0,3.752538622170787,True
0.75,128,0.75,1,0.7499999999999991,PC_PLUGIN,Plug-in,0.02425596845563546,0.03229248046875,-0.008036512013114543,0.011944410859377827,0.3436318250373301,0.0,24.886635824992187,True
0.75,128,0.75,1,0.7499999999999991,PC_PLUGIN_VARGATE,Plug-in + gate,0.03257466617343893,0.03229248046875,0.00028218570468893536,0.011357863007815308,0.19949999999999998,0.0,-0.8738433858062056,False
0.75,128,0.75,1,0.7499999999999991,PC_USTAT_MCDIARMID,U-stat,0.031606546008041365,0.03229248046875,-0.0006859344607086354,0.0010262865161120125,0.020890287562376413,0.0,2.1241306048707775,True
0.75,128,1.0,-1,1.000000000000002,DIRECT_FULL,Direct,0.034205322265625,0.034205322265625,0.0,0.0,0.0,0.0,0.0,True
0.75,128,1.0,-1,1.000000000000002,PC_DELONG,DeLong,0.031370120948756776,0.034205322265625,-0.00283520131686822,0.004132111803350557,0.09035674996209352,0.0,8.288772416325063,True
0.75,128,1.0,-1,1.000000000000002,PC_DELONG_VARGATE,DeLong + gate,0.034205322265625,0.034205322265625,0.0,0.0,0.0,0.0,0.0,True
0.75,128,1.0,-1,1.000000000000002,PC_ORACLE,Oracle,0.024006256831603227,0.034205322265625,-0.010199065434021772,0.013193298641730992,0.35,0.0,29.81718854983989,True
0.75,128,1.0,-1,1.000000000000002,PC_PAIRED_HOEFFDING,CMDO,0.03309311164530764,0.034205322265625,-0.0011122106203173565,0.0013764511671858657,0.03337857031860534,0.0,3.2515718217193457,True
0.75,128,1.0,-1,1.000000000000002,PC_PLUGIN,Plug-in,0.024479391262170688,0.034205322265625,-0.009725931003454312,0.013193298641730992,0.34380091366450544,0.0,28.433969801326764,True
0.75,128,1.0,-1,1.000000000000002,PC_PLUGIN_VARGATE,Plug-in + gate,0.0350309590041917,0.034205322265625,0.000825636738566703,0.012578064266731036,0.16449999999999998,0.0,-2.4137668756784025,False
0.75,128,1.0,-1,1.000000000000002,PC_USTAT_MCDIARMID,U-stat,0.03353926075450019,0.034205322265625,-0.0006660615111248081,0.000813250327629128,0.01987101005305294,0.0,1.9472452443290433,True
0.75,128,1.0,1,1.000000000000002,DIRECT_FULL,Direct,0.033984375,0.033984375,0.0,0.0,0.0,0.0,0.0,True
0.75,128,1.0,1,1.000000000000002,PC_DELONG,DeLong,0.031848273249218476,0.033984375,-0.0021361017507815255,0.006561989751407992,0.10589204845005933,0.0,6.28554078390885,True
0.75,128,1.0,1,1.000000000000002,PC_DELONG_VARGATE,DeLong + gate,0.033984375,0.033984375,0.0,0.0,0.0,0.0,0.0,True
0.75,128,1.0,1,1.000000000000002,PC_ORACLE,Oracle,0.02612942519977176,0.033984375,-0.007854949800228243,0.01326226836829337,0.35,0.0,23.11341550411987,True
0.75,128,1.0,1,1.000000000000002,PC_PAIRED_HOEFFDING,CMDO,0.0329776164903589,0.033984375,-0.0010067585096411008,0.0017572557104162943,0.035123423360472285,0.0,2.9624158444611637,True
0.75,128,1.0,1,1.000000000000002,PC_PLUGIN,Plug-in,0.02638937210633213,0.033984375,-0.007595002893667868,0.01326226836829337,0.34312997397582184,0.0,22.34851426182729,True
0.75,128,1.0,1,1.000000000000002,PC_PLUGIN_VARGATE,Plug-in + gate,0.03555707872583127,0.033984375,0.0015727037258312666,0.01326226836829337,0.20825,0.0,-4.627725905894309,False
0.75,128,1.0,1,1.000000000000002,PC_USTAT_MCDIARMID,U-stat,0.03338312364259478,0.033984375,-0.0006012513574052214,0.001007267016830554,0.020498849692855394,0.0,1.7691993965027186,True
0.75,128,1.5,-1,1.5000000000000002,DIRECT_FULL,Direct,0.035926513671875,0.035926513671875,0.0,0.0,0.0,0.0,0.0,True
0.75,128,1.5,-1,1.5000000000000002,PC_DELONG,DeLong,0.03354158731536506,0.035926513671875,-0.0023849263565099443,0.004628867591503077,0.08946078559437437,0.0,6.638346203842693,True
0.75,128,1.5,-1,1.5000000000000002,PC_DELONG_VARGATE,DeLong + gate,0.035926513671875,0.035926513671875,0.0,0.0,0.0,0.0,0.0,True
0.75,128,1.5,-1,1.5000000000000002,PC_ORACLE,Oracle,0.027644434023241512,0.035926513671875,-0.008282079648633487,0.015855009230151082,0.34994962926444595,0.0,23.052834250146283,True
0.75,128,1.5,-1,1.5000000000000002,PC_PAIRED_HOEFFDING,CMDO,0.034894260600485436,0.035926513671875,-0.0010322530713895673,0.0015377136216777273,0.034740659298378065,0.0,2.873234739160513,True
0.75,128,1.5,-1,1.5000000000000002,PC_PLUGIN,Plug-in,0.028144121378623023,0.035926513671875,-0.007782392293251977,0.015855009230151082,0.34290970521963304,0.0,21.66197467511134,True
0.75,128,1.5,-1,1.5000000000000002,PC_PLUGIN_VARGATE,Plug-in + gate,0.037403755330797754,0.035926513671875,0.0014772416589227506,0.014302274855151004,0.154,0.0,-4.111842502767549,False
0.75,128,1.5,-1,1.5000000000000002,PC_USTAT_MCDIARMID,U-stat,0.03533053184943468,0.035926513671875,-0.000595981822440318,0.0009447666562243994,0.020177404372489587,0.0,1.6588913354731782,True
0.75,128,1.5,1,1.5000000000000002,DIRECT_FULL,Direct,0.03366943359375,0.03366943359375,0.0,0.0,0.0,0.0,0.0,True
0.75,128,1.5,1,1.5000000000000002,PC_DELONG,DeLong,0.03197599142892271,0.03366943359375,-0.0016934421648272897,0.008552031656287278,0.10369719511581862,0.0,5.029612868633581,True
0.75,128,1.5,1,1.5000000000000002,PC_DELONG_VARGATE,DeLong + gate,0.03366943359375,0.03366943359375,0.0,0.0,0.0,0.0,0.0,True
0.75,128,1.5,1,1.5000000000000002,PC_ORACLE,Oracle,0.027542307078536252,0.03366943359375,-0.00612712651521375,0.017308866652026043,0.35,0.0,18.197890077815615,True
0.75,128,1.5,1,1.5000000000000002,PC_PAIRED_HOEFFDING,CMDO,0.032651456855388006,0.03366943359375,-0.0010179767383619932,0.002168509134966806,0.034670712902796136,0.0,3.0234447975714063,True
0.75,128,1.5,1,1.5000000000000002,PC_PLUGIN,Plug-in,0.02789397880549215,0.03366943359375,-0.005775454788257849,0.01739004340983863,0.34202114535974976,0.0,17.153406433691654,True
0.75,128,1.5,1,1.5000000000000002,PC_PLUGIN_VARGATE,Plug-in + gate,0.03647252367978101,0.03366943359375,0.0028030900860310094,0.01653555122233863,0.17674999999999996,0.0,-8.32532593168227,False
0.75,128,1.5,1,1.5000000000000002,PC_USTAT_MCDIARMID,U-stat,0.033092683271544646,0.03366943359375,-0.0005767503222053571,0.0012892414693918882,0.020143485934874413,0.0,1.712978986116398,True
0.75,128,2.0,-1,1.9999999999999973,DIRECT_FULL,Direct,0.03471923828125,0.03471923828125,0.0,0.0,0.0,0.0,0.0,True
0.75,128,2.0,-1,1.9999999999999973,PC_DELONG,DeLong,0.03289874703238255,0.03471923828125,-0.0018204912488674547,0.005426077874186297,0.083767971257503,0.0,5.243465407046688,True
0.75,128,2.0,-1,1.9999999999999973,PC_DELONG_VARGATE,DeLong + gate,0.03471923828125,0.03471923828125,0.0,0.0,0.0,0.0,0.0,True
0.75,128,2.0,-1,1.9999999999999973,PC_ORACLE,Oracle,0.026463392208244646,0.03471923828125,-0.00825584607300535,0.018754144312183467,0.34938456272317503,0.0,23.778880187771556,True
0.75,128,2.0,-1,1.9999999999999973,PC_PAIRED_HOEFFDING,CMDO,0.033915685474811545,0.03471923828125,-0.0008035528064384539,0.0019566010859602577,0.032728186191291135,0.0,2.3144309789550066,True
0.75,128,2.0,-1,1.9999999999999973,PC_PLUGIN,Plug-in,0.027631068440843776,0.03471923828125,-0.007088169840406225,0.018754144312183467,0.3361975749011146,0.0,20.415683613180434,True
0.75,128,2.0,-1,1.9999999999999973,PC_PLUGIN_VARGATE,Plug-in + gate,0.037507869485470434,0.03471923828125,0.0027886312042204324,0.016124139429370965,0.12774999999999997,0.0,-8.031948113695876,False
0.75,128,2.0,-1,1.9999999999999973,PC_USTAT_MCDIARMID,U-stat,0.03423499969805522,0.03471923828125,-0.00048423858319478154,0.001133947927854939,0.019142968775994338,0.0,1.3947269789507222,True
0.75,128,2.0,1,1.9999999999999973,DIRECT_FULL,Direct,0.03526611328125,0.03526611328125,0.0,0.0,0.0,0.0,0.0,True
0.75,128,2.0,1,1.9999999999999973,PC_DELONG,DeLong,0.03425200231414351,0.03526611328125,-0.0010141109671064918,0.008861292732656184,0.09960316038426953,0.0,2.8755960687214643,True
0.75,128,2.0,1,1.9999999999999973,PC_DELONG_VARGATE,DeLong + gate,0.03526611328125,0.03526611328125,0.0,0.0,0.0,0.0,0.0,True
0.75,128,2.0,1,1.9999999999999973,PC_ORACLE,Oracle,0.02979906957186269,0.03526611328125,-0.005467043709387309,0.019907708765308587,0.34969960377016257,0.0,15.50225755185214,True
0.75,128,2.0,1,1.9999999999999973,PC_PAIRED_HOEFFDING,CMDO,0.034246810517059044,0.03526611328125,-0.0010193027641909596,0.002385786245599647,0.034645191285076885,0.0,2.890317841554968,True
0.75,128,2.0,1,1.9999999999999973,PC_PLUGIN,Plug-in,0.030451521576759125,0.03526611328125,-0.004814591704490875,0.02010815332455858,0.3395236212995871,0.0,13.652175577427904,True
0.75,128,2.0,1,1.9999999999999973,PC_PLUGIN_VARGATE,Plug-in + gate,0.039270518261798046,0.03526611328125,0.004004404980548045,0.017716546655933488,0.17149999999999999,0.0,-11.354823676237324,False
0.75,128,2.0,1,1.9999999999999973,PC_USTAT_MCDIARMID,U-stat,0.03468366321686834,0.03526611328125,-0.0005824500643816616,0.0013498806329460544,0.01968853465968677,0.0,1.6515856446571608,True
0.75,128,4.0,-1,3.9999999999999973,DIRECT_FULL,Direct,0.034285888671875,0.034285888671875,0.0,0.0,0.0,0.0,0.0,True
0.75,128,4.0,-1,3.9999999999999973,PC_DELONG,DeLong,0.0342581388634511,0.034285888671875,-2.7749808423899734e-05,0.006781258781227267,0.07558270394046841,0.0,0.08093652957189557,True
0.75,128,4.0,-1,3.9999999999999973,PC_DELONG_VARGATE,DeLong + gate,0.034285888671875,0.034285888671875,0.0,0.0,0.0,0.0,0.0,True
0.75,128,4.0,-1,3.9999999999999973,PC_ORACLE,Oracle,0.03498133516629434,0.034285888671875,0.0006954464944193433,0.02617167208260131,0.32605454346018575,0.0,-2.0283752918728304,False
0.75,128,4.0,-1,3.9999999999999973,PC_PAIRED_HOEFFDING,CMDO,0.034031107263513286,0.034285888671875,-0.0002547814083617128,0.002761860464903564,0.031177806373316352,0.0,0.7431086614088978,True
0.75,128,4.0,-1,3.9999999999999973,PC_PLUGIN,Plug-in,0.0367138010096731,0.034285888671875,0.002427912337798099,0.028398926385024413,0.32767667356066554,0.0,-7.0813749675088244,False
0.75,128,4.0,-1,3.9999999999999973,PC_PLUGIN_VARGATE,Plug-in + gate,0.037307170567137615,0.034285888671875,0.003021281895262615,0.01889270079908693,0.091,0.0,-8.812027374226993,False
0.75,128,4.0,-1,3.9999999999999973,PC_USTAT_MCDIARMID,U-stat,0.03412945067649797,0.034285888671875,-0.00015643799537703228,0.0015308727600910454,0.01854066563060873,0.0,0.4562751657808395,True
0.75,128,4.0,1,3.9999999999999973,DIRECT_FULL,Direct,0.033258056640625,0.033258056640625,0.0,0.0,0.0,0.0,0.0,True
0.75,128,4.0,1,3.9999999999999973,PC_DELONG,DeLong,0.03367146499659449,0.033258056640625,0.0004134083559694923,0.012110537619682404,0.08855475140809566,0.0,-1.2430322085160928,False
0.75,128,4.0,1,3.9999999999999973,PC_DELONG_VARGATE,DeLong + gate,0.033258056640625,0.033258056640625,0.0,0.0,0.0,0.0,0.0,True
0.75,128,4.0,1,3.9999999999999973,PC_ORACLE,Oracle,0.0338262959397929,0.033258056640625,0.0005682392991679025,0.027992170224474287,0.32335124310780494,0.0,-1.7085763768704298,False
0.75,128,4.0,1,3.9999999999999973,PC_PAIRED_HOEFFDING,CMDO,0.032621173016438604,0.033258056640625,-0.0006368836241864007,0.003523650592326714,0.031225136791709997,0.0,1.9149754631436755,True
0.75,128,4.0,1,3.9999999999999973,PC_PLUGIN,Plug-in,0.03506787551780013,0.033258056640625,0.0018098188771751233,0.028568365333722135,0.3249275338377777,0.0,-5.441745730159164,False
0.75,128,4.0,1,3.9999999999999973,PC_PLUGIN_VARGATE,Plug-in + gate,0.036399729496427106,0.033258056640625,0.0031416728558021074,0.019037964470961895,0.07500212049912268,0.0,-9.446351269858999,False
0.75,128,4.0,1,3.9999999999999973,PC_USTAT_MCDIARMID,U-stat,0.03283189222635971,0.033258056640625,-0.0004261644142652904,0.0019329258459232664,0.01831417518618854,0.0,1.2813870000591865,True
